spend_date,channel,campaign,spend,attributed_revenue
2025-07-25,Shopify,Brand Search Always-On,30.99,139.75
2025-07-25,Amazon,Sponsored Products,58.05,219.69
2025-07-25,Amazon,Sponsored Display,27.17,51.86
2025-07-25,TikTok Shop,Creator Boost,72.84,224.19
2025-07-25,TikTok Shop,Spark Retargeting,20.95,63.79
2025-07-25,Shopify,Holiday Push,85.99,176.59
2025-07-26,Shopify,Brand Search Always-On,60.34,230.34
2025-07-26,Shopify,Prospecting Broad,79.42,107.28
2025-07-26,Amazon,Sponsored Products,72.02,165.76
2025-07-26,TikTok Shop,Spark Retargeting,19.37,50.48
2025-07-26,Shopify,Holiday Push,74.42,249.94
2025-07-27,Shopify,Brand Search Always-On,49.77,138.49
2025-07-27,Shopify,Prospecting Broad,83.01,109.82
2025-07-27,Amazon,Sponsored Products,58.34,146.35
2025-07-27,Amazon,Sponsored Display,34.31,44.55
2025-07-27,TikTok Shop,Creator Boost,75.52,279.67
2025-07-27,TikTok Shop,Spark Retargeting,33.72,85.62
2025-07-27,Shopify,Holiday Push,66.59,135.62
2025-07-27,Amazon,Clearance Remarketing,25.98,36.8
2025-07-28,Shopify,Brand Search Always-On,50.14,227.2
2025-07-28,Shopify,Prospecting Broad,69.13,97.67
2025-07-28,Amazon,Sponsored Products,78.98,266.59
2025-07-28,TikTok Shop,Creator Boost,70.92,324.21
2025-07-28,TikTok Shop,Spark Retargeting,27.27,85.64
2025-07-28,Shopify,Holiday Push,75.77,204.75
2025-07-28,Amazon,Clearance Remarketing,34.04,39.19
2025-07-29,Shopify,Brand Search Always-On,32.16,91.92
2025-07-29,Shopify,Prospecting Broad,98.91,127.72
2025-07-29,Amazon,Sponsored Products,51.32,137.68
2025-07-29,Amazon,Sponsored Display,32.36,59.49
2025-07-29,TikTok Shop,Spark Retargeting,31.08,67.82
2025-07-29,Shopify,Holiday Push,50.36,174.61
2025-07-29,Amazon,Clearance Remarketing,21.65,26.35
2025-07-30,Shopify,Brand Search Always-On,49.68,162.11
2025-07-30,Shopify,Prospecting Broad,70.08,99.55
2025-07-30,Amazon,Sponsored Products,76.37,295.31
2025-07-30,Amazon,Sponsored Display,25.51,38.6
2025-07-30,TikTok Shop,Creator Boost,56.88,271.29
2025-07-30,TikTok Shop,Spark Retargeting,19.92,63.56
2025-07-30,Shopify,Holiday Push,55.1,151.46
2025-07-30,Amazon,Clearance Remarketing,32.6,50.12
2025-07-31,Shopify,Brand Search Always-On,60.69,223.5
2025-07-31,Shopify,Prospecting Broad,67.57,83.13
2025-07-31,Amazon,Sponsored Products,70.02,179.73
2025-07-31,Amazon,Sponsored Display,25.92,47.87
2025-07-31,TikTok Shop,Creator Boost,46.52,134.16
2025-07-31,Shopify,Holiday Push,72.1,169.65
2025-07-31,Amazon,Clearance Remarketing,22.4,28.39
2025-08-01,Shopify,Brand Search Always-On,31.94,131.97
2025-08-01,Shopify,Prospecting Broad,100.83,122.55
2025-08-01,Amazon,Sponsored Display,21.96,38.22
2025-08-01,TikTok Shop,Creator Boost,75.62,347.49
2025-08-01,TikTok Shop,Spark Retargeting,19.24,64.54
2025-08-01,Shopify,Holiday Push,95.41,264.81
2025-08-01,Amazon,Clearance Remarketing,21.12,28.11
2025-08-02,Shopify,Brand Search Always-On,57.99,227.8
2025-08-02,Shopify,Prospecting Broad,76.63,129.53
2025-08-02,Amazon,Sponsored Products,54.32,178.96
2025-08-02,Amazon,Sponsored Display,45.33,69.49
2025-08-02,TikTok Shop,Creator Boost,60.41,217.52
2025-08-02,TikTok Shop,Spark Retargeting,21.96,49.74
2025-08-02,Shopify,Holiday Push,92.4,215.2
2025-08-02,Amazon,Clearance Remarketing,17.01,24.06
2025-08-03,Shopify,Prospecting Broad,50.1,89.48
2025-08-03,Amazon,Sponsored Products,75.45,278.31
2025-08-03,Amazon,Sponsored Display,48.72,60.82
2025-08-03,TikTok Shop,Creator Boost,58.46,216.36
2025-08-03,TikTok Shop,Spark Retargeting,18.56,38.75
2025-08-03,Shopify,Holiday Push,82.41,288.17
2025-08-03,Amazon,Clearance Remarketing,28.98,35.26
2025-08-04,Shopify,Brand Search Always-On,31.7,143.58
2025-08-04,Amazon,Sponsored Products,51.73,187.8
2025-08-04,Amazon,Sponsored Display,35.7,44.2
2025-08-04,TikTok Shop,Creator Boost,49.81,158.6
2025-08-04,TikTok Shop,Spark Retargeting,39.85,86.7
2025-08-04,Shopify,Holiday Push,47.47,163.61
2025-08-04,Amazon,Clearance Remarketing,26.83,32.05
2025-08-05,Shopify,Prospecting Broad,79.33,122.36
2025-08-05,Amazon,Sponsored Products,50.7,191.32
2025-08-05,Amazon,Sponsored Display,38.54,45.16
2025-08-05,TikTok Shop,Creator Boost,75.03,322.8
2025-08-05,TikTok Shop,Spark Retargeting,37.23,84.31
2025-08-05,Shopify,Holiday Push,63.4,219
2025-08-05,Amazon,Clearance Remarketing,20.58,19.65
2025-08-06,Shopify,Brand Search Always-On,39.32,172.36
2025-08-06,Shopify,Prospecting Broad,100.68,107.79
2025-08-06,Amazon,Sponsored Products,72.03,277.47
2025-08-06,Amazon,Sponsored Display,30.59,46.49
2025-08-06,TikTok Shop,Creator Boost,51.45,217.43
2025-08-06,TikTok Shop,Spark Retargeting,33.8,112.95
2025-08-06,Shopify,Holiday Push,50.88,109.78
2025-08-06,Amazon,Clearance Remarketing,17.76,15.87
2025-08-07,Shopify,Brand Search Always-On,47.03,157.85
2025-08-07,Shopify,Prospecting Broad,76.84,131.65
2025-08-07,Amazon,Sponsored Products,49.69,135.02
2025-08-07,Amazon,Sponsored Display,46.37,89.02
2025-08-07,TikTok Shop,Creator Boost,41.61,112.6
2025-08-07,TikTok Shop,Spark Retargeting,21.32,69.12
2025-08-07,Shopify,Holiday Push,68.73,153.23
2025-08-07,Amazon,Clearance Remarketing,21.23,26.67
2025-08-08,Shopify,Brand Search Always-On,41.34,151.26
2025-08-08,Shopify,Prospecting Broad,110.9,189.07
2025-08-08,Amazon,Sponsored Products,60.18,157.03
2025-08-08,Amazon,Sponsored Display,47.58,58.1
2025-08-08,TikTok Shop,Creator Boost,57.01,160.81
2025-08-08,TikTok Shop,Spark Retargeting,35.64,110.35
2025-08-08,Shopify,Holiday Push,84.05,253.38
2025-08-08,Amazon,Clearance Remarketing,32.84,35.05
2025-08-09,Amazon,Sponsored Products,55.74,192.32
2025-08-09,Amazon,Sponsored Display,42.33,44.98
2025-08-09,TikTok Shop,Creator Boost,64.51,254.85
2025-08-09,TikTok Shop,Spark Retargeting,35.35,80.18
2025-08-09,Shopify,Holiday Push,51.2,173.53
2025-08-09,Amazon,Clearance Remarketing,28.09,24.03
2025-08-10,Shopify,Brand Search Always-On,36.24,122.09
2025-08-10,Shopify,Prospecting Broad,56.99,65.32
2025-08-10,Amazon,Sponsored Products,71.6,272.11
2025-08-10,Amazon,Sponsored Display,28.37,30.3
2025-08-10,TikTok Shop,Creator Boost,38.71,176.86
2025-08-10,TikTok Shop,Spark Retargeting,34.44,95.28
2025-08-10,Shopify,Holiday Push,51.61,131.48
2025-08-10,Amazon,Clearance Remarketing,29.03,38.65
2025-08-11,Shopify,Brand Search Always-On,31.4,99.29
2025-08-11,Shopify,Prospecting Broad,107.07,126.38
2025-08-11,Amazon,Sponsored Products,49.39,148.49
2025-08-11,Amazon,Sponsored Display,45.48,75.38
2025-08-11,TikTok Shop,Spark Retargeting,32.85,98.6
2025-08-11,Shopify,Holiday Push,84.96,301.31
2025-08-11,Amazon,Clearance Remarketing,16.85,17.12
2025-08-12,Shopify,Brand Search Always-On,53.48,183.81
2025-08-12,Shopify,Prospecting Broad,91.03,149.23
2025-08-12,Amazon,Sponsored Products,64.41,197.93
2025-08-12,TikTok Shop,Creator Boost,41,154.88
2025-08-12,TikTok Shop,Spark Retargeting,37.44,80.84
2025-08-12,Amazon,Clearance Remarketing,25.87,24.63
2025-08-13,Shopify,Brand Search Always-On,33.71,112.79
2025-08-13,Shopify,Prospecting Broad,59.76,98.71
2025-08-13,Amazon,Sponsored Display,21.35,23.85
2025-08-13,TikTok Shop,Creator Boost,48.97,135.42
2025-08-13,TikTok Shop,Spark Retargeting,35.57,89.8
2025-08-13,Shopify,Holiday Push,83.85,287.43
2025-08-13,Amazon,Clearance Remarketing,29.41,30.71
2025-08-14,Shopify,Brand Search Always-On,60.5,226.65
2025-08-14,Shopify,Prospecting Broad,93.98,140.31
2025-08-14,Amazon,Sponsored Products,59.24,181.62
2025-08-14,Amazon,Sponsored Display,25.31,37.74
2025-08-14,TikTok Shop,Creator Boost,57.68,265.3
2025-08-14,TikTok Shop,Spark Retargeting,23.68,49.71
2025-08-14,Amazon,Clearance Remarketing,15.27,16.26
2025-08-15,Shopify,Brand Search Always-On,42.15,153.9
2025-08-15,Shopify,Prospecting Broad,100.38,117.36
2025-08-15,Amazon,Sponsored Products,77.71,179.83
2025-08-15,Amazon,Sponsored Display,41.21,76.03
2025-08-15,TikTok Shop,Creator Boost,47.75,221.14
2025-08-15,TikTok Shop,Spark Retargeting,36.79,94.82
2025-08-15,Shopify,Holiday Push,46.6,165.42
2025-08-15,Amazon,Clearance Remarketing,34.18,35.56
2025-08-16,Shopify,Brand Search Always-On,46.67,143.2
2025-08-16,Shopify,Prospecting Broad,53.59,61.38
2025-08-16,Amazon,Sponsored Products,75.93,258.74
2025-08-16,Amazon,Sponsored Display,45.35,83.19
2025-08-16,TikTok Shop,Creator Boost,56.29,221.51
2025-08-16,TikTok Shop,Spark Retargeting,24.72,59.91
2025-08-16,Shopify,Holiday Push,85.62,256.35
2025-08-16,Amazon,Clearance Remarketing,29.68,29.21
2025-08-17,Shopify,Brand Search Always-On,33.04,90.3
2025-08-17,Shopify,Prospecting Broad,63.53,91.14
2025-08-17,Amazon,Sponsored Products,64.89,261.86
2025-08-17,Amazon,Sponsored Display,35.33,58.64
2025-08-17,TikTok Shop,Creator Boost,49.72,161.07
2025-08-17,TikTok Shop,Spark Retargeting,24.17,44.26
2025-08-17,Shopify,Holiday Push,77.15,216.88
2025-08-17,Amazon,Clearance Remarketing,26.27,34.88
2025-08-18,Shopify,Brand Search Always-On,50.51,181.36
2025-08-18,Shopify,Prospecting Broad,60.08,63.2
2025-08-18,Amazon,Sponsored Products,60.83,210.99
2025-08-18,Amazon,Sponsored Display,38.48,68.39
2025-08-18,TikTok Shop,Creator Boost,35.88,112.45
2025-08-18,TikTok Shop,Spark Retargeting,31.15,94.3
2025-08-18,Shopify,Holiday Push,92.24,264.53
2025-08-18,Amazon,Clearance Remarketing,17.23,16.83
2025-08-19,Shopify,Brand Search Always-On,45.44,186.98
2025-08-19,Shopify,Prospecting Broad,67.12,82.45
2025-08-19,Amazon,Sponsored Products,80.26,248.42
2025-08-19,Amazon,Sponsored Display,46.04,85.99
2025-08-19,TikTok Shop,Creator Boost,36.36,120.72
2025-08-19,TikTok Shop,Spark Retargeting,26.04,47.85
2025-08-19,Shopify,Holiday Push,53.13,193.49
2025-08-19,Amazon,Clearance Remarketing,15.34,14.17
2025-08-20,Shopify,Brand Search Always-On,57.41,256.27
2025-08-20,Shopify,Prospecting Broad,64.46,106.07
2025-08-20,Amazon,Sponsored Display,31.13,42.23
2025-08-20,TikTok Shop,Creator Boost,39.84,153.49
2025-08-20,TikTok Shop,Spark Retargeting,40.36,125.91
2025-08-20,Shopify,Holiday Push,76.53,192.73
2025-08-20,Amazon,Clearance Remarketing,19.4,17.25
2025-08-21,Shopify,Brand Search Always-On,44.77,119.33
2025-08-21,Shopify,Prospecting Broad,62.88,65.99
2025-08-21,Amazon,Sponsored Products,73.24,187.17
2025-08-21,Amazon,Sponsored Display,22.57,36.23
2025-08-21,TikTok Shop,Creator Boost,41.36,160.41
2025-08-21,TikTok Shop,Spark Retargeting,28.93,76.15
2025-08-21,Shopify,Holiday Push,79.02,267.94
2025-08-22,Shopify,Brand Search Always-On,30.51,133.06
2025-08-22,Shopify,Prospecting Broad,76.86,108.86
2025-08-22,Amazon,Sponsored Products,57.02,225.93
2025-08-22,Amazon,Sponsored Display,22.5,30.46
2025-08-22,TikTok Shop,Creator Boost,42.55,175.47
2025-08-22,TikTok Shop,Spark Retargeting,30.51,80.32
2025-08-22,Shopify,Holiday Push,66.25,194.7
2025-08-22,Amazon,Clearance Remarketing,28.63,33.06
2025-08-23,Shopify,Brand Search Always-On,57.73,252.97
2025-08-23,Shopify,Prospecting Broad,111.5,186.37
2025-08-23,Amazon,Sponsored Products,39.39,150.12
2025-08-23,Amazon,Sponsored Display,23.71,40.76
2025-08-23,TikTok Shop,Creator Boost,37.5,163.68
2025-08-23,TikTok Shop,Spark Retargeting,33.37,65.47
2025-08-23,Shopify,Holiday Push,57.28,129.52
2025-08-24,Shopify,Brand Search Always-On,40.09,169.16
2025-08-24,Shopify,Prospecting Broad,87.2,103.75
2025-08-24,Amazon,Sponsored Products,53.27,141.82
2025-08-24,Amazon,Sponsored Display,22.27,24.58
2025-08-24,TikTok Shop,Creator Boost,38.62,103.67
2025-08-24,TikTok Shop,Spark Retargeting,36.66,85.96
2025-08-24,Shopify,Holiday Push,94.42,333.09
2025-08-24,Amazon,Clearance Remarketing,34.56,32.98
2025-08-25,Shopify,Brand Search Always-On,36.9,168.69
2025-08-25,Shopify,Prospecting Broad,85.68,119.99
2025-08-25,Amazon,Sponsored Products,76.36,250.4
2025-08-25,Amazon,Sponsored Display,23.64,38.68
2025-08-25,TikTok Shop,Creator Boost,73.31,239.7
2025-08-25,TikTok Shop,Spark Retargeting,40.8,108.01
2025-08-25,Shopify,Holiday Push,95.06,260.48
2025-08-25,Amazon,Clearance Remarketing,27.69,33.55
2025-08-26,Shopify,Brand Search Always-On,53.62,242.02
2025-08-26,Shopify,Prospecting Broad,93.16,134.03
2025-08-26,Amazon,Sponsored Products,42.34,104.83
2025-08-26,Amazon,Sponsored Display,42.9,68.6
2025-08-26,TikTok Shop,Creator Boost,75.01,341.41
2025-08-26,TikTok Shop,Spark Retargeting,34.71,79.45
2025-08-26,Shopify,Holiday Push,72.55,166.03
2025-08-27,Shopify,Brand Search Always-On,33.01,101.96
2025-08-27,Shopify,Prospecting Broad,91.35,112.67
2025-08-27,Amazon,Sponsored Products,40,110.79
2025-08-27,Amazon,Sponsored Display,27.99,37.82
2025-08-27,TikTok Shop,Creator Boost,71.04,202.95
2025-08-27,TikTok Shop,Spark Retargeting,26.11,83.7
2025-08-27,Shopify,Holiday Push,46.38,116.37
2025-08-27,Amazon,Clearance Remarketing,30.43,28.04
2025-08-28,Shopify,Brand Search Always-On,41.9,152.06
2025-08-28,Shopify,Prospecting Broad,60.44,96.88
2025-08-28,Amazon,Sponsored Display,34.23,60.68
2025-08-28,TikTok Shop,Creator Boost,39.92,171.99
2025-08-28,TikTok Shop,Spark Retargeting,26,75.39
2025-08-28,Shopify,Holiday Push,80.26,257.62
2025-08-28,Amazon,Clearance Remarketing,32.66,30.1
2025-08-29,Shopify,Brand Search Always-On,34.14,129.67
2025-08-29,Shopify,Prospecting Broad,79.46,102
2025-08-29,Amazon,Sponsored Products,61.12,171.43
2025-08-29,Amazon,Sponsored Display,42.75,77.34
2025-08-29,TikTok Shop,Creator Boost,50.23,163.3
2025-08-29,Shopify,Holiday Push,75.96,202.87
2025-08-29,Amazon,Clearance Remarketing,15.13,21.98
2025-08-30,Shopify,Brand Search Always-On,41.87,140.72
2025-08-30,Amazon,Sponsored Products,36.44,117.26
2025-08-30,TikTok Shop,Creator Boost,45.16,182.82
2025-08-30,TikTok Shop,Spark Retargeting,33.47,105.4
2025-08-30,Amazon,Clearance Remarketing,22.46,21.77
2025-08-31,Shopify,Brand Search Always-On,59.72,161.41
2025-08-31,Shopify,Prospecting Broad,67.73,98.5
2025-08-31,Amazon,Sponsored Products,52.01,199.61
2025-08-31,Amazon,Sponsored Display,26.57,45.44
2025-08-31,TikTok Shop,Creator Boost,33.23,149.84
2025-08-31,Shopify,Holiday Push,64.93,149.77
2025-08-31,Amazon,Clearance Remarketing,32.73,44.12
2025-09-01,Shopify,Brand Search Always-On,51.14,236.11
2025-09-01,Shopify,Prospecting Broad,98.31,109.92
2025-09-01,Amazon,Sponsored Products,58.3,238.33
2025-09-01,Amazon,Sponsored Display,27.24,37.95
2025-09-01,TikTok Shop,Creator Boost,43.71,201.7
2025-09-01,TikTok Shop,Spark Retargeting,28.75,67.84
2025-09-01,Shopify,Holiday Push,73.33,234.19
2025-09-01,Amazon,Clearance Remarketing,21.44,29.93
2025-09-02,Shopify,Brand Search Always-On,40.83,124.94
2025-09-02,Shopify,Prospecting Broad,110.93,199.37
2025-09-02,Amazon,Sponsored Products,42.46,122.18
2025-09-02,Amazon,Sponsored Display,21.48,27.99
2025-09-02,TikTok Shop,Spark Retargeting,37.16,79.55
2025-09-02,Shopify,Holiday Push,97.14,207.21
2025-09-02,Amazon,Clearance Remarketing,25.36,32.35
2025-09-03,Shopify,Brand Search Always-On,51.39,156.84
2025-09-03,Shopify,Prospecting Broad,102.25,164.39
2025-09-03,Amazon,Sponsored Products,80.3,256.88
2025-09-03,Amazon,Sponsored Display,35.95,65.68
2025-09-03,TikTok Shop,Creator Boost,55.54,255.42
2025-09-03,TikTok Shop,Spark Retargeting,25.28,47.11
2025-09-03,Shopify,Holiday Push,67.28,141.88
2025-09-03,Amazon,Clearance Remarketing,18.12,20.95
2025-09-04,Shopify,Brand Search Always-On,50.86,148.66
2025-09-04,Shopify,Prospecting Broad,94.87,168.55
2025-09-04,Amazon,Sponsored Products,68.3,219.09
2025-09-04,TikTok Shop,Creator Boost,56.6,221.95
2025-09-04,Shopify,Holiday Push,46.54,103.8
2025-09-04,Amazon,Clearance Remarketing,34.47,43.45
2025-09-05,Shopify,Brand Search Always-On,55.91,179.89
2025-09-05,Shopify,Prospecting Broad,59.27,61.43
2025-09-05,Amazon,Sponsored Products,46.57,125.04
2025-09-05,Amazon,Sponsored Display,31.19,53.22
2025-09-05,TikTok Shop,Creator Boost,34.01,103.2
2025-09-05,TikTok Shop,Spark Retargeting,41.83,91.81
2025-09-05,Shopify,Holiday Push,88.76,238.48
2025-09-05,Amazon,Clearance Remarketing,26.22,38.67
2025-09-06,Shopify,Brand Search Always-On,60.93,160.02
2025-09-06,Shopify,Prospecting Broad,87.98,150.49
2025-09-06,Amazon,Sponsored Products,38.06,96.53
2025-09-06,Amazon,Sponsored Display,21.86,41.58
2025-09-06,TikTok Shop,Creator Boost,60.91,247.02
2025-09-06,TikTok Shop,Spark Retargeting,37.38,73
2025-09-06,Shopify,Holiday Push,53.4,146.06
2025-09-06,Amazon,Clearance Remarketing,20.52,23.41
2025-09-07,Shopify,Brand Search Always-On,55.04,253.35
2025-09-07,Shopify,Prospecting Broad,101.41,158.5
2025-09-07,Amazon,Sponsored Products,55.2,179.19
2025-09-07,Amazon,Sponsored Display,42.53,71.73
2025-09-07,TikTok Shop,Creator Boost,59.74,233.68
2025-09-07,TikTok Shop,Spark Retargeting,30.85,60.37
2025-09-07,Shopify,Holiday Push,75.52,249.19
2025-09-07,Amazon,Clearance Remarketing,32.52,42.83
2025-09-08,Shopify,Brand Search Always-On,62.22,198.68
2025-09-08,Shopify,Prospecting Broad,87.91,105.68
2025-09-08,Amazon,Sponsored Products,69.26,158.56
2025-09-08,Amazon,Sponsored Display,33.42,45.72
2025-09-08,TikTok Shop,Creator Boost,38.74,103.25
2025-09-08,TikTok Shop,Spark Retargeting,25.44,74.33
2025-09-08,Shopify,Holiday Push,81.76,301.52
2025-09-08,Amazon,Clearance Remarketing,21.18,31.98
2025-09-09,Shopify,Brand Search Always-On,28.5,129.85
2025-09-09,Shopify,Prospecting Broad,97.56,174.76
2025-09-09,Amazon,Sponsored Products,49.66,168.85
2025-09-09,Amazon,Sponsored Display,25.69,40.5
2025-09-09,Shopify,Holiday Push,67.31,196.31
2025-09-09,Amazon,Clearance Remarketing,34.72,39.81
2025-09-10,Shopify,Prospecting Broad,96.29,99.22
2025-09-10,Amazon,Sponsored Products,50.17,113.95
2025-09-10,Amazon,Sponsored Display,43.68,70.55
2025-09-10,TikTok Shop,Creator Boost,70.75,319.52
2025-09-10,TikTok Shop,Spark Retargeting,41.07,116.58
2025-09-10,Shopify,Holiday Push,51.98,191.25
2025-09-10,Amazon,Clearance Remarketing,31.64,43.56
2025-09-11,Shopify,Brand Search Always-On,58.59,229.92
2025-09-11,Shopify,Prospecting Broad,56.34,74.65
2025-09-11,Amazon,Sponsored Products,73.38,294.6
2025-09-11,Amazon,Sponsored Display,41.98,61.48
2025-09-11,TikTok Shop,Creator Boost,63.62,250.89
2025-09-11,TikTok Shop,Spark Retargeting,28.98,72.44
2025-09-11,Amazon,Clearance Remarketing,31.77,45.25
2025-09-12,Shopify,Brand Search Always-On,54.24,178.37
2025-09-12,Shopify,Prospecting Broad,87.04,110.6
2025-09-12,Amazon,Sponsored Products,42.54,108.84
2025-09-12,Amazon,Sponsored Display,22.18,25.93
2025-09-12,TikTok Shop,Creator Boost,71.25,218.29
2025-09-12,TikTok Shop,Spark Retargeting,33.72,77.92
2025-09-12,Shopify,Holiday Push,92.62,276.87
2025-09-12,Amazon,Clearance Remarketing,15.92,19.61
2025-09-13,Shopify,Brand Search Always-On,59.89,207.88
2025-09-13,Shopify,Prospecting Broad,107.1,135.68
2025-09-13,Amazon,Sponsored Products,50.22,171.3
2025-09-13,Amazon,Sponsored Display,33.91,49.92
2025-09-13,TikTok Shop,Creator Boost,65.18,194.9
2025-09-13,TikTok Shop,Spark Retargeting,24.54,77.92
2025-09-13,Shopify,Holiday Push,46.88,131.84
2025-09-13,Amazon,Clearance Remarketing,18.6,20.67
2025-09-14,Shopify,Brand Search Always-On,47,167.04
2025-09-14,Amazon,Sponsored Products,46.48,160.76
2025-09-14,Amazon,Sponsored Display,38.96,49.5
2025-09-14,TikTok Shop,Creator Boost,47.45,212.39
2025-09-14,TikTok Shop,Spark Retargeting,19.88,55.58
2025-09-14,Shopify,Holiday Push,48.5,129.92
2025-09-14,Amazon,Clearance Remarketing,15.63,21.5
2025-09-15,Shopify,Brand Search Always-On,58.08,250.64
2025-09-15,Shopify,Prospecting Broad,107.61,109.12
2025-09-15,Amazon,Sponsored Products,46.54,157.91
2025-09-15,Amazon,Sponsored Display,26.85,46.64
2025-09-15,TikTok Shop,Spark Retargeting,38.64,75.88
2025-09-15,Shopify,Holiday Push,78.48,283.76
2025-09-15,Amazon,Clearance Remarketing,24.39,28.49
2025-09-16,Shopify,Brand Search Always-On,55.98,251.51
2025-09-16,Amazon,Sponsored Products,69.4,204.01
2025-09-16,Amazon,Sponsored Display,44.16,74.73
2025-09-16,TikTok Shop,Creator Boost,52.31,211.13
2025-09-16,TikTok Shop,Spark Retargeting,20.49,64.48
2025-09-16,Shopify,Holiday Push,46.87,167.92
2025-09-16,Amazon,Clearance Remarketing,24.11,26.84
2025-09-17,Shopify,Brand Search Always-On,33.38,108.19
2025-09-17,Amazon,Sponsored Products,77.26,273.24
2025-09-17,TikTok Shop,Creator Boost,74.96,233.71
2025-09-17,TikTok Shop,Spark Retargeting,37.35,112.65
2025-09-17,Shopify,Holiday Push,55.09,141.53
2025-09-17,Amazon,Clearance Remarketing,32.77,37.59
2025-09-18,Shopify,Brand Search Always-On,37.34,102.77
2025-09-18,Shopify,Prospecting Broad,83.87,130.33
2025-09-18,Amazon,Sponsored Products,62.35,163.15
2025-09-18,Amazon,Sponsored Display,40.7,43.84
2025-09-18,TikTok Shop,Creator Boost,72.12,254.57
2025-09-18,TikTok Shop,Spark Retargeting,34.64,77.67
2025-09-18,Shopify,Holiday Push,56.51,178.54
2025-09-18,Amazon,Clearance Remarketing,27.43,39.05
2025-09-19,Shopify,Brand Search Always-On,27.66,81.44
2025-09-19,Shopify,Prospecting Broad,54.87,59.52
2025-09-19,Amazon,Sponsored Products,63,167.13
2025-09-19,Amazon,Sponsored Display,37,70.15
2025-09-19,TikTok Shop,Creator Boost,72.44,357.82
2025-09-19,TikTok Shop,Spark Retargeting,25.5,47.26
2025-09-19,Shopify,Holiday Push,63.21,237.98
2025-09-19,Amazon,Clearance Remarketing,34.84,47.03
2025-09-20,Shopify,Brand Search Always-On,50.76,144.25
2025-09-20,Shopify,Prospecting Broad,69.47,103.29
2025-09-20,Amazon,Sponsored Products,48.77,145.6
2025-09-20,Amazon,Sponsored Display,45.4,62.12
2025-09-20,TikTok Shop,Creator Boost,47.64,190.18
2025-09-20,TikTok Shop,Spark Retargeting,39.49,114.73
2025-09-20,Shopify,Holiday Push,76.85,206.07
2025-09-20,Amazon,Clearance Remarketing,15.84,19.69
2025-09-21,Shopify,Brand Search Always-On,58.29,246.6
2025-09-21,Shopify,Prospecting Broad,81.09,92.82
2025-09-21,Amazon,Sponsored Products,79.62,215.83
2025-09-21,Amazon,Sponsored Display,38.99,46.57
2025-09-21,TikTok Shop,Creator Boost,43.79,139.91
2025-09-21,TikTok Shop,Spark Retargeting,29.08,68.44
2025-09-21,Shopify,Holiday Push,97.05,308.6
2025-09-21,Amazon,Clearance Remarketing,17.53,25.98
2025-09-22,Shopify,Brand Search Always-On,50.19,230.96
2025-09-22,Shopify,Prospecting Broad,58.24,62.96
2025-09-22,TikTok Shop,Creator Boost,63.45,186.31
2025-09-22,TikTok Shop,Spark Retargeting,34.82,109.32
2025-09-22,Shopify,Holiday Push,97.03,220.33
2025-09-22,Amazon,Clearance Remarketing,18.3,22.42
2025-09-23,Shopify,Brand Search Always-On,34.7,89.7
2025-09-23,Amazon,Sponsored Products,49.73,201.29
2025-09-23,Amazon,Sponsored Display,22.75,44.13
2025-09-23,TikTok Shop,Creator Boost,63.1,218.54
2025-09-23,TikTok Shop,Spark Retargeting,29.42,88.46
2025-09-23,Shopify,Holiday Push,74.07,199.8
2025-09-23,Amazon,Clearance Remarketing,16.54,19.09
2025-09-24,Shopify,Brand Search Always-On,59.85,245.8
2025-09-24,Amazon,Sponsored Products,74.39,201.22
2025-09-24,Amazon,Sponsored Display,41.53,77
2025-09-24,TikTok Shop,Creator Boost,52.01,182.19
2025-09-24,TikTok Shop,Spark Retargeting,34.17,63.81
2025-09-24,Shopify,Holiday Push,49.53,139.96
2025-09-24,Amazon,Clearance Remarketing,32.41,46.87
2025-09-25,Shopify,Brand Search Always-On,28.89,78.97
2025-09-25,Shopify,Prospecting Broad,69.46,89.47
2025-09-25,Amazon,Sponsored Products,48.24,131.84
2025-09-25,Amazon,Sponsored Display,34.76,50.55
2025-09-25,TikTok Shop,Creator Boost,58.58,249.19
2025-09-25,TikTok Shop,Spark Retargeting,27.44,77.31
2025-09-25,Shopify,Holiday Push,77.86,277.81
2025-09-25,Amazon,Clearance Remarketing,21.13,31.1
2025-09-26,Shopify,Brand Search Always-On,53.49,176.94
2025-09-26,Shopify,Prospecting Broad,88.05,137.83
2025-09-26,Amazon,Sponsored Products,54.71,215.01
2025-09-26,Amazon,Sponsored Display,45.24,62.2
2025-09-26,TikTok Shop,Creator Boost,62.3,177.35
2025-09-26,TikTok Shop,Spark Retargeting,29.08,72.71
2025-09-26,Shopify,Holiday Push,67.48,174.39
2025-09-26,Amazon,Clearance Remarketing,22.61,21.11
2025-09-27,Shopify,Brand Search Always-On,57.08,260.95
2025-09-27,Shopify,Prospecting Broad,94.4,116.43
2025-09-27,Amazon,Sponsored Products,82.35,203.37
2025-09-27,Amazon,Sponsored Display,46.64,66.06
2025-09-27,TikTok Shop,Creator Boost,55.31,190.4
2025-09-27,TikTok Shop,Spark Retargeting,31.18,81.28
2025-09-27,Shopify,Holiday Push,59.38,138.46
2025-09-28,Shopify,Brand Search Always-On,55.47,174.2
2025-09-28,Shopify,Prospecting Broad,75.2,90.74
2025-09-28,Amazon,Sponsored Products,75.48,294.13
2025-09-28,Amazon,Sponsored Display,46.4,65.28
2025-09-28,TikTok Shop,Creator Boost,41.65,191.07
2025-09-28,Shopify,Holiday Push,51.17,108.6
2025-09-28,Amazon,Clearance Remarketing,30.45,38.16
2025-09-29,Shopify,Brand Search Always-On,42.12,160.8
2025-09-29,Shopify,Prospecting Broad,100.81,101.13
2025-09-29,Amazon,Sponsored Products,73.77,240.5
2025-09-29,Amazon,Sponsored Display,31.48,48.69
2025-09-29,TikTok Shop,Creator Boost,43.79,124.74
2025-09-29,TikTok Shop,Spark Retargeting,41.4,124.37
2025-09-29,Shopify,Holiday Push,65.99,206.44
2025-09-29,Amazon,Clearance Remarketing,33.4,44.99
2025-09-30,Shopify,Brand Search Always-On,30.49,115.04
2025-09-30,Amazon,Sponsored Products,51.1,188.87
2025-09-30,Amazon,Sponsored Display,43.39,81.67
2025-09-30,TikTok Shop,Spark Retargeting,34.6,81.7
2025-09-30,Shopify,Holiday Push,79.8,189.7
2025-09-30,Amazon,Clearance Remarketing,19.49,20.07
2025-10-01,Shopify,Brand Search Always-On,49.17,124.58
2025-10-01,Shopify,Prospecting Broad,48.52,52.23
2025-10-01,Amazon,Sponsored Products,46.75,119.24
2025-10-01,Amazon,Sponsored Display,48.69,87.5
2025-10-01,TikTok Shop,Creator Boost,56.45,235.35
2025-10-01,TikTok Shop,Spark Retargeting,38.66,128.95
2025-10-01,Shopify,Holiday Push,72.38,186.1
2025-10-01,Amazon,Clearance Remarketing,33.04,42.11
2025-10-02,Shopify,Brand Search Always-On,41.45,164.27
2025-10-02,Shopify,Prospecting Broad,54.91,54.92
2025-10-02,Amazon,Sponsored Products,79.27,189.67
2025-10-02,Amazon,Sponsored Display,41.63,56.04
2025-10-02,TikTok Shop,Creator Boost,61.42,217.07
2025-10-02,Shopify,Holiday Push,74.06,167.04
2025-10-02,Amazon,Clearance Remarketing,34.01,36.13
2025-10-03,Shopify,Brand Search Always-On,44.25,205.36
2025-10-03,Shopify,Prospecting Broad,101.29,163.77
2025-10-03,Amazon,Sponsored Products,52.2,160.68
2025-10-03,Amazon,Sponsored Display,30.97,43.6
2025-10-03,TikTok Shop,Creator Boost,54.15,255.57
2025-10-03,TikTok Shop,Spark Retargeting,40.25,101.25
2025-10-03,Shopify,Holiday Push,62.89,203.48
2025-10-03,Amazon,Clearance Remarketing,15.11,18.25
2025-10-04,Shopify,Prospecting Broad,101.8,143.81
2025-10-04,Amazon,Sponsored Display,22.44,25.5
2025-10-04,TikTok Shop,Creator Boost,42.79,209.58
2025-10-04,TikTok Shop,Spark Retargeting,41.17,92.51
2025-10-04,Shopify,Holiday Push,81.48,211.35
2025-10-05,Shopify,Brand Search Always-On,34.24,134.14
2025-10-05,Shopify,Prospecting Broad,74.82,79.91
2025-10-05,Amazon,Sponsored Products,75.81,292.4
2025-10-05,Amazon,Sponsored Display,26.64,51.94
2025-10-05,TikTok Shop,Creator Boost,49.04,237.84
2025-10-05,TikTok Shop,Spark Retargeting,30.7,76.94
2025-10-05,Amazon,Clearance Remarketing,27.04,31.61
2025-10-06,Shopify,Brand Search Always-On,34.95,137.82
2025-10-06,Shopify,Prospecting Broad,68.34,67.43
2025-10-06,Amazon,Sponsored Products,59.13,240.11
2025-10-06,Amazon,Sponsored Display,35.34,66.13
2025-10-06,TikTok Shop,Creator Boost,52.25,161.86
2025-10-06,TikTok Shop,Spark Retargeting,22.42,58.38
2025-10-06,Shopify,Holiday Push,81.34,294.38
2025-10-06,Amazon,Clearance Remarketing,32.27,48.8
2025-10-07,Shopify,Brand Search Always-On,29.38,126.07
2025-10-07,Shopify,Prospecting Broad,111.61,138.27
2025-10-07,Amazon,Sponsored Products,73.86,168.82
2025-10-07,TikTok Shop,Creator Boost,43.76,118.18
2025-10-07,Amazon,Clearance Remarketing,23.13,31.26
2025-10-08,Shopify,Brand Search Always-On,49.07,190.91
2025-10-08,Shopify,Prospecting Broad,107.15,180.34
2025-10-08,Amazon,Sponsored Products,80.34,238.52
2025-10-08,Amazon,Sponsored Display,25.74,41.13
2025-10-08,TikTok Shop,Creator Boost,64.41,266.42
2025-10-08,TikTok Shop,Spark Retargeting,28.56,71.73
2025-10-08,Shopify,Holiday Push,79.81,251.2
2025-10-08,Amazon,Clearance Remarketing,27.41,24.73
2025-10-09,Shopify,Brand Search Always-On,58.9,157.31
2025-10-09,Amazon,Sponsored Products,37.48,92.62
2025-10-09,Amazon,Sponsored Display,46.07,60.98
2025-10-09,TikTok Shop,Creator Boost,46.71,173.22
2025-10-09,TikTok Shop,Spark Retargeting,19.33,45.89
2025-10-09,Shopify,Holiday Push,57.7,172.97
2025-10-09,Amazon,Clearance Remarketing,32.86,32.57
2025-10-10,Shopify,Brand Search Always-On,29.93,133.24
2025-10-10,Shopify,Prospecting Broad,70.26,72.33
2025-10-10,Amazon,Sponsored Products,54.3,201.9
2025-10-10,Amazon,Sponsored Display,25.48,37.53
2025-10-10,TikTok Shop,Creator Boost,34.82,139.31
2025-10-10,TikTok Shop,Spark Retargeting,27.13,75.83
2025-10-10,Shopify,Holiday Push,50.49,158.32
2025-10-10,Amazon,Clearance Remarketing,34.28,30.68
2025-10-11,Shopify,Brand Search Always-On,29.92,106.6
2025-10-11,Shopify,Prospecting Broad,109.28,148.7
2025-10-11,Amazon,Sponsored Products,52.91,177.35
2025-10-11,Amazon,Sponsored Display,37.47,39.54
2025-10-11,TikTok Shop,Creator Boost,72.14,199.87
2025-10-11,Shopify,Holiday Push,87.05,282.32
2025-10-11,Amazon,Clearance Remarketing,19.16,27.07
2025-10-12,Shopify,Brand Search Always-On,57.29,172.24
2025-10-12,Shopify,Prospecting Broad,58.79,106.31
2025-10-12,Amazon,Sponsored Products,49.67,111.38
2025-10-12,Amazon,Sponsored Display,33.53,36.35
2025-10-12,TikTok Shop,Creator Boost,37.78,101.59
2025-10-12,TikTok Shop,Spark Retargeting,37.27,101.16
2025-10-12,Amazon,Clearance Remarketing,27.06,40.31
2025-10-13,Shopify,Brand Search Always-On,52.33,177.61
2025-10-13,Shopify,Prospecting Broad,86.88,149.36
2025-10-13,Amazon,Sponsored Products,50.16,127.94
2025-10-13,Amazon,Sponsored Display,33.14,58.35
2025-10-13,TikTok Shop,Creator Boost,44.48,140.46
2025-10-13,TikTok Shop,Spark Retargeting,20.42,64.2
2025-10-13,Shopify,Holiday Push,58.78,214.12
2025-10-13,Amazon,Clearance Remarketing,32.84,32.82
2025-10-14,Shopify,Brand Search Always-On,31.86,148.6
2025-10-14,Shopify,Prospecting Broad,87.64,125.8
2025-10-14,Amazon,Sponsored Products,67.43,156.81
2025-10-14,Amazon,Sponsored Display,46.73,87.25
2025-10-14,TikTok Shop,Creator Boost,44.98,144.97
2025-10-14,TikTok Shop,Spark Retargeting,20.76,52.41
2025-10-14,Shopify,Holiday Push,68.92,212.47
2025-10-15,Shopify,Brand Search Always-On,52.7,175
2025-10-15,Shopify,Prospecting Broad,95.17,120.23
2025-10-15,Amazon,Sponsored Products,66.73,247.68
2025-10-15,Amazon,Sponsored Display,37.15,45.09
2025-10-15,TikTok Shop,Creator Boost,58.01,276.26
2025-10-15,TikTok Shop,Spark Retargeting,39.4,93.45
2025-10-15,Shopify,Holiday Push,47.01,121
2025-10-15,Amazon,Clearance Remarketing,20.22,20.3
2025-10-16,Shopify,Brand Search Always-On,38.6,122.64
2025-10-16,Shopify,Prospecting Broad,98.52,107.29
2025-10-16,Amazon,Sponsored Products,46.27,106.88
2025-10-16,Amazon,Sponsored Display,39.26,55.8
2025-10-16,TikTok Shop,Creator Boost,39.47,158.01
2025-10-16,TikTok Shop,Spark Retargeting,32.24,84.16
2025-10-16,Shopify,Holiday Push,48.07,152.13
2025-10-16,Amazon,Clearance Remarketing,29.1,30.57
2025-10-17,Shopify,Brand Search Always-On,59.02,191.06
2025-10-17,Shopify,Prospecting Broad,80.09,144.85
2025-10-17,Amazon,Sponsored Products,40.16,99.54
2025-10-17,Amazon,Sponsored Display,43.36,75.3
2025-10-17,TikTok Shop,Creator Boost,74.88,362.11
2025-10-17,TikTok Shop,Spark Retargeting,32.32,73.91
2025-10-17,Shopify,Holiday Push,68.98,153.93
2025-10-17,Amazon,Clearance Remarketing,33.19,46.9
2025-10-18,Shopify,Brand Search Always-On,36.15,98.54
2025-10-18,Amazon,Sponsored Products,52.26,162.55
2025-10-18,Amazon,Sponsored Display,38.63,53.25
2025-10-18,TikTok Shop,Creator Boost,47.18,228.13
2025-10-18,TikTok Shop,Spark Retargeting,30.74,97.5
2025-10-18,Amazon,Clearance Remarketing,26.32,37.98
2025-10-19,Shopify,Brand Search Always-On,30.55,108.49
2025-10-19,Amazon,Sponsored Products,82.22,221.98
2025-10-19,TikTok Shop,Creator Boost,42.05,177.73
2025-10-19,TikTok Shop,Spark Retargeting,25.12,83.17
2025-10-19,Shopify,Holiday Push,77.34,190.94
2025-10-20,Shopify,Brand Search Always-On,46.79,188.92
2025-10-20,Amazon,Sponsored Products,60.83,155.85
2025-10-20,Amazon,Sponsored Display,38.58,53.52
2025-10-20,TikTok Shop,Creator Boost,37.4,173.34
2025-10-20,TikTok Shop,Spark Retargeting,40.86,81.03
2025-10-20,Amazon,Clearance Remarketing,17.36,24.41
2025-10-21,Shopify,Brand Search Always-On,54.38,167.78
2025-10-21,Shopify,Prospecting Broad,77.65,133.53
2025-10-21,Amazon,Sponsored Products,37.13,128.33
2025-10-21,Amazon,Sponsored Display,33.09,38.37
2025-10-21,TikTok Shop,Creator Boost,64.44,250.56
2025-10-21,TikTok Shop,Spark Retargeting,22.61,41.51
2025-10-21,Shopify,Holiday Push,63.18,221.91
2025-10-21,Amazon,Clearance Remarketing,22.63,27.94
2025-10-22,Shopify,Brand Search Always-On,48.85,160.2
2025-10-22,Shopify,Prospecting Broad,105.19,176.21
2025-10-22,Amazon,Sponsored Products,45.27,124.01
2025-10-22,Amazon,Sponsored Display,43.33,56.89
2025-10-22,TikTok Shop,Creator Boost,64.43,297.67
2025-10-22,TikTok Shop,Spark Retargeting,27.51,80.67
2025-10-22,Shopify,Holiday Push,52.37,127.27
2025-10-22,Amazon,Clearance Remarketing,23.77,23.69
2025-10-23,Shopify,Brand Search Always-On,33.52,101.87
2025-10-23,Shopify,Prospecting Broad,87.48,128.12
2025-10-23,TikTok Shop,Creator Boost,56.33,251.84
2025-10-23,Shopify,Holiday Push,89.84,290.79
2025-10-24,Shopify,Brand Search Always-On,48.69,185.08
2025-10-24,Shopify,Prospecting Broad,104.62,110.35
2025-10-24,Amazon,Sponsored Products,44.38,150.23
2025-10-24,Amazon,Sponsored Display,42.96,68.7
2025-10-24,TikTok Shop,Creator Boost,64.39,231.54
2025-10-24,TikTok Shop,Spark Retargeting,21.3,68.51
2025-10-24,Shopify,Holiday Push,43.91,98.1
2025-10-24,Amazon,Clearance Remarketing,20.13,22.17
2025-10-25,Shopify,Brand Search Always-On,29.91,118.07
2025-10-25,Shopify,Prospecting Broad,86.11,103.18
2025-10-25,Amazon,Sponsored Products,75.62,243.58
2025-10-25,Amazon,Sponsored Display,40.58,46.08
2025-10-25,TikTok Shop,Creator Boost,76.98,252.94
2025-10-25,TikTok Shop,Spark Retargeting,20.45,62.2
2025-10-25,Shopify,Holiday Push,78,259.76
2025-10-25,Amazon,Clearance Remarketing,33.31,30.64
2025-10-26,Shopify,Brand Search Always-On,58.13,224.88
2025-10-26,Shopify,Prospecting Broad,72.48,98.7
2025-10-26,Amazon,Sponsored Products,71.17,225.89
2025-10-26,Amazon,Sponsored Display,23.62,25.76
2025-10-26,TikTok Shop,Creator Boost,40.78,146.54
2025-10-26,TikTok Shop,Spark Retargeting,25.09,46.28
2025-10-26,Shopify,Holiday Push,65.48,202.95
2025-10-26,Amazon,Clearance Remarketing,21.35,30.05
2025-10-27,Shopify,Brand Search Always-On,44.64,161.69
2025-10-27,Shopify,Prospecting Broad,99.02,104.83
2025-10-27,Amazon,Sponsored Products,62.11,224.95
2025-10-27,Amazon,Sponsored Display,36.96,53.27
2025-10-27,TikTok Shop,Creator Boost,43.22,171.85
2025-10-27,Shopify,Holiday Push,85.91,256.22
2025-10-27,Amazon,Clearance Remarketing,27.13,30.25
2025-10-28,Shopify,Prospecting Broad,58.63,58.93
2025-10-28,Amazon,Sponsored Products,61.21,190.7
2025-10-28,Amazon,Sponsored Display,24.46,35.78
2025-10-28,TikTok Shop,Creator Boost,53.54,253.53
2025-10-28,TikTok Shop,Spark Retargeting,36.96,119.23
2025-10-28,Shopify,Holiday Push,72.2,213.4
2025-10-28,Amazon,Clearance Remarketing,21.58,23.69
2025-10-29,Shopify,Prospecting Broad,78.35,141.74
2025-10-29,Amazon,Sponsored Display,42.97,58.26
2025-10-29,TikTok Shop,Creator Boost,76.99,263.74
2025-10-29,TikTok Shop,Spark Retargeting,28.82,54.84
2025-10-29,Shopify,Holiday Push,97.67,294.86
2025-10-29,Amazon,Clearance Remarketing,23.45,26.35
2025-10-30,Shopify,Brand Search Always-On,55.07,188.79
2025-10-30,Shopify,Prospecting Broad,58.02,94.61
2025-10-30,Amazon,Sponsored Products,79.37,252.57
2025-10-30,Amazon,Sponsored Display,28.51,44.64
2025-10-30,TikTok Shop,Creator Boost,75.75,340.08
2025-10-31,Shopify,Brand Search Always-On,60.44,170.4
2025-10-31,Shopify,Prospecting Broad,63.45,75.67
2025-10-31,Amazon,Sponsored Display,26.8,41.13
2025-10-31,TikTok Shop,Spark Retargeting,31.62,96.63
2025-11-01,Shopify,Brand Search Always-On,60.85,178.3
2025-11-01,Shopify,Prospecting Broad,77.65,115.44
2025-11-01,Amazon,Sponsored Products,43.94,153.66
2025-11-01,Amazon,Sponsored Display,32.07,43.97
2025-11-01,TikTok Shop,Creator Boost,46.13,138.24
2025-11-01,TikTok Shop,Spark Retargeting,40.61,102.78
2025-11-01,Shopify,Holiday Push,61.97,223.23
2025-11-01,Amazon,Clearance Remarketing,30.93,29.07
2025-11-02,Shopify,Brand Search Always-On,33.55,128.95
2025-11-02,Shopify,Prospecting Broad,56.26,96.28
2025-11-02,Amazon,Sponsored Products,55.5,128.95
2025-11-02,Amazon,Sponsored Display,45.81,81.52
2025-11-02,TikTok Shop,Creator Boost,69.16,230.76
2025-11-02,TikTok Shop,Spark Retargeting,32.71,101.21
2025-11-02,Shopify,Holiday Push,73.44,220.48
2025-11-02,Amazon,Clearance Remarketing,32.73,46.47
2025-11-03,Shopify,Brand Search Always-On,48.4,197.73
2025-11-03,Shopify,Prospecting Broad,58.07,96.43
2025-11-03,Amazon,Sponsored Products,52.12,186.07
2025-11-03,Amazon,Sponsored Display,48.33,81.39
2025-11-03,TikTok Shop,Creator Boost,68.34,222.21
2025-11-03,TikTok Shop,Spark Retargeting,32.31,77.85
2025-11-03,Shopify,Holiday Push,60.25,135.17
2025-11-04,Shopify,Brand Search Always-On,39.13,147.72
2025-11-04,Shopify,Prospecting Broad,75.94,116.88
2025-11-04,Amazon,Sponsored Products,52.09,205.57
2025-11-04,Amazon,Sponsored Display,29.49,39.96
2025-11-04,TikTok Shop,Creator Boost,48.26,236.45
2025-11-04,TikTok Shop,Spark Retargeting,24.53,82.83
2025-11-04,Shopify,Holiday Push,81.41,176.36
2025-11-04,Amazon,Clearance Remarketing,26.31,23.21
2025-11-05,Shopify,Brand Search Always-On,46.64,130
2025-11-05,Shopify,Prospecting Broad,86.5,118.24
2025-11-05,Amazon,Sponsored Products,54.14,161.48
2025-11-05,Amazon,Sponsored Display,26.54,27.89
2025-11-05,TikTok Shop,Spark Retargeting,18.52,43.47
2025-11-05,Shopify,Holiday Push,64.99,154.91
2025-11-05,Amazon,Clearance Remarketing,33.41,50.71
2025-11-06,Shopify,Brand Search Always-On,40.2,146.94
2025-11-06,Shopify,Prospecting Broad,64.72,84.1
2025-11-06,Amazon,Sponsored Products,69.02,242.99
2025-11-06,TikTok Shop,Creator Boost,55.68,174.22
2025-11-06,TikTok Shop,Spark Retargeting,38.4,80.82
2025-11-06,Amazon,Clearance Remarketing,21.59,18.61
2025-11-07,Shopify,Brand Search Always-On,43.47,110.1
2025-11-07,Shopify,Prospecting Broad,90.37,154.7
2025-11-07,Amazon,Sponsored Products,68.52,223.36
2025-11-07,Amazon,Sponsored Display,30.79,36.59
2025-11-07,TikTok Shop,Creator Boost,37.93,126.88
2025-11-07,TikTok Shop,Spark Retargeting,18.7,36.08
2025-11-07,Shopify,Holiday Push,87.99,230.41
2025-11-07,Amazon,Clearance Remarketing,29.01,31.71
2025-11-08,Shopify,Brand Search Always-On,60.47,268.23
2025-11-08,Shopify,Prospecting Broad,66.13,115.61
2025-11-08,Amazon,Sponsored Products,69.23,215.33
2025-11-08,Amazon,Sponsored Display,21.34,33.92
2025-11-08,TikTok Shop,Creator Boost,65.53,302.52
2025-11-08,Shopify,Holiday Push,66.23,174.7
2025-11-08,Amazon,Clearance Remarketing,31.16,31.27
2025-11-09,Shopify,Brand Search Always-On,56.93,223.08
2025-11-09,Shopify,Prospecting Broad,60.24,88.16
2025-11-09,Amazon,Sponsored Products,41.14,140.85
2025-11-09,Amazon,Sponsored Display,23.86,35.19
2025-11-09,TikTok Shop,Creator Boost,53.84,174.16
2025-11-09,TikTok Shop,Spark Retargeting,20.42,68.4
2025-11-09,Amazon,Clearance Remarketing,25.78,37.01
2025-11-10,Shopify,Brand Search Always-On,45.62,160.4
2025-11-10,Shopify,Prospecting Broad,104.73,145.12
2025-11-10,Amazon,Sponsored Products,44.77,121.55
2025-11-10,Amazon,Sponsored Display,46.67,87.47
2025-11-10,TikTok Shop,Creator Boost,57.98,208.45
2025-11-10,TikTok Shop,Spark Retargeting,25.84,71.61
2025-11-10,Shopify,Holiday Push,50.39,109.52
2025-11-10,Amazon,Clearance Remarketing,30.47,34.56
2025-11-11,Shopify,Brand Search Always-On,41.3,136.59
2025-11-11,Amazon,Sponsored Products,74.52,278.38
2025-11-11,Amazon,Sponsored Display,27.18,31.83
2025-11-11,TikTok Shop,Creator Boost,43.35,178.35
2025-11-11,TikTok Shop,Spark Retargeting,23.83,72.32
2025-11-11,Shopify,Holiday Push,66.94,156.82
2025-11-11,Amazon,Clearance Remarketing,32.23,31.56
2025-11-12,Shopify,Brand Search Always-On,29.41,86.2
2025-11-12,Shopify,Prospecting Broad,60.09,108.05
2025-11-12,Amazon,Sponsored Products,56.59,225.68
2025-11-12,Amazon,Sponsored Display,43.61,47.54
2025-11-12,TikTok Shop,Creator Boost,72.41,250.86
2025-11-12,TikTok Shop,Spark Retargeting,20.07,48.75
2025-11-12,Amazon,Clearance Remarketing,29.97,40.44
2025-11-13,Shopify,Brand Search Always-On,27.01,103.21
2025-11-13,Shopify,Prospecting Broad,54.93,64.65
2025-11-13,TikTok Shop,Creator Boost,44.4,143.83
2025-11-13,TikTok Shop,Spark Retargeting,29.09,73.05
2025-11-13,Shopify,Holiday Push,63.17,211.84
2025-11-13,Amazon,Clearance Remarketing,16.62,15.5
2025-11-14,Shopify,Brand Search Always-On,59.81,254.71
2025-11-14,Amazon,Sponsored Products,79.56,290.82
2025-11-14,TikTok Shop,Creator Boost,62.3,203.79
2025-11-14,TikTok Shop,Spark Retargeting,33.08,68.65
2025-11-14,Shopify,Holiday Push,43.82,122.3
2025-11-14,Amazon,Clearance Remarketing,31.49,27.52
2025-11-15,Shopify,Brand Search Always-On,61.69,285.55
2025-11-15,Shopify,Prospecting Broad,50.79,69.41
2025-11-15,Amazon,Sponsored Products,64.51,249.47
2025-11-15,TikTok Shop,Creator Boost,40.32,187.29
2025-11-15,TikTok Shop,Spark Retargeting,24.16,68.89
2025-11-15,Shopify,Holiday Push,66.58,191.14
2025-11-15,Amazon,Clearance Remarketing,16.04,13.61
2025-11-16,Shopify,Brand Search Always-On,43.34,156.8
2025-11-16,Shopify,Prospecting Broad,93.44,92.26
2025-11-16,Amazon,Sponsored Display,46.54,58.27
2025-11-16,TikTok Shop,Creator Boost,74.35,197.83
2025-11-16,TikTok Shop,Spark Retargeting,22.52,60.19
2025-11-16,Shopify,Holiday Push,65.13,197.11
2025-11-16,Amazon,Clearance Remarketing,29.72,33.31
2025-11-17,Shopify,Brand Search Always-On,28.33,96.24
2025-11-17,Shopify,Prospecting Broad,100.89,108.37
2025-11-17,Amazon,Sponsored Products,76.13,295.11
2025-11-17,Amazon,Sponsored Display,40.91,44.98
2025-11-17,TikTok Shop,Creator Boost,46.21,204.35
2025-11-17,TikTok Shop,Spark Retargeting,21.04,68.93
2025-11-17,Shopify,Holiday Push,52.57,179.26
2025-11-17,Amazon,Clearance Remarketing,19.22,26.7
2025-11-18,Shopify,Brand Search Always-On,40.19,129.86
2025-11-18,Shopify,Prospecting Broad,58.93,73.34
2025-11-18,Amazon,Sponsored Products,47.9,138.28
2025-11-18,Amazon,Sponsored Display,36.17,48.52
2025-11-18,TikTok Shop,Creator Boost,70.02,197.28
2025-11-18,TikTok Shop,Spark Retargeting,39.29,110.6
2025-11-18,Shopify,Holiday Push,54.5,139.88
2025-11-19,Shopify,Brand Search Always-On,56.57,157.2
2025-11-19,Shopify,Prospecting Broad,77.52,112.77
2025-11-19,Amazon,Sponsored Products,66.73,224.64
2025-11-19,Amazon,Sponsored Display,47.3,53.52
2025-11-19,TikTok Shop,Creator Boost,66.96,193.46
2025-11-19,TikTok Shop,Spark Retargeting,32.59,77.3
2025-11-19,Amazon,Clearance Remarketing,32.99,43.55
2025-11-20,Shopify,Prospecting Broad,93.49,98.61
2025-11-20,Amazon,Sponsored Products,73.13,182.96
2025-11-20,Amazon,Sponsored Display,43.95,53.34
2025-11-20,TikTok Shop,Creator Boost,67.76,300.91
2025-11-20,TikTok Shop,Spark Retargeting,27.09,71
2025-11-20,Shopify,Holiday Push,57.24,173.46
2025-11-20,Amazon,Clearance Remarketing,19.12,18.98
2025-11-21,Shopify,Brand Search Always-On,34.6,135.99
2025-11-21,Amazon,Sponsored Products,38.34,134.32
2025-11-21,Amazon,Sponsored Display,21.27,26.43
2025-11-21,TikTok Shop,Creator Boost,64.17,276.66
2025-11-21,TikTok Shop,Spark Retargeting,19.95,63.55
2025-11-21,Shopify,Holiday Push,79.19,294.96
2025-11-21,Amazon,Clearance Remarketing,17.82,17.34
2025-11-22,Shopify,Brand Search Always-On,35.39,101.73
2025-11-22,Amazon,Sponsored Products,44.74,173.91
2025-11-22,Amazon,Sponsored Display,21,23.51
2025-11-22,TikTok Shop,Spark Retargeting,33.42,85.88
2025-11-22,Shopify,Holiday Push,43.72,148.79
2025-11-22,Amazon,Clearance Remarketing,33.67,49.66
2025-11-23,Shopify,Prospecting Broad,107.92,122.62
2025-11-23,Amazon,Sponsored Display,34.56,55.81
2025-11-23,TikTok Shop,Creator Boost,45.41,175.27
2025-11-23,TikTok Shop,Spark Retargeting,30.66,91.23
2025-11-23,Shopify,Holiday Push,42.61,114.16
2025-11-23,Amazon,Clearance Remarketing,23,29.27
2025-11-24,Shopify,Brand Search Always-On,54.17,203.72
2025-11-24,Shopify,Prospecting Broad,65.37,118.09
2025-11-24,Amazon,Sponsored Products,62.5,258.94
2025-11-24,Amazon,Sponsored Display,22.24,27.69
2025-11-24,TikTok Shop,Creator Boost,48.46,197.86
2025-11-24,TikTok Shop,Spark Retargeting,32.6,70
2025-11-24,Shopify,Holiday Push,61.09,205.57
2025-11-24,Amazon,Clearance Remarketing,29.19,30.73
2025-11-25,Shopify,Brand Search Always-On,32.4,120.24
2025-11-25,Shopify,Prospecting Broad,79.77,83.59
2025-11-25,Amazon,Sponsored Products,67.13,204.4
2025-11-25,Amazon,Sponsored Display,24.06,40.37
2025-11-25,TikTok Shop,Creator Boost,76.67,376.35
2025-11-25,TikTok Shop,Spark Retargeting,33.84,85.5
2025-11-25,Shopify,Holiday Push,93.54,252.85
2025-11-25,Amazon,Clearance Remarketing,17.75,21.14
2025-11-26,Shopify,Brand Search Always-On,37.77,127.54
2025-11-26,Shopify,Prospecting Broad,103.17,179.69
2025-11-26,Amazon,Sponsored Products,76.29,182.33
2025-11-26,Amazon,Sponsored Display,27.23,35.03
2025-11-26,TikTok Shop,Creator Boost,41.07,175.84
2025-11-26,TikTok Shop,Spark Retargeting,19.32,43.26
2025-11-26,Shopify,Holiday Push,60.46,213.16
2025-11-26,Amazon,Clearance Remarketing,21.65,19.25
2025-11-27,Shopify,Brand Search Always-On,62.95,170.75
2025-11-27,Shopify,Prospecting Broad,65.11,96.14
2025-11-27,Amazon,Sponsored Products,60.1,163.76
2025-11-27,TikTok Shop,Spark Retargeting,36,107.11
2025-11-27,Shopify,Holiday Push,61.32,203.28
2025-11-27,Amazon,Clearance Remarketing,16.5,21.27
2025-11-28,Shopify,Brand Search Always-On,47.04,213.64
2025-11-28,Amazon,Sponsored Products,83.85,340.36
2025-11-28,TikTok Shop,Spark Retargeting,32.77,74.6
2025-11-28,Shopify,Holiday Push,42.02,148.58
2025-11-28,Amazon,Clearance Remarketing,25.86,25.02
2025-11-29,Shopify,Prospecting Broad,78.4,97.66
2025-11-29,Amazon,Sponsored Products,57.48,139.58
2025-11-29,Amazon,Sponsored Display,25.49,36.03
2025-11-29,TikTok Shop,Creator Boost,69.1,222.16
2025-11-29,TikTok Shop,Spark Retargeting,35.28,102.15
2025-11-29,Shopify,Holiday Push,70.23,152.92
2025-11-30,Shopify,Prospecting Broad,70.89,72.81
2025-11-30,Amazon,Sponsored Display,30,41.06
2025-11-30,TikTok Shop,Creator Boost,50.11,141.38
2025-11-30,TikTok Shop,Spark Retargeting,27.05,65.64
2025-11-30,Shopify,Holiday Push,44.88,93.57
2025-11-30,Amazon,Clearance Remarketing,27.19,36.3
2025-12-01,Shopify,Brand Search Always-On,31.89,88.41
2025-12-01,Shopify,Prospecting Broad,54.24,94.97
2025-12-01,Amazon,Sponsored Display,21.21,31.46
2025-12-01,TikTok Shop,Spark Retargeting,34.63,89.65
2025-12-01,Shopify,Holiday Push,49.83,138.96
2025-12-01,Amazon,Clearance Remarketing,21.35,30.12
2025-12-02,Shopify,Brand Search Always-On,49.97,136.22
2025-12-02,Shopify,Prospecting Broad,87.37,127.93
2025-12-02,Amazon,Sponsored Products,73.09,197.66
2025-12-02,TikTok Shop,Creator Boost,65.5,191.01
2025-12-02,TikTok Shop,Spark Retargeting,31.71,87.24
2025-12-02,Shopify,Holiday Push,96.66,216.16
2025-12-02,Amazon,Clearance Remarketing,26.53,23.9
2025-12-03,Shopify,Prospecting Broad,108.56,153.54
2025-12-03,Amazon,Sponsored Products,46.24,111.47
2025-12-03,Amazon,Sponsored Display,47.32,91.18
2025-12-03,TikTok Shop,Spark Retargeting,20.6,63.12
2025-12-03,Shopify,Holiday Push,97.76,243.62
2025-12-03,Amazon,Clearance Remarketing,33.77,49.83
2025-12-04,Shopify,Brand Search Always-On,55.55,209.25
2025-12-04,Shopify,Prospecting Broad,69.24,101.15
2025-12-04,Amazon,Sponsored Products,83.98,189.46
2025-12-04,TikTok Shop,Creator Boost,63.47,293.24
2025-12-04,TikTok Shop,Spark Retargeting,25.48,61.67
2025-12-04,Shopify,Holiday Push,59.29,206.21
2025-12-04,Amazon,Clearance Remarketing,20.96,28.88
2025-12-05,Shopify,Brand Search Always-On,54.51,234.94
2025-12-05,Shopify,Prospecting Broad,55.31,89.35
2025-12-05,Amazon,Sponsored Products,60.16,210.72
2025-12-05,Amazon,Sponsored Display,26.2,33.61
2025-12-05,TikTok Shop,Creator Boost,36.4,114.48
2025-12-05,TikTok Shop,Spark Retargeting,32.52,92.35
2025-12-05,Shopify,Holiday Push,64.49,227.39
2025-12-05,Amazon,Clearance Remarketing,16.35,21.09
2025-12-06,Shopify,Brand Search Always-On,52.84,199.3
2025-12-06,Shopify,Prospecting Broad,70.64,77.79
2025-12-06,Amazon,Sponsored Products,39.15,109.46
2025-12-06,Amazon,Sponsored Display,48.23,79.97
2025-12-06,TikTok Shop,Creator Boost,43.71,193.18
2025-12-06,Shopify,Holiday Push,52.88,179.9
2025-12-06,Amazon,Clearance Remarketing,27.75,26.33
2025-12-07,Shopify,Brand Search Always-On,43.42,147.21
2025-12-07,Shopify,Prospecting Broad,87.95,92
2025-12-07,Amazon,Sponsored Products,50.33,204.64
2025-12-07,Amazon,Sponsored Display,22.4,23.88
2025-12-07,TikTok Shop,Creator Boost,69.91,344.07
2025-12-07,TikTok Shop,Spark Retargeting,34.88,109.86
2025-12-07,Shopify,Holiday Push,58.82,203.08
2025-12-07,Amazon,Clearance Remarketing,25.21,35.05
2025-12-08,Shopify,Brand Search Always-On,59.43,203.03
2025-12-08,Shopify,Prospecting Broad,70.87,83.06
2025-12-08,Amazon,Sponsored Products,46.23,104.9
2025-12-08,Amazon,Sponsored Display,31.65,54.33
2025-12-08,TikTok Shop,Creator Boost,67.39,215.17
2025-12-08,TikTok Shop,Spark Retargeting,21.13,39.48
2025-12-08,Amazon,Clearance Remarketing,26.9,24.18
2025-12-09,Shopify,Brand Search Always-On,62.7,252.4
2025-12-09,Shopify,Prospecting Broad,68.25,89.29
2025-12-09,Amazon,Sponsored Products,74.44,271.32
2025-12-09,Amazon,Sponsored Display,23.39,38.66
2025-12-09,TikTok Shop,Creator Boost,62.77,189.53
2025-12-09,TikTok Shop,Spark Retargeting,38.68,125.91
2025-12-09,Shopify,Holiday Push,42.48,150.47
2025-12-09,Amazon,Clearance Remarketing,30.42,34.07
2025-12-10,Shopify,Brand Search Always-On,29.76,119.23
2025-12-10,Shopify,Prospecting Broad,108.53,111.49
2025-12-10,Amazon,Sponsored Products,57.74,235.82
2025-12-10,Amazon,Sponsored Display,45.94,52.62
2025-12-10,TikTok Shop,Creator Boost,59.02,189.72
2025-12-10,TikTok Shop,Spark Retargeting,38.09,99.43
2025-12-10,Shopify,Holiday Push,95.52,227.51
2025-12-11,Shopify,Brand Search Always-On,44.73,144.96
2025-12-11,Shopify,Prospecting Broad,96.47,119.11
2025-12-11,Amazon,Sponsored Products,76.94,185.4
2025-12-11,Amazon,Sponsored Display,26.29,29.24
2025-12-11,TikTok Shop,Creator Boost,73.37,199
2025-12-11,TikTok Shop,Spark Retargeting,22.45,66.03
2025-12-11,Shopify,Holiday Push,57.13,132.6
2025-12-11,Amazon,Clearance Remarketing,25.7,39.43
2025-12-12,Shopify,Brand Search Always-On,35.87,146.72
2025-12-12,Shopify,Prospecting Broad,77.4,81.13
2025-12-12,Amazon,Sponsored Products,67.8,262.02
2025-12-12,TikTok Shop,Spark Retargeting,24.79,60.92
2025-12-12,Amazon,Clearance Remarketing,16.1,23.11
2025-12-13,Shopify,Brand Search Always-On,28.57,104.88
2025-12-13,Shopify,Prospecting Broad,69.43,105.46
2025-12-13,Amazon,Sponsored Products,37.88,130.14
2025-12-13,Amazon,Sponsored Display,21.41,40.4
2025-12-13,TikTok Shop,Creator Boost,56.26,240.14
2025-12-13,TikTok Shop,Spark Retargeting,38.66,122.76
2025-12-13,Shopify,Holiday Push,66.95,252.18
2025-12-13,Amazon,Clearance Remarketing,21.62,33.17
2025-12-14,Shopify,Prospecting Broad,71.07,81.73
2025-12-14,Amazon,Sponsored Products,80.97,242.68
2025-12-14,Amazon,Sponsored Display,21.44,36.62
2025-12-14,TikTok Shop,Creator Boost,41.82,133.73
2025-12-14,TikTok Shop,Spark Retargeting,40.34,112.95
2025-12-14,Shopify,Holiday Push,51.61,131.32
2025-12-14,Amazon,Clearance Remarketing,15.83,17.36
2025-12-15,Shopify,Brand Search Always-On,39.15,154.11
2025-12-15,Amazon,Sponsored Products,50.02,174.87
2025-12-15,TikTok Shop,Creator Boost,69.32,185.37
2025-12-15,TikTok Shop,Spark Retargeting,31.57,64.92
2025-12-15,Shopify,Holiday Push,65.22,142.4
2025-12-15,Amazon,Clearance Remarketing,29.53,30.49
2025-12-16,Shopify,Brand Search Always-On,41.24,125.27
2025-12-16,Shopify,Prospecting Broad,97.16,174.77
2025-12-16,Amazon,Sponsored Display,30.62,36.07
2025-12-16,TikTok Shop,Spark Retargeting,38.37,87.69
2025-12-16,Shopify,Holiday Push,79.97,261.74
2025-12-17,Shopify,Brand Search Always-On,29.72,110.55
2025-12-17,Shopify,Prospecting Broad,98.77,155.28
2025-12-17,Amazon,Sponsored Products,51.03,155
2025-12-17,TikTok Shop,Creator Boost,46.19,216.17
2025-12-17,TikTok Shop,Spark Retargeting,27.32,54.01
2025-12-17,Shopify,Holiday Push,76.55,251.37
2025-12-17,Amazon,Clearance Remarketing,32.84,50.39
2025-12-18,Shopify,Brand Search Always-On,27.76,95.21
2025-12-18,Shopify,Prospecting Broad,97.67,139.32
2025-12-18,Amazon,Sponsored Products,68.99,277.62
2025-12-18,Amazon,Sponsored Display,23.51,42.15
2025-12-18,TikTok Shop,Creator Boost,35.15,122.76
2025-12-18,Shopify,Holiday Push,94.49,320.37
2025-12-18,Amazon,Clearance Remarketing,31.13,33.59
2025-12-19,Shopify,Brand Search Always-On,49.06,145.94
2025-12-19,Shopify,Prospecting Broad,69.77,99.03
2025-12-19,Amazon,Sponsored Display,29.97,55.55
2025-12-19,TikTok Shop,Creator Boost,56.63,223.46
2025-12-19,Shopify,Holiday Push,92.33,288.27
2025-12-19,Amazon,Clearance Remarketing,24.6,22.58
2025-12-20,Shopify,Brand Search Always-On,31.11,126.15
2025-12-20,Amazon,Sponsored Products,58.23,191.84
2025-12-20,TikTok Shop,Creator Boost,33.27,115.63
2025-12-20,TikTok Shop,Spark Retargeting,28.66,75.33
2025-12-20,Shopify,Holiday Push,89.36,224.3
2025-12-20,Amazon,Clearance Remarketing,33.2,35.44
2025-12-21,Shopify,Brand Search Always-On,54.79,255.07
2025-12-21,Shopify,Prospecting Broad,83.62,110.83
2025-12-21,Amazon,Sponsored Products,54.88,203.67
2025-12-21,Amazon,Sponsored Display,34.03,42.89
2025-12-21,TikTok Shop,Creator Boost,37.05,173.9
2025-12-21,TikTok Shop,Spark Retargeting,22.42,61.89
2025-12-21,Shopify,Holiday Push,92.13,328.25
2025-12-21,Amazon,Clearance Remarketing,34.53,42.41
2025-12-22,Shopify,Brand Search Always-On,27.12,83.18
2025-12-22,Shopify,Prospecting Broad,69.59,113.42
2025-12-22,Amazon,Sponsored Products,51.33,130.68
2025-12-22,Amazon,Sponsored Display,31.19,38.6
2025-12-22,TikTok Shop,Creator Boost,35.64,144.78
2025-12-22,TikTok Shop,Spark Retargeting,30.03,70.21
2025-12-22,Shopify,Holiday Push,53.45,119.41
2025-12-22,Amazon,Clearance Remarketing,16.99,19.35
2025-12-23,Shopify,Brand Search Always-On,41.5,144.24
2025-12-23,Shopify,Prospecting Broad,82.05,92.76
2025-12-23,Amazon,Sponsored Products,63.4,171.1
2025-12-23,Amazon,Sponsored Display,38.07,51.05
2025-12-23,TikTok Shop,Spark Retargeting,32.49,62.15
2025-12-23,Shopify,Holiday Push,78.34,287.63
2025-12-23,Amazon,Clearance Remarketing,28.73,39.47
2025-12-24,Shopify,Brand Search Always-On,47.68,196.54
2025-12-24,Shopify,Prospecting Broad,96.84,135.85
2025-12-24,Amazon,Sponsored Products,50.06,159.34
2025-12-24,Amazon,Sponsored Display,30.67,35.91
2025-12-24,Shopify,Holiday Push,75.13,246.51
2025-12-25,Shopify,Brand Search Always-On,48.4,124.91
2025-12-25,Shopify,Prospecting Broad,66.75,112.57
2025-12-25,Amazon,Sponsored Products,78.75,273.04
2025-12-25,Amazon,Sponsored Display,33.28,39.76
2025-12-25,TikTok Shop,Creator Boost,55.41,249.31
2025-12-25,TikTok Shop,Spark Retargeting,40.41,99.96
2025-12-25,Shopify,Holiday Push,80.81,303.71
2025-12-25,Amazon,Clearance Remarketing,20.04,23.54
2025-12-26,Amazon,Sponsored Products,80.43,248.17
2025-12-26,Amazon,Sponsored Display,24.79,30.54
2025-12-26,TikTok Shop,Creator Boost,72.45,324.42
2025-12-26,TikTok Shop,Spark Retargeting,26.51,59.05
2025-12-26,Shopify,Holiday Push,80.38,176.15
2025-12-27,Shopify,Brand Search Always-On,30.54,130.43
2025-12-27,Shopify,Prospecting Broad,91.78,151.67
2025-12-27,Amazon,Sponsored Products,50.61,146.27
2025-12-27,Amazon,Sponsored Display,34.76,42.4
2025-12-27,TikTok Shop,Spark Retargeting,34.16,111.44
2025-12-27,Shopify,Holiday Push,91.69,329.48
2025-12-27,Amazon,Clearance Remarketing,25.03,31.51
2025-12-28,Shopify,Brand Search Always-On,45.59,164.5
2025-12-28,Shopify,Prospecting Broad,100.03,111.74
2025-12-28,Amazon,Sponsored Products,47.77,185.73
2025-12-28,Amazon,Sponsored Display,26.13,39.75
2025-12-28,TikTok Shop,Creator Boost,33.42,103.45
2025-12-28,TikTok Shop,Spark Retargeting,22.93,77.18
2025-12-28,Amazon,Clearance Remarketing,25.97,34.57
2025-12-29,Shopify,Brand Search Always-On,37.41,155.2
2025-12-29,Shopify,Prospecting Broad,69.06,113.22
2025-12-29,Amazon,Sponsored Products,49.92,202.72
2025-12-29,Amazon,Sponsored Display,47.71,52.6
2025-12-29,TikTok Shop,Creator Boost,75.97,313.63
2025-12-29,TikTok Shop,Spark Retargeting,22.15,63.92
2025-12-29,Amazon,Clearance Remarketing,34.88,39.95
2025-12-30,Shopify,Brand Search Always-On,42.93,166
2025-12-30,Amazon,Sponsored Display,40.88,64.7
2025-12-30,TikTok Shop,Creator Boost,60.76,203.66
2025-12-30,TikTok Shop,Spark Retargeting,25.89,56.44
2025-12-30,Amazon,Clearance Remarketing,23.5,28.37
2025-12-31,Shopify,Prospecting Broad,73,117.83
2025-12-31,Amazon,Sponsored Products,41.08,101.74
2025-12-31,Amazon,Sponsored Display,26.03,38.73
2025-12-31,TikTok Shop,Creator Boost,60.68,291.31
2025-12-31,TikTok Shop,Spark Retargeting,22.49,57.99
2025-12-31,Amazon,Clearance Remarketing,19.05,18.61
2026-01-01,Shopify,Brand Search Always-On,58.71,223.24
2026-01-01,Shopify,Prospecting Broad,72.43,128.45
2026-01-01,Amazon,Sponsored Products,58.96,190.26
2026-01-01,Amazon,Sponsored Display,40.46,68.58
2026-01-01,TikTok Shop,Creator Boost,64.13,220.62
2026-01-01,TikTok Shop,Spark Retargeting,40.38,98.69
2026-01-01,Shopify,Holiday Push,48.97,182.41
2026-01-02,Shopify,Brand Search Always-On,46.93,213.66
2026-01-02,Shopify,Prospecting Broad,80.75,81.9
2026-01-02,Amazon,Sponsored Products,80.26,187.57
2026-01-02,Amazon,Sponsored Display,45.75,49.05
2026-01-02,TikTok Shop,Creator Boost,48.81,146.34
2026-01-02,TikTok Shop,Spark Retargeting,40,80.62
2026-01-02,Shopify,Holiday Push,72.66,153.11
2026-01-02,Amazon,Clearance Remarketing,21.18,18.92
2026-01-03,Shopify,Brand Search Always-On,58.88,244.29
2026-01-03,Amazon,Sponsored Products,37.64,94.63
2026-01-03,Amazon,Sponsored Display,46.37,67.81
2026-01-03,TikTok Shop,Creator Boost,67.15,195.01
2026-01-03,TikTok Shop,Spark Retargeting,40.33,96.6
2026-01-03,Shopify,Holiday Push,55.06,200.58
2026-01-03,Amazon,Clearance Remarketing,28.78,38.31
2026-01-04,Shopify,Prospecting Broad,69.06,105.1
2026-01-04,TikTok Shop,Creator Boost,54.54,227.03
2026-01-04,TikTok Shop,Spark Retargeting,19.46,41.7
2026-01-04,Shopify,Holiday Push,81.64,192.75
2026-01-04,Amazon,Clearance Remarketing,19.86,22.64
2026-01-05,Shopify,Brand Search Always-On,60.31,258.64
2026-01-05,Shopify,Prospecting Broad,96.49,163.56
2026-01-05,Amazon,Sponsored Display,28.72,38.82
2026-01-05,TikTok Shop,Creator Boost,45.67,214.45
2026-01-05,TikTok Shop,Spark Retargeting,28.66,76.04
2026-01-05,Shopify,Holiday Push,43.03,112.86
2026-01-05,Amazon,Clearance Remarketing,15.87,18.45
2026-01-06,Shopify,Brand Search Always-On,53.25,142.6
2026-01-06,Shopify,Prospecting Broad,94.25,164.95
2026-01-06,Amazon,Sponsored Display,44.46,69.42
2026-01-06,TikTok Shop,Creator Boost,64.53,297.34
2026-01-06,TikTok Shop,Spark Retargeting,19.24,40.3
2026-01-06,Shopify,Holiday Push,74.53,261.51
2026-01-07,Shopify,Prospecting Broad,110.74,120.1
2026-01-07,Amazon,Sponsored Products,57.45,135.49
2026-01-07,Amazon,Sponsored Display,47.95,72.91
2026-01-07,TikTok Shop,Creator Boost,67,322.93
2026-01-07,TikTok Shop,Spark Retargeting,34.37,72.62
2026-01-07,Shopify,Holiday Push,42.15,108.53
2026-01-07,Amazon,Clearance Remarketing,16.75,19.93
2026-01-08,Shopify,Brand Search Always-On,61.87,184.52
2026-01-08,Shopify,Prospecting Broad,76.63,100.09
2026-01-08,Amazon,Sponsored Products,45.37,120.97
2026-01-08,Amazon,Sponsored Display,31.77,57.18
2026-01-08,TikTok Shop,Creator Boost,67.6,260.74
2026-01-08,TikTok Shop,Spark Retargeting,37.21,110.89
2026-01-08,Amazon,Clearance Remarketing,31.7,42.51
2026-01-09,Shopify,Brand Search Always-On,44.59,149.25
2026-01-09,Shopify,Prospecting Broad,73.58,75.94
2026-01-09,Amazon,Sponsored Products,50.68,148.98
2026-01-09,TikTok Shop,Creator Boost,33.21,121.08
2026-01-09,Amazon,Clearance Remarketing,24.91,36.63
2026-01-10,Shopify,Brand Search Always-On,58.84,234.47
2026-01-10,Shopify,Prospecting Broad,111.2,195.87
2026-01-10,Amazon,Sponsored Products,40.09,145
2026-01-10,Amazon,Sponsored Display,36.58,61.56
2026-01-10,TikTok Shop,Spark Retargeting,28.45,91.23
2026-01-10,Shopify,Holiday Push,59.22,152.49
2026-01-10,Amazon,Clearance Remarketing,33.02,46.82
2026-01-11,Shopify,Brand Search Always-On,40.12,137.99
2026-01-11,Shopify,Prospecting Broad,64,88.03
2026-01-11,Amazon,Sponsored Products,73.51,265.23
2026-01-11,Amazon,Sponsored Display,36.65,46.04
2026-01-11,TikTok Shop,Creator Boost,65.45,232.92
2026-01-11,Shopify,Holiday Push,82.77,255.62
2026-01-11,Amazon,Clearance Remarketing,30.5,37.1
2026-01-12,Shopify,Prospecting Broad,91.96,95.75
2026-01-12,Amazon,Sponsored Products,81.52,193.28
2026-01-12,Amazon,Sponsored Display,30.59,59.35
2026-01-12,TikTok Shop,Creator Boost,67.52,233.15
2026-01-12,TikTok Shop,Spark Retargeting,36.93,76.23
2026-01-12,Shopify,Holiday Push,47.66,164.86
2026-01-12,Amazon,Clearance Remarketing,18.56,18.82
2026-01-13,Shopify,Brand Search Always-On,47.94,189.22
2026-01-13,Shopify,Prospecting Broad,94.09,158.63
2026-01-13,Amazon,Sponsored Products,70.76,212.63
2026-01-13,Amazon,Sponsored Display,45.91,73.48
2026-01-13,TikTok Shop,Creator Boost,60.27,226.57
2026-01-13,TikTok Shop,Spark Retargeting,26.52,48.45
2026-01-13,Shopify,Holiday Push,81.88,274.08
2026-01-13,Amazon,Clearance Remarketing,27.64,23.23
2026-01-14,Shopify,Brand Search Always-On,57.46,214.67
2026-01-14,Shopify,Prospecting Broad,71.26,96.99
2026-01-14,Amazon,Sponsored Products,80.23,292.05
2026-01-14,Amazon,Sponsored Display,24.47,43.06
2026-01-14,TikTok Shop,Creator Boost,51.48,236.89
2026-01-14,TikTok Shop,Spark Retargeting,22.14,44.82
2026-01-14,Shopify,Holiday Push,94.63,344
2026-01-14,Amazon,Clearance Remarketing,17.02,20.96
2026-01-15,Shopify,Brand Search Always-On,37.18,125.94
2026-01-15,Shopify,Prospecting Broad,77.94,134.2
2026-01-15,Amazon,Sponsored Products,45.09,113.98
2026-01-15,Amazon,Sponsored Display,28.06,51.84
2026-01-15,TikTok Shop,Creator Boost,59.47,252.32
2026-01-15,TikTok Shop,Spark Retargeting,39.94,95.39
2026-01-15,Shopify,Holiday Push,46.64,103.45
2026-01-15,Amazon,Clearance Remarketing,21.84,19.87
2026-01-16,Shopify,Brand Search Always-On,49.99,178.3
2026-01-16,Shopify,Prospecting Broad,86.7,126.97
2026-01-16,Amazon,Sponsored Products,58.43,150.71
2026-01-16,Amazon,Sponsored Display,36.84,47.7
2026-01-16,TikTok Shop,Creator Boost,67.15,283.97
2026-01-16,TikTok Shop,Spark Retargeting,19.73,55.01
2026-01-16,Shopify,Holiday Push,91.24,207.25
2026-01-16,Amazon,Clearance Remarketing,29.75,35.36
2026-01-17,Shopify,Brand Search Always-On,58.53,270.08
2026-01-17,Shopify,Prospecting Broad,98.55,158.58
2026-01-17,Amazon,Sponsored Products,40.52,119.57
2026-01-17,Amazon,Sponsored Display,29.17,37.09
2026-01-17,TikTok Shop,Creator Boost,51.88,159.29
2026-01-17,TikTok Shop,Spark Retargeting,28.93,92.89
2026-01-17,Amazon,Clearance Remarketing,23.5,26.44
2026-01-18,Shopify,Brand Search Always-On,42.45,146.87
2026-01-18,Shopify,Prospecting Broad,49.84,68.94
2026-01-18,Amazon,Sponsored Products,70.53,283.78
2026-01-18,Amazon,Sponsored Display,38.88,66.83
2026-01-18,TikTok Shop,Creator Boost,33.07,161.86
2026-01-18,TikTok Shop,Spark Retargeting,30.88,70.54
2026-01-18,Shopify,Holiday Push,80.72,279.97
2026-01-18,Amazon,Clearance Remarketing,32.82,34.61
2026-01-19,Shopify,Brand Search Always-On,55.09,163.29
2026-01-19,Shopify,Prospecting Broad,50.99,58.87
2026-01-19,Amazon,Sponsored Products,55.17,210.87
2026-01-19,Amazon,Sponsored Display,27.13,37.41
2026-01-19,TikTok Shop,Creator Boost,41.36,165.55
2026-01-19,Shopify,Holiday Push,67.63,238.22
2026-01-19,Amazon,Clearance Remarketing,26.49,26.69
2026-01-20,Shopify,Brand Search Always-On,52.54,234.89
2026-01-20,Shopify,Prospecting Broad,82.62,144.02
2026-01-20,Amazon,Sponsored Products,40.57,97.24
2026-01-20,Amazon,Sponsored Display,44.52,74.37
2026-01-20,TikTok Shop,Creator Boost,48.02,196.35
2026-01-20,TikTok Shop,Spark Retargeting,28.68,90.09
2026-01-20,Shopify,Holiday Push,79.32,243.95
2026-01-20,Amazon,Clearance Remarketing,22.9,30.07
2026-01-21,Shopify,Brand Search Always-On,33.56,113.16
2026-01-21,Shopify,Prospecting Broad,87.79,128.98
2026-01-21,Amazon,Sponsored Products,78.02,262.05
2026-01-21,Amazon,Sponsored Display,37.92,71.12
2026-01-21,TikTok Shop,Creator Boost,48.23,214.24
2026-01-21,TikTok Shop,Spark Retargeting,34.96,70.55
2026-01-21,Shopify,Holiday Push,91.49,319.89
2026-01-21,Amazon,Clearance Remarketing,17.59,25.98
2026-01-22,Shopify,Brand Search Always-On,55.72,192.84
2026-01-22,Shopify,Prospecting Broad,60.57,82.52
2026-01-22,Amazon,Sponsored Products,40.38,92.64
2026-01-22,Amazon,Sponsored Display,38.41,44.82
2026-01-22,TikTok Shop,Creator Boost,74.85,301.58
2026-01-22,TikTok Shop,Spark Retargeting,38.95,82.81
2026-01-22,Shopify,Holiday Push,85.27,211.96
2026-01-22,Amazon,Clearance Remarketing,20.91,22.52
2026-01-23,Shopify,Brand Search Always-On,58.95,247.02
2026-01-23,Amazon,Sponsored Products,72.74,221.91
2026-01-23,Amazon,Sponsored Display,44.98,57.03
2026-01-23,TikTok Shop,Spark Retargeting,24.05,68.02
2026-01-23,Shopify,Holiday Push,67.43,247.2
2026-01-23,Amazon,Clearance Remarketing,20.22,24.37
2026-01-24,Shopify,Brand Search Always-On,46.99,186.99
2026-01-24,Shopify,Prospecting Broad,55.85,69.84
2026-01-24,Amazon,Sponsored Products,75.83,212.47
2026-01-24,Amazon,Sponsored Display,43.68,55.87
2026-01-24,TikTok Shop,Creator Boost,50.97,177.56
2026-01-24,TikTok Shop,Spark Retargeting,24.54,59.91
2026-01-25,Shopify,Brand Search Always-On,32.71,136.51
2026-01-25,Shopify,Prospecting Broad,92.37,154.36
2026-01-25,Amazon,Sponsored Products,82.15,309.61
2026-01-25,Amazon,Sponsored Display,26.9,40.05
2026-01-25,TikTok Shop,Creator Boost,72.96,276.2
2026-01-25,TikTok Shop,Spark Retargeting,28.01,75.39
2026-01-25,Shopify,Holiday Push,79.36,253.42
2026-01-25,Amazon,Clearance Remarketing,18.63,19.66
2026-01-26,Amazon,Sponsored Products,65.73,236.68
2026-01-26,Amazon,Sponsored Display,33.68,42.96
2026-01-26,TikTok Shop,Creator Boost,77,250.78
2026-01-26,Shopify,Holiday Push,61.99,162.64
2026-01-26,Amazon,Clearance Remarketing,25.71,25.63
2026-01-27,Shopify,Brand Search Always-On,33.11,150.9
2026-01-27,Shopify,Prospecting Broad,102.22,120.16
2026-01-27,Amazon,Sponsored Products,38.72,153.92
2026-01-27,Amazon,Sponsored Display,30.57,40.44
2026-01-27,TikTok Shop,Creator Boost,55.79,237.97
2026-01-27,Shopify,Holiday Push,83.73,202.96
2026-01-27,Amazon,Clearance Remarketing,22.75,27.89
2026-01-28,Shopify,Brand Search Always-On,57.64,260.17
2026-01-28,Amazon,Sponsored Products,76.65,242.48
2026-01-28,Amazon,Sponsored Display,42.47,54.35
2026-01-28,TikTok Shop,Creator Boost,52.05,207.48
2026-01-28,TikTok Shop,Spark Retargeting,22.41,75.03
2026-01-28,Shopify,Holiday Push,96.82,221.75
2026-01-28,Amazon,Clearance Remarketing,18.92,22.56
2026-01-29,Shopify,Brand Search Always-On,44.39,138.11
2026-01-29,Shopify,Prospecting Broad,72.42,92.13
2026-01-29,Amazon,Sponsored Display,40.03,57.49
2026-01-29,TikTok Shop,Creator Boost,76.48,336.46
2026-01-29,TikTok Shop,Spark Retargeting,25.04,48.85
2026-01-29,Shopify,Holiday Push,82.74,219.07
2026-01-29,Amazon,Clearance Remarketing,23.17,34.88
2026-01-30,Shopify,Brand Search Always-On,59.32,178.37
2026-01-30,Shopify,Prospecting Broad,51.52,76.24
2026-01-30,Amazon,Sponsored Products,42.76,112.79
2026-01-30,Amazon,Sponsored Display,26.5,28.94
2026-01-30,TikTok Shop,Creator Boost,41.65,165.89
2026-01-30,TikTok Shop,Spark Retargeting,26.67,87.01
2026-01-30,Shopify,Holiday Push,76.73,215.64
2026-01-30,Amazon,Clearance Remarketing,19.09,23.7
2026-01-31,Shopify,Brand Search Always-On,62.24,183.35
2026-01-31,Shopify,Prospecting Broad,85.02,97.83
2026-01-31,Amazon,Sponsored Products,49.36,132.46
2026-01-31,Amazon,Sponsored Display,34.16,63.9
2026-01-31,TikTok Shop,Creator Boost,65.57,252.3
2026-01-31,TikTok Shop,Spark Retargeting,18.95,50.55
2026-01-31,Shopify,Holiday Push,61.26,171.17
2026-01-31,Amazon,Clearance Remarketing,29.6,46.14
2026-02-01,Shopify,Brand Search Always-On,54.32,165.67
2026-02-01,Shopify,Prospecting Broad,53.68,85.22
2026-02-01,Amazon,Sponsored Products,61.04,152.87
2026-02-01,Amazon,Sponsored Display,29.84,32.33
2026-02-01,TikTok Shop,Creator Boost,39.88,137.91
2026-02-01,TikTok Shop,Spark Retargeting,25.58,70.3
2026-02-01,Shopify,Holiday Push,80.52,219.51
2026-02-01,Amazon,Clearance Remarketing,19.01,25.78
2026-02-02,Shopify,Brand Search Always-On,44.25,114.99
2026-02-02,Shopify,Prospecting Broad,107.85,138.36
2026-02-02,Amazon,Sponsored Products,55.31,132.53
2026-02-02,Amazon,Sponsored Display,38.23,44.76
2026-02-02,TikTok Shop,Spark Retargeting,41.57,103.97
2026-02-02,Shopify,Holiday Push,58.87,197.22
2026-02-03,Shopify,Brand Search Always-On,59.46,234.84
2026-02-03,Shopify,Prospecting Broad,50.27,79.01
2026-02-03,Amazon,Sponsored Products,79.62,253.12
2026-02-03,Amazon,Sponsored Display,47.21,62.87
2026-02-03,Amazon,Clearance Remarketing,33.08,36.11
2026-02-04,Shopify,Brand Search Always-On,56.89,166.1
2026-02-04,Shopify,Prospecting Broad,101.49,172.28
2026-02-04,Amazon,Sponsored Products,55.1,191.79
2026-02-04,Amazon,Sponsored Display,31.37,33.23
2026-02-04,TikTok Shop,Creator Boost,60.07,184.2
2026-02-04,TikTok Shop,Spark Retargeting,22.52,71.19
2026-02-04,Shopify,Holiday Push,95.53,337.49
2026-02-04,Amazon,Clearance Remarketing,24.96,28.7
2026-02-05,Shopify,Brand Search Always-On,54.23,172.82
2026-02-05,Amazon,Sponsored Products,60.08,206.79
2026-02-05,Amazon,Sponsored Display,36.9,56.2
2026-02-05,TikTok Shop,Creator Boost,55.72,171.62
2026-02-05,TikTok Shop,Spark Retargeting,36.19,78.68
2026-02-05,Amazon,Clearance Remarketing,34.29,49.05
2026-02-06,Shopify,Brand Search Always-On,41.51,164.44
2026-02-06,Shopify,Prospecting Broad,102,134.69
2026-02-06,Amazon,Sponsored Products,36.11,120.01
2026-02-06,TikTok Shop,Creator Boost,69.33,288.09
2026-02-06,TikTok Shop,Spark Retargeting,25.92,59.62
2026-02-06,Shopify,Holiday Push,77.3,262.07
2026-02-06,Amazon,Clearance Remarketing,22.01,28.72
2026-02-07,Shopify,Brand Search Always-On,61.7,187.13
2026-02-07,Shopify,Prospecting Broad,72.34,114.4
2026-02-07,Amazon,Sponsored Products,81.33,305.47
2026-02-07,Amazon,Sponsored Display,35.59,67.51
2026-02-07,TikTok Shop,Spark Retargeting,35.27,73.89
2026-02-07,Amazon,Clearance Remarketing,34.96,39.96
2026-02-08,Shopify,Brand Search Always-On,33.5,87.01
2026-02-08,Shopify,Prospecting Broad,108.6,131.18
2026-02-08,Amazon,Sponsored Products,58.06,162.11
2026-02-08,Amazon,Sponsored Display,25.91,39
2026-02-08,TikTok Shop,Creator Boost,62.92,243.3
2026-02-08,TikTok Shop,Spark Retargeting,27.61,84.39
2026-02-08,Shopify,Holiday Push,70.94,208.06
2026-02-08,Amazon,Clearance Remarketing,28.59,24.23
2026-02-09,Shopify,Brand Search Always-On,42.4,142.97
2026-02-09,Shopify,Prospecting Broad,101.84,144.82
2026-02-09,Amazon,Sponsored Products,43.8,175.5
2026-02-09,Amazon,Sponsored Display,28.58,49.56
2026-02-09,TikTok Shop,Creator Boost,63.16,253.67
2026-02-09,Shopify,Holiday Push,59.26,201.11
2026-02-09,Amazon,Clearance Remarketing,28.23,38.58
2026-02-10,Shopify,Brand Search Always-On,35.11,142.33
2026-02-10,Shopify,Prospecting Broad,103.64,148.81
2026-02-10,Amazon,Sponsored Products,41.17,151.2
2026-02-10,Amazon,Sponsored Display,32.01,49.79
2026-02-10,TikTok Shop,Creator Boost,65.26,306.63
2026-02-10,TikTok Shop,Spark Retargeting,37.06,95.38
2026-02-10,Shopify,Holiday Push,72.37,190.14
2026-02-10,Amazon,Clearance Remarketing,19.07,22.29
2026-02-11,Shopify,Prospecting Broad,64.44,82.41
2026-02-11,Amazon,Sponsored Products,40.17,93.63
2026-02-11,Amazon,Sponsored Display,32.17,49.21
2026-02-11,TikTok Shop,Creator Boost,59.96,268.46
2026-02-11,TikTok Shop,Spark Retargeting,37.79,98.36
2026-02-11,Shopify,Holiday Push,96.41,328.82
2026-02-11,Amazon,Clearance Remarketing,28,33.45
2026-02-12,Shopify,Prospecting Broad,50.64,90.24
2026-02-12,Amazon,Sponsored Products,75.67,199.03
2026-02-12,Amazon,Sponsored Display,32.97,42.21
2026-02-12,TikTok Shop,Creator Boost,69.37,287.1
2026-02-12,TikTok Shop,Spark Retargeting,39,128.07
2026-02-12,Shopify,Holiday Push,49.8,124.21
2026-02-12,Amazon,Clearance Remarketing,25.36,37.7
2026-02-13,Shopify,Brand Search Always-On,54.86,161.49
2026-02-13,Shopify,Prospecting Broad,51.63,60.69
2026-02-13,Amazon,Sponsored Products,81.05,227.98
2026-02-13,TikTok Shop,Creator Boost,65.82,211.03
2026-02-13,Shopify,Holiday Push,94.78,195.4
2026-02-13,Amazon,Clearance Remarketing,33.97,32.82
2026-02-14,Shopify,Brand Search Always-On,40.21,165.07
2026-02-14,Shopify,Prospecting Broad,97.07,131.54
2026-02-14,Amazon,Sponsored Products,83.44,292.83
2026-02-14,Amazon,Sponsored Display,31.38,57.07
2026-02-14,TikTok Shop,Creator Boost,41.63,128.47
2026-02-14,TikTok Shop,Spark Retargeting,30.13,101.05
2026-02-14,Shopify,Holiday Push,58.87,178.44
2026-02-15,Shopify,Brand Search Always-On,42.42,191.18
2026-02-15,Shopify,Prospecting Broad,94,165.99
2026-02-15,Amazon,Sponsored Products,41.34,95.66
2026-02-15,Amazon,Sponsored Display,46.94,78.92
2026-02-15,TikTok Shop,Spark Retargeting,18.65,50.1
2026-02-15,Shopify,Holiday Push,97.47,351.89
2026-02-15,Amazon,Clearance Remarketing,34.53,42.92
2026-02-16,Shopify,Brand Search Always-On,46.07,202.91
2026-02-16,Shopify,Prospecting Broad,98.17,116.81
2026-02-16,Amazon,Sponsored Products,64.5,248.24
2026-02-16,TikTok Shop,Creator Boost,62.82,279.41
2026-02-16,TikTok Shop,Spark Retargeting,37.2,72.1
2026-02-16,Shopify,Holiday Push,70.15,219.71
2026-02-16,Amazon,Clearance Remarketing,17.75,15.97
2026-02-17,Shopify,Brand Search Always-On,30.69,110.94
2026-02-17,Shopify,Prospecting Broad,64.56,83.84
2026-02-17,Amazon,Sponsored Products,49.4,126.93
2026-02-17,Amazon,Sponsored Display,26.39,48.49
2026-02-17,TikTok Shop,Creator Boost,35.73,159.53
2026-02-17,Shopify,Holiday Push,69.41,214.57
2026-02-18,Shopify,Brand Search Always-On,50.24,129.37
2026-02-18,Shopify,Prospecting Broad,104.89,164.16
2026-02-18,Amazon,Sponsored Products,81.46,243.52
2026-02-18,Amazon,Sponsored Display,26.38,40.99
2026-02-18,TikTok Shop,Spark Retargeting,26.96,50.09
2026-02-18,Shopify,Holiday Push,93.19,341.25
2026-02-18,Amazon,Clearance Remarketing,27.92,42.99
2026-02-19,Shopify,Brand Search Always-On,54.05,238.99
2026-02-19,Shopify,Prospecting Broad,82.84,91.68
2026-02-19,Amazon,Sponsored Products,64.37,209.47
2026-02-19,Amazon,Sponsored Display,44.08,58.27
2026-02-19,TikTok Shop,Spark Retargeting,29.02,95.01
2026-02-19,Shopify,Holiday Push,49.41,128.77
2026-02-19,Amazon,Clearance Remarketing,33.82,48.76
2026-02-20,Shopify,Brand Search Always-On,57.9,268.08
2026-02-20,Shopify,Prospecting Broad,68.14,94.89
2026-02-20,Amazon,Sponsored Products,76.43,305.08
2026-02-20,Amazon,Sponsored Display,34.23,42.05
2026-02-20,TikTok Shop,Creator Boost,74.07,341.95
2026-02-20,TikTok Shop,Spark Retargeting,23.16,60.66
2026-02-20,Shopify,Holiday Push,45.99,147.26
2026-02-20,Amazon,Clearance Remarketing,31.38,27.43
2026-02-21,Shopify,Brand Search Always-On,41.34,105.73
2026-02-21,Shopify,Prospecting Broad,66.69,75.07
2026-02-21,Amazon,Sponsored Products,39.31,147.45
2026-02-21,Amazon,Sponsored Display,27.98,33.03
2026-02-21,TikTok Shop,Creator Boost,73.47,331.19
2026-02-21,TikTok Shop,Spark Retargeting,33.32,84.85
2026-02-21,Shopify,Holiday Push,61.24,194.19
2026-02-22,Shopify,Brand Search Always-On,34.34,129.13
2026-02-22,Shopify,Prospecting Broad,89.58,99.18
2026-02-22,Amazon,Sponsored Products,64.47,205.21
2026-02-22,Amazon,Sponsored Display,47.63,88.23
2026-02-22,TikTok Shop,Creator Boost,75.28,306.47
2026-02-22,TikTok Shop,Spark Retargeting,36.78,93.53
2026-02-22,Shopify,Holiday Push,88.78,325.97
2026-02-22,Amazon,Clearance Remarketing,31.81,38.64
2026-02-23,Amazon,Sponsored Products,68.23,269.22
2026-02-23,Amazon,Sponsored Display,26.63,30.44
2026-02-23,TikTok Shop,Creator Boost,45.02,145.45
2026-02-23,TikTok Shop,Spark Retargeting,25.11,78.16
2026-02-23,Shopify,Holiday Push,96.55,302.28
2026-02-24,Shopify,Brand Search Always-On,49.11,158.13
2026-02-24,Shopify,Prospecting Broad,65.49,116.38
2026-02-24,Amazon,Sponsored Products,81.73,328.33
2026-02-24,Amazon,Sponsored Display,32.77,46.99
2026-02-24,TikTok Shop,Creator Boost,69.93,263.01
2026-02-24,TikTok Shop,Spark Retargeting,38.21,94.03
2026-02-24,Shopify,Holiday Push,71.33,268.31
2026-02-24,Amazon,Clearance Remarketing,20.75,17.44
2026-02-25,Shopify,Prospecting Broad,91.69,105.27
2026-02-25,Amazon,Sponsored Products,82.39,283.31
2026-02-25,Amazon,Sponsored Display,21.13,34.82
2026-02-25,TikTok Shop,Creator Boost,44.9,195.77
2026-02-25,TikTok Shop,Spark Retargeting,36.09,96.4
2026-02-25,Shopify,Holiday Push,83.08,187.98
2026-02-25,Amazon,Clearance Remarketing,15.36,17.93
2026-02-26,Shopify,Prospecting Broad,64.28,116.56
2026-02-26,Amazon,Sponsored Display,23.9,32.93
2026-02-26,TikTok Shop,Spark Retargeting,21.65,54.62
2026-02-26,Shopify,Holiday Push,73.04,262
2026-02-26,Amazon,Clearance Remarketing,25.51,36.83
2026-02-27,Amazon,Sponsored Products,78.02,245.26
2026-02-27,Amazon,Sponsored Display,41.24,65.46
2026-02-27,TikTok Shop,Creator Boost,64.94,274.74
2026-02-27,TikTok Shop,Spark Retargeting,28.4,92.46
2026-02-28,Shopify,Prospecting Broad,81.65,124.36
2026-02-28,Amazon,Sponsored Products,74.42,268.39
2026-02-28,Amazon,Sponsored Display,25.07,35.61
2026-02-28,TikTok Shop,Creator Boost,45.51,137
2026-02-28,TikTok Shop,Spark Retargeting,35.54,76.61
2026-02-28,Shopify,Holiday Push,55.34,175.04
2026-02-28,Amazon,Clearance Remarketing,33.57,45.12
2026-03-01,Shopify,Brand Search Always-On,39.56,156.68
2026-03-01,Shopify,Prospecting Broad,90.82,128.06
2026-03-01,Amazon,Sponsored Products,81.31,212.52
2026-03-01,Amazon,Sponsored Display,29.89,39.96
2026-03-01,TikTok Shop,Creator Boost,43.61,139.7
2026-03-01,TikTok Shop,Spark Retargeting,30.25,101.27
2026-03-01,Shopify,Holiday Push,87.43,196.29
2026-03-01,Amazon,Clearance Remarketing,28.06,38.6
2026-03-02,Shopify,Brand Search Always-On,29.1,91.81
2026-03-02,Shopify,Prospecting Broad,88.71,126.93
2026-03-02,Amazon,Sponsored Display,25.14,29.72
2026-03-02,TikTok Shop,Creator Boost,69.96,229.14
2026-03-02,TikTok Shop,Spark Retargeting,19.28,43.38
2026-03-02,Shopify,Holiday Push,94.63,241.72
2026-03-03,Shopify,Brand Search Always-On,48.04,217.54
2026-03-03,Shopify,Prospecting Broad,99.86,145.67
2026-03-03,Amazon,Sponsored Products,50.67,150.77
2026-03-03,TikTok Shop,Creator Boost,67.16,230.42
2026-03-03,TikTok Shop,Spark Retargeting,21,66.43
2026-03-03,Amazon,Clearance Remarketing,15.42,18.06
2026-03-04,Shopify,Prospecting Broad,91.26,126.16
2026-03-04,Amazon,Sponsored Products,55.74,214.33
2026-03-04,Amazon,Sponsored Display,41.36,66.83
2026-03-04,TikTok Shop,Creator Boost,66.78,324.36
2026-03-04,TikTok Shop,Spark Retargeting,32.84,88.87
2026-03-04,Shopify,Holiday Push,45.43,140.7
2026-03-04,Amazon,Clearance Remarketing,28.36,29.69
2026-03-05,Shopify,Brand Search Always-On,59.99,159.8
2026-03-05,Shopify,Prospecting Broad,66.5,103.36
2026-03-05,Amazon,Sponsored Products,71.79,188.58
2026-03-05,TikTok Shop,Creator Boost,48.46,178.34
2026-03-05,TikTok Shop,Spark Retargeting,28.32,77.84
2026-03-05,Amazon,Clearance Remarketing,22.35,25.39
2026-03-06,Shopify,Brand Search Always-On,36.97,111.53
2026-03-06,Shopify,Prospecting Broad,83.31,124.49
2026-03-06,Amazon,Sponsored Products,79.12,327.36
2026-03-06,Amazon,Sponsored Display,46.9,76.03
2026-03-06,TikTok Shop,Spark Retargeting,39.44,81.23
2026-03-06,Shopify,Holiday Push,44.82,112.14
2026-03-06,Amazon,Clearance Remarketing,23.8,26.9
2026-03-07,Shopify,Prospecting Broad,86.11,132.16
2026-03-07,Amazon,Sponsored Products,60.62,155.81
2026-03-07,Amazon,Sponsored Display,32.81,57.47
2026-03-07,TikTok Shop,Spark Retargeting,41.79,126.27
2026-03-07,Shopify,Holiday Push,92.19,240
2026-03-07,Amazon,Clearance Remarketing,30.64,32.31
2026-03-08,Shopify,Brand Search Always-On,60.73,160.66
2026-03-08,Shopify,Prospecting Broad,109.96,170.95
2026-03-08,Amazon,Sponsored Products,63.91,252.76
2026-03-08,Amazon,Sponsored Display,21.91,36.76
2026-03-08,TikTok Shop,Creator Boost,54.8,233.08
2026-03-08,TikTok Shop,Spark Retargeting,25.48,84.09
2026-03-08,Shopify,Holiday Push,82.34,286.98
2026-03-08,Amazon,Clearance Remarketing,31.84,33.14
2026-03-09,Shopify,Brand Search Always-On,46.7,213.96
2026-03-09,Shopify,Prospecting Broad,98.31,125.46
2026-03-09,Amazon,Sponsored Products,55.98,208.7
2026-03-09,Amazon,Sponsored Display,35.7,49.94
2026-03-09,TikTok Shop,Spark Retargeting,19.08,57.77
2026-03-09,Shopify,Holiday Push,95.17,269.03
2026-03-09,Amazon,Clearance Remarketing,21.58,22.02
2026-03-10,Shopify,Brand Search Always-On,50.8,190.96
2026-03-10,Shopify,Prospecting Broad,99.68,160.14
2026-03-10,Amazon,Sponsored Products,55.15,226.4
2026-03-10,Amazon,Sponsored Display,41.49,63.36
2026-03-10,TikTok Shop,Creator Boost,73.94,250.86
2026-03-10,TikTok Shop,Spark Retargeting,22.39,65.85
2026-03-10,Shopify,Holiday Push,85.46,287.75
2026-03-10,Amazon,Clearance Remarketing,30.48,39.64
2026-03-11,Shopify,Brand Search Always-On,47.22,147.52
2026-03-11,Shopify,Prospecting Broad,94.01,136.61
2026-03-11,Amazon,Sponsored Products,54.56,126.35
2026-03-11,Amazon,Sponsored Display,46.66,50.21
2026-03-11,TikTok Shop,Creator Boost,66.09,254.59
2026-03-11,Shopify,Holiday Push,67.79,223.06
2026-03-11,Amazon,Clearance Remarketing,31.07,30.23
2026-03-12,Shopify,Brand Search Always-On,35.24,127.66
2026-03-12,Shopify,Prospecting Broad,94.97,154.78
2026-03-12,Amazon,Sponsored Display,45.33,88.23
2026-03-12,TikTok Shop,Spark Retargeting,21.98,73.73
2026-03-12,Shopify,Holiday Push,85.68,264.88
2026-03-12,Amazon,Clearance Remarketing,31.96,36.68
2026-03-13,Shopify,Brand Search Always-On,55.04,249
2026-03-13,Amazon,Sponsored Products,64.97,255.19
2026-03-13,Amazon,Sponsored Display,39.8,68.91
2026-03-13,TikTok Shop,Creator Boost,38.9,119.27
2026-03-13,TikTok Shop,Spark Retargeting,31.11,56.96
2026-03-13,Shopify,Holiday Push,82.72,180.73
2026-03-13,Amazon,Clearance Remarketing,21.21,31.2
2026-03-14,Shopify,Brand Search Always-On,28.69,132.66
2026-03-14,Shopify,Prospecting Broad,48.9,56.47
2026-03-14,Amazon,Sponsored Display,47.87,78.13
2026-03-14,TikTok Shop,Creator Boost,49.06,131.36
2026-03-14,TikTok Shop,Spark Retargeting,31.56,60.12
2026-03-14,Shopify,Holiday Push,62.6,233.51
2026-03-14,Amazon,Clearance Remarketing,32.52,38.98
2026-03-15,Shopify,Prospecting Broad,101.85,117.54
2026-03-15,TikTok Shop,Creator Boost,58.99,289.54
2026-03-15,Shopify,Holiday Push,52.36,174.99
2026-03-15,Amazon,Clearance Remarketing,20.05,29.72
2026-03-16,Amazon,Sponsored Products,68.63,194.91
2026-03-16,Amazon,Sponsored Display,28.85,43.23
2026-03-16,TikTok Shop,Creator Boost,69.17,246.09
2026-03-16,TikTok Shop,Spark Retargeting,35.17,73.77
2026-03-16,Shopify,Holiday Push,46.85,112.74
2026-03-16,Amazon,Clearance Remarketing,28.37,35.66
2026-03-17,Shopify,Brand Search Always-On,62.66,176
2026-03-17,Shopify,Prospecting Broad,74.94,91.11
2026-03-17,Amazon,Sponsored Products,56.09,192.63
2026-03-17,Amazon,Sponsored Display,38.97,65.12
2026-03-17,TikTok Shop,Spark Retargeting,25.29,52.82
2026-03-17,Shopify,Holiday Push,43.55,107.1
2026-03-17,Amazon,Clearance Remarketing,26.71,34.89
2026-03-18,Shopify,Brand Search Always-On,57.51,247.87
2026-03-18,Shopify,Prospecting Broad,88.17,149.5
2026-03-18,Amazon,Sponsored Products,66.47,238.67
2026-03-18,Amazon,Sponsored Display,44.55,65.66
2026-03-18,TikTok Shop,Creator Boost,70.08,223.04
2026-03-18,TikTok Shop,Spark Retargeting,25.41,50.35
2026-03-18,Shopify,Holiday Push,72.16,264.36
2026-03-18,Amazon,Clearance Remarketing,28.57,37.62
2026-03-19,Shopify,Brand Search Always-On,51.57,137.59
2026-03-19,Shopify,Prospecting Broad,52.56,62.55
2026-03-19,Amazon,Sponsored Products,61.69,209.56
2026-03-19,Amazon,Sponsored Display,45.76,85.66
2026-03-19,TikTok Shop,Creator Boost,64.3,265.92
2026-03-19,Shopify,Holiday Push,62.58,136.16
2026-03-19,Amazon,Clearance Remarketing,29.29,44.56
2026-03-20,Shopify,Brand Search Always-On,33.52,86.87
2026-03-20,Shopify,Prospecting Broad,78.81,87.54
2026-03-20,Amazon,Sponsored Products,77.08,271.37
2026-03-20,Amazon,Sponsored Display,26.73,30.42
2026-03-20,TikTok Shop,Creator Boost,55.23,215.51
2026-03-20,TikTok Shop,Spark Retargeting,27.72,69.44
2026-03-20,Shopify,Holiday Push,61.54,176.34
2026-03-20,Amazon,Clearance Remarketing,21.97,27.11
2026-03-21,Shopify,Brand Search Always-On,62.68,186.48
2026-03-21,Shopify,Prospecting Broad,104.31,128
2026-03-21,Amazon,Sponsored Products,75.96,244.3
2026-03-21,Amazon,Sponsored Display,24.07,36.64
2026-03-21,TikTok Shop,Creator Boost,74.44,218.62
2026-03-21,TikTok Shop,Spark Retargeting,21.36,63.57
2026-03-21,Shopify,Holiday Push,63.99,131.72
2026-03-21,Amazon,Clearance Remarketing,15.87,15.76
2026-03-22,Shopify,Prospecting Broad,111.77,164.28
2026-03-22,Amazon,Sponsored Products,78.44,233.97
2026-03-22,Amazon,Sponsored Display,27.81,31.24
2026-03-22,TikTok Shop,Creator Boost,53.34,246.63
2026-03-22,TikTok Shop,Spark Retargeting,31.02,69.26
2026-03-22,Shopify,Holiday Push,56.01,203.38
2026-03-22,Amazon,Clearance Remarketing,21.08,20.42
2026-03-23,Shopify,Brand Search Always-On,61.93,175.55
2026-03-23,Amazon,Sponsored Products,39.29,130.2
2026-03-23,Amazon,Sponsored Display,42.34,58.25
2026-03-23,TikTok Shop,Spark Retargeting,41.26,100.37
2026-03-23,Shopify,Holiday Push,61.52,180.09
2026-03-23,Amazon,Clearance Remarketing,30.01,27.49
2026-03-24,Shopify,Brand Search Always-On,46.58,121.46
2026-03-24,Shopify,Prospecting Broad,108.75,197.01
2026-03-24,Amazon,Sponsored Products,54.05,199.7
2026-03-24,TikTok Shop,Spark Retargeting,39.95,109.77
2026-03-24,Shopify,Holiday Push,62.4,208.87
2026-03-24,Amazon,Clearance Remarketing,27.46,38.63
2026-03-25,Shopify,Brand Search Always-On,61.83,274.55
2026-03-25,Shopify,Prospecting Broad,111.21,142.07
2026-03-25,Amazon,Sponsored Products,40.62,156.81
2026-03-25,Amazon,Sponsored Display,36.57,42.12
2026-03-25,TikTok Shop,Creator Boost,73.08,276.98
2026-03-25,TikTok Shop,Spark Retargeting,37.82,106.49
2026-03-25,Shopify,Holiday Push,92.47,238.63
2026-03-26,Shopify,Prospecting Broad,75.22,119.15
2026-03-26,Amazon,Sponsored Products,49.58,140.52
2026-03-26,Amazon,Sponsored Display,40.43,57.53
2026-03-26,TikTok Shop,Spark Retargeting,19.38,54.42
2026-03-26,Shopify,Holiday Push,73.98,186.51
2026-03-26,Amazon,Clearance Remarketing,28.55,35.99
2026-03-27,Shopify,Brand Search Always-On,30.93,98.48
2026-03-27,Shopify,Prospecting Broad,53.43,94.35
2026-03-27,Amazon,Sponsored Products,49.39,125.67
2026-03-27,Amazon,Sponsored Display,33,56.84
2026-03-27,TikTok Shop,Creator Boost,67.55,321.68
2026-03-27,TikTok Shop,Spark Retargeting,28.19,57.77
2026-03-27,Shopify,Holiday Push,49.01,181.7
2026-03-28,Shopify,Brand Search Always-On,29.65,128.35
2026-03-28,Shopify,Prospecting Broad,48.01,64.23
2026-03-28,Amazon,Sponsored Products,44.41,137.24
2026-03-28,Amazon,Clearance Remarketing,17.53,14.8
2026-03-29,Shopify,Brand Search Always-On,51.21,181.99
2026-03-29,Shopify,Prospecting Broad,90.46,99.39
2026-03-29,Amazon,Sponsored Products,75.38,304.56
2026-03-29,Amazon,Sponsored Display,37.99,73.7
2026-03-29,TikTok Shop,Creator Boost,64.59,313.93
2026-03-29,TikTok Shop,Spark Retargeting,25.52,65.02
2026-03-29,Shopify,Holiday Push,92.18,274.34
2026-03-29,Amazon,Clearance Remarketing,32.77,40.73
2026-03-30,Shopify,Brand Search Always-On,50.9,163.12
2026-03-30,Amazon,Sponsored Display,41.6,45.52
2026-03-30,TikTok Shop,Creator Boost,39.82,187.07
2026-03-30,TikTok Shop,Spark Retargeting,29.45,63.91
2026-03-30,Shopify,Holiday Push,97.25,233.38
2026-03-30,Amazon,Clearance Remarketing,32,29.08
2026-03-31,Shopify,Brand Search Always-On,35.06,139.23
2026-03-31,Amazon,Sponsored Products,69.62,193.28
2026-03-31,TikTok Shop,Creator Boost,59.86,218.9
2026-03-31,TikTok Shop,Spark Retargeting,35.41,111.32
2026-03-31,Shopify,Holiday Push,58.82,217.91
2026-03-31,Amazon,Clearance Remarketing,19.22,28.1
2026-04-01,Shopify,Brand Search Always-On,53.41,221.77
2026-04-01,Shopify,Prospecting Broad,92.04,115.09
2026-04-01,Amazon,Sponsored Products,60.72,210.01
2026-04-01,Amazon,Sponsored Display,37.46,56.15
2026-04-01,TikTok Shop,Creator Boost,56.02,264.45
2026-04-01,TikTok Shop,Spark Retargeting,33.39,85.3
2026-04-01,Shopify,Holiday Push,56.92,141.49
2026-04-02,Shopify,Brand Search Always-On,54.73,143.99
2026-04-02,Shopify,Prospecting Broad,89.92,95.97
2026-04-02,Amazon,Sponsored Products,62.35,202.11
2026-04-02,Amazon,Sponsored Display,40.71,64.39
2026-04-02,TikTok Shop,Creator Boost,33.7,159.28
2026-04-02,TikTok Shop,Spark Retargeting,39.87,84.63
2026-04-02,Shopify,Holiday Push,83,293.23
2026-04-03,Shopify,Brand Search Always-On,54.4,196.05
2026-04-03,Shopify,Prospecting Broad,60.42,59.79
2026-04-03,Amazon,Sponsored Products,48.34,168.24
2026-04-03,Amazon,Sponsored Display,41.96,69.21
2026-04-03,TikTok Shop,Creator Boost,56.1,245.11
2026-04-03,TikTok Shop,Spark Retargeting,20.38,62.76
2026-04-03,Shopify,Holiday Push,45.01,149.06
2026-04-03,Amazon,Clearance Remarketing,24.42,30.1
2026-04-04,Shopify,Brand Search Always-On,28.71,117.44
2026-04-04,Shopify,Prospecting Broad,67.44,111.29
2026-04-04,Amazon,Sponsored Products,51.14,115.24
2026-04-04,Amazon,Sponsored Display,46.87,86.34
2026-04-04,TikTok Shop,Creator Boost,65.2,226.25
2026-04-04,TikTok Shop,Spark Retargeting,31.56,80.6
2026-04-04,Shopify,Holiday Push,57.77,206.73
2026-04-04,Amazon,Clearance Remarketing,29.63,25.75
2026-04-05,Shopify,Brand Search Always-On,61.01,168.69
2026-04-05,Shopify,Prospecting Broad,70.38,98.31
2026-04-05,Amazon,Sponsored Products,67.5,167.13
2026-04-05,Amazon,Sponsored Display,47.25,68.84
2026-04-05,TikTok Shop,Spark Retargeting,19.26,38.48
2026-04-05,Shopify,Holiday Push,87.7,328.63
2026-04-05,Amazon,Clearance Remarketing,26.32,24.99
2026-04-06,Shopify,Brand Search Always-On,55.28,197.83
2026-04-06,Shopify,Prospecting Broad,61.44,88.96
2026-04-06,Amazon,Sponsored Products,43.45,178.14
2026-04-06,Amazon,Sponsored Display,31.94,36.08
2026-04-06,TikTok Shop,Creator Boost,69.61,222.6
2026-04-06,TikTok Shop,Spark Retargeting,24.08,64.05
2026-04-06,Shopify,Holiday Push,73.44,202.16
2026-04-06,Amazon,Clearance Remarketing,25.44,33.48
2026-04-07,Shopify,Brand Search Always-On,60.7,254.03
2026-04-07,Amazon,Sponsored Products,62.62,257.29
2026-04-07,Amazon,Sponsored Display,29.06,47.94
2026-04-07,TikTok Shop,Creator Boost,38.68,159.96
2026-04-07,TikTok Shop,Spark Retargeting,33.58,72.07
2026-04-07,Shopify,Holiday Push,51.81,170.01
2026-04-07,Amazon,Clearance Remarketing,21.86,30.78
2026-04-08,Shopify,Brand Search Always-On,44.34,136.81
2026-04-08,Shopify,Prospecting Broad,75.37,127.92
2026-04-08,Amazon,Sponsored Products,46.65,157.29
2026-04-08,Amazon,Sponsored Display,26.76,47.75
2026-04-08,TikTok Shop,Creator Boost,64.49,308.77
2026-04-08,TikTok Shop,Spark Retargeting,18.39,55.07
2026-04-09,Shopify,Prospecting Broad,78.55,112.38
2026-04-09,Amazon,Sponsored Products,68.59,237.08
2026-04-09,TikTok Shop,Creator Boost,44.94,202.61
2026-04-09,Shopify,Holiday Push,42.41,144.5
2026-04-09,Amazon,Clearance Remarketing,26.95,24.06
2026-04-10,Shopify,Brand Search Always-On,62.63,223.7
2026-04-10,Shopify,Prospecting Broad,73.65,95.89
2026-04-10,Amazon,Sponsored Products,61.88,243.09
2026-04-10,Amazon,Sponsored Display,32.51,59.89
2026-04-10,TikTok Shop,Creator Boost,68.03,230.7
2026-04-10,TikTok Shop,Spark Retargeting,32.96,96.08
2026-04-10,Shopify,Holiday Push,79.52,198.33
2026-04-10,Amazon,Clearance Remarketing,32.7,36.41
2026-04-11,Shopify,Brand Search Always-On,56.68,159.45
2026-04-11,Shopify,Prospecting Broad,90.15,106.46
2026-04-11,Amazon,Sponsored Products,74.25,221.69
2026-04-11,TikTok Shop,Spark Retargeting,20.71,38.02
2026-04-11,Shopify,Holiday Push,54.5,189.21
2026-04-11,Amazon,Clearance Remarketing,15.69,18.68
2026-04-12,Shopify,Brand Search Always-On,50.86,207.87
2026-04-12,Shopify,Prospecting Broad,85.49,87.74
2026-04-12,Amazon,Sponsored Products,80.23,204.77
2026-04-12,Amazon,Sponsored Display,33.86,44.53
2026-04-12,TikTok Shop,Spark Retargeting,29.18,63.44
2026-04-12,Shopify,Holiday Push,47.41,123.18
2026-04-12,Amazon,Clearance Remarketing,30.44,44.43
2026-04-13,Shopify,Brand Search Always-On,41.65,163.77
2026-04-13,Shopify,Prospecting Broad,64.13,92.56
2026-04-13,Amazon,Sponsored Display,37.29,47.38
2026-04-13,TikTok Shop,Creator Boost,47.74,224.15
2026-04-13,TikTok Shop,Spark Retargeting,36.08,116.38
2026-04-13,Shopify,Holiday Push,84.94,276.95
2026-04-13,Amazon,Clearance Remarketing,15.43,20.58
2026-04-14,Shopify,Brand Search Always-On,45.81,126.52
2026-04-14,Shopify,Prospecting Broad,109.18,161.48
2026-04-14,Amazon,Sponsored Products,56.94,199.43
2026-04-14,TikTok Shop,Creator Boost,48.87,201.99
2026-04-14,TikTok Shop,Spark Retargeting,23.96,55.46
2026-04-14,Amazon,Clearance Remarketing,27.14,23.13
2026-04-15,Shopify,Brand Search Always-On,45.43,152.74
2026-04-15,Shopify,Prospecting Broad,75.69,121.45
2026-04-15,Amazon,Sponsored Products,48.76,161.77
2026-04-15,Amazon,Sponsored Display,32.01,61.46
2026-04-15,Shopify,Holiday Push,87.27,314.62
2026-04-15,Amazon,Clearance Remarketing,20.78,22.84
2026-04-16,Shopify,Brand Search Always-On,27.71,99.16
2026-04-16,Amazon,Sponsored Display,36.86,65.17
2026-04-16,TikTok Shop,Creator Boost,45.68,123.2
2026-04-16,TikTok Shop,Spark Retargeting,18.6,50.11
2026-04-16,Shopify,Holiday Push,90.26,253.57
2026-04-16,Amazon,Clearance Remarketing,24.4,25.48
2026-04-17,Shopify,Brand Search Always-On,28.34,78.03
2026-04-17,Shopify,Prospecting Broad,66.08,87.14
2026-04-17,Amazon,Sponsored Products,77.1,176.49
2026-04-17,Amazon,Sponsored Display,30.77,59.29
2026-04-17,TikTok Shop,Creator Boost,69.95,307.56
2026-04-17,TikTok Shop,Spark Retargeting,22.42,59.38
2026-04-17,Shopify,Holiday Push,59.19,185.15
2026-04-17,Amazon,Clearance Remarketing,19.07,16.08
2026-04-18,Shopify,Prospecting Broad,55.26,95.53
2026-04-18,Amazon,Sponsored Display,22.2,25.64
2026-04-18,TikTok Shop,Creator Boost,58.18,226.28
2026-04-18,TikTok Shop,Spark Retargeting,18.93,57.67
2026-04-18,Shopify,Holiday Push,82.7,185.28
2026-04-18,Amazon,Clearance Remarketing,24.81,28.25
2026-04-19,Shopify,Brand Search Always-On,39.56,147.88
2026-04-19,Shopify,Prospecting Broad,88.46,119.5
2026-04-19,Amazon,Sponsored Products,43.23,142.25
2026-04-19,Amazon,Sponsored Display,40.75,67.37
2026-04-19,TikTok Shop,Creator Boost,46.24,178.31
2026-04-19,TikTok Shop,Spark Retargeting,32.91,74.62
2026-04-19,Shopify,Holiday Push,52.24,180.81
2026-04-19,Amazon,Clearance Remarketing,28.03,42.78
2026-04-20,Shopify,Brand Search Always-On,40.04,138.04
2026-04-20,Shopify,Prospecting Broad,94.15,94.67
2026-04-20,Amazon,Sponsored Display,46.17,49.69
2026-04-20,TikTok Shop,Creator Boost,53.66,204.17
2026-04-20,TikTok Shop,Spark Retargeting,35.41,110.85
2026-04-20,Shopify,Holiday Push,58.74,195.55
2026-04-20,Amazon,Clearance Remarketing,33.23,29.32
2026-04-21,Shopify,Brand Search Always-On,33.54,154.03
2026-04-21,Shopify,Prospecting Broad,55.39,60.08
2026-04-21,Amazon,Sponsored Display,44.56,74.63
2026-04-21,TikTok Shop,Creator Boost,66,218.19
2026-04-21,Shopify,Holiday Push,58.07,212.97
2026-04-21,Amazon,Clearance Remarketing,31.5,41.33
2026-04-22,Shopify,Brand Search Always-On,34.37,133.39
2026-04-22,Shopify,Prospecting Broad,58.55,78.3
2026-04-22,Amazon,Sponsored Products,50.84,118.01
2026-04-22,Amazon,Sponsored Display,46.73,85.78
2026-04-22,TikTok Shop,Creator Boost,61.51,286.13
2026-04-22,Shopify,Holiday Push,85.45,200.4
2026-04-22,Amazon,Clearance Remarketing,15.56,23.4
2026-04-23,Shopify,Brand Search Always-On,33.87,123.85
2026-04-23,Shopify,Prospecting Broad,61.19,92.22
2026-04-23,Amazon,Sponsored Products,62.17,257.69
2026-04-23,TikTok Shop,Creator Boost,57.55,200.87
2026-04-23,Shopify,Holiday Push,60.54,176.77
2026-04-23,Amazon,Clearance Remarketing,21.61,24.57
2026-04-24,Shopify,Brand Search Always-On,27.28,85.09
2026-04-24,Shopify,Prospecting Broad,60.54,61.79
2026-04-24,Amazon,Sponsored Products,54.04,136.58
2026-04-24,TikTok Shop,Creator Boost,38.53,131.74
2026-04-24,TikTok Shop,Spark Retargeting,29.47,56.9
2026-04-24,Amazon,Clearance Remarketing,16.46,18.09
2026-04-25,Shopify,Brand Search Always-On,47.37,189.95
2026-04-25,Shopify,Prospecting Broad,59.69,93.29
2026-04-25,Amazon,Sponsored Products,38.98,97
2026-04-25,Amazon,Sponsored Display,27.57,48.38
2026-04-25,TikTok Shop,Creator Boost,35.37,120.79
2026-04-25,TikTok Shop,Spark Retargeting,20.83,51
2026-04-25,Shopify,Holiday Push,65.2,180.49
2026-04-25,Amazon,Clearance Remarketing,18.93,28.35
2026-04-26,Shopify,Brand Search Always-On,46.81,197.16
2026-04-26,Shopify,Prospecting Broad,91.36,113.01
2026-04-26,Amazon,Sponsored Products,61.48,178.63
2026-04-26,Amazon,Sponsored Display,32.66,47.38
2026-04-26,TikTok Shop,Creator Boost,52.72,247.21
2026-04-26,TikTok Shop,Spark Retargeting,37.64,109.87
2026-04-26,Shopify,Holiday Push,72.93,206
2026-04-27,Shopify,Brand Search Always-On,42.48,172.22
2026-04-27,Shopify,Prospecting Broad,100.82,136.15
2026-04-27,Amazon,Sponsored Products,79.06,291.55
2026-04-27,Amazon,Sponsored Display,44.38,74.42
2026-04-27,TikTok Shop,Creator Boost,65.01,212.56
2026-04-27,Shopify,Holiday Push,72.98,217.12
2026-04-27,Amazon,Clearance Remarketing,28.79,43.16
2026-04-28,Shopify,Brand Search Always-On,28.05,115.25
2026-04-28,Shopify,Prospecting Broad,58.81,100.64
2026-04-28,Amazon,Sponsored Products,43.54,170.04
2026-04-28,Amazon,Sponsored Display,35.05,54.99
2026-04-28,TikTok Shop,Creator Boost,38.22,143.16
2026-04-28,TikTok Shop,Spark Retargeting,21.54,65.27
2026-04-28,Shopify,Holiday Push,69.99,192.63
2026-04-28,Amazon,Clearance Remarketing,23.48,31.74
2026-04-29,Shopify,Prospecting Broad,107,139.9
2026-04-29,Amazon,Sponsored Products,74.2,228.43
2026-04-29,Amazon,Sponsored Display,48.03,53.2
2026-04-29,TikTok Shop,Creator Boost,55.45,194.27
2026-04-29,TikTok Shop,Spark Retargeting,40.82,116.55
2026-04-29,Shopify,Holiday Push,43.06,108.33
2026-04-29,Amazon,Clearance Remarketing,15.87,13.78
2026-04-30,Shopify,Brand Search Always-On,60.59,179.02
2026-04-30,Shopify,Prospecting Broad,49.38,61.31
2026-04-30,Amazon,Sponsored Products,48.58,126.99
2026-04-30,Amazon,Sponsored Display,36.13,51.5
2026-04-30,TikTok Shop,Creator Boost,47.85,218.85
2026-04-30,TikTok Shop,Spark Retargeting,21.43,48.86
2026-04-30,Shopify,Holiday Push,95.85,234.43
2026-04-30,Amazon,Clearance Remarketing,28.86,31.74
2026-05-01,Shopify,Brand Search Always-On,36.35,99.81
2026-05-01,Shopify,Prospecting Broad,89.12,157.76
2026-05-01,Amazon,Sponsored Products,79.68,217.98
2026-05-01,Amazon,Sponsored Display,36.76,42.8
2026-05-01,TikTok Shop,Creator Boost,67.72,198.89
2026-05-01,TikTok Shop,Spark Retargeting,31.55,102.81
2026-05-01,Shopify,Holiday Push,60.8,173.14
2026-05-01,Amazon,Clearance Remarketing,22.2,27.88
2026-05-02,Shopify,Brand Search Always-On,30.49,141.76
2026-05-02,Shopify,Prospecting Broad,91.4,129.38
2026-05-02,Amazon,Sponsored Products,77.84,260.74
2026-05-02,Amazon,Sponsored Display,30.17,58.25
2026-05-02,TikTok Shop,Creator Boost,40.2,145.65
2026-05-02,TikTok Shop,Spark Retargeting,40.7,116.68
2026-05-02,Shopify,Holiday Push,96.36,343.83
2026-05-02,Amazon,Clearance Remarketing,21.82,20.99
2026-05-03,Shopify,Brand Search Always-On,37.26,124.74
2026-05-03,Shopify,Prospecting Broad,92.67,141.25
2026-05-03,Amazon,Sponsored Products,80.66,197.73
2026-05-03,TikTok Shop,Creator Boost,44.44,201.73
2026-05-03,TikTok Shop,Spark Retargeting,36.1,121.86
2026-05-03,Shopify,Holiday Push,78.52,251.19
2026-05-03,Amazon,Clearance Remarketing,30.06,33.89
2026-05-04,Shopify,Brand Search Always-On,44.56,128.8
2026-05-04,Shopify,Prospecting Broad,70.27,80.56
2026-05-04,Amazon,Sponsored Products,41.43,99.28
2026-05-04,Amazon,Sponsored Display,29.82,51.33
2026-05-04,TikTok Shop,Creator Boost,75.93,360.01
2026-05-04,TikTok Shop,Spark Retargeting,40.61,91.59
2026-05-04,Shopify,Holiday Push,85.15,305.41
2026-05-04,Amazon,Clearance Remarketing,17.64,18.23
2026-05-05,Shopify,Brand Search Always-On,59.82,264.92
2026-05-05,Shopify,Prospecting Broad,91.35,146.49
2026-05-05,Amazon,Sponsored Products,61.08,248.53
2026-05-05,Amazon,Sponsored Display,45.86,85.17
2026-05-05,TikTok Shop,Creator Boost,55.67,254.1
2026-05-05,Shopify,Holiday Push,93.45,208.38
2026-05-06,Shopify,Brand Search Always-On,39.84,100.82
2026-05-06,Shopify,Prospecting Broad,64.07,76.05
2026-05-06,Amazon,Sponsored Products,65.33,180.08
2026-05-06,Amazon,Sponsored Display,26.06,31.68
2026-05-06,TikTok Shop,Creator Boost,35.16,164.77
2026-05-06,TikTok Shop,Spark Retargeting,39.23,101.26
2026-05-06,Shopify,Holiday Push,76.58,189.1
2026-05-06,Amazon,Clearance Remarketing,18.62,27.56
2026-05-07,Shopify,Prospecting Broad,63.44,98.12
2026-05-07,Amazon,Sponsored Products,46.94,165.35
2026-05-07,Amazon,Sponsored Display,40.71,55.64
2026-05-07,TikTok Shop,Creator Boost,33.18,98.19
2026-05-07,TikTok Shop,Spark Retargeting,18.26,45.83
2026-05-07,Shopify,Holiday Push,97.94,273.87
2026-05-07,Amazon,Clearance Remarketing,27.61,37.19
2026-05-08,Shopify,Brand Search Always-On,46.7,182.7
2026-05-08,Shopify,Prospecting Broad,95.11,112.12
2026-05-08,Amazon,Sponsored Products,40.78,102.94
2026-05-08,Amazon,Sponsored Display,33.32,35.78
2026-05-08,TikTok Shop,Creator Boost,52.9,198.27
2026-05-08,TikTok Shop,Spark Retargeting,25.09,46.53
2026-05-08,Shopify,Holiday Push,97.98,314.24
2026-05-08,Amazon,Clearance Remarketing,32.99,28.9
2026-05-09,Shopify,Brand Search Always-On,51.26,152.33
2026-05-09,Shopify,Prospecting Broad,92.17,140.2
2026-05-09,Amazon,Sponsored Products,71.52,190.38
2026-05-09,Amazon,Sponsored Display,22.31,40.18
2026-05-09,TikTok Shop,Creator Boost,36.97,157.01
2026-05-09,TikTok Shop,Spark Retargeting,37.2,101.22
2026-05-09,Shopify,Holiday Push,83.72,274.4
2026-05-09,Amazon,Clearance Remarketing,19.76,27.69
2026-05-10,Shopify,Brand Search Always-On,34.72,157.45
2026-05-10,Shopify,Prospecting Broad,110.77,180.05
2026-05-10,Amazon,Sponsored Products,40.79,127.22
2026-05-10,Amazon,Sponsored Display,46.96,60.42
2026-05-10,TikTok Shop,Creator Boost,54.43,149.87
2026-05-10,TikTok Shop,Spark Retargeting,19.24,53.46
2026-05-10,Shopify,Holiday Push,58.76,205.96
2026-05-11,Shopify,Brand Search Always-On,45.12,118.08
2026-05-11,Shopify,Prospecting Broad,64.22,108.15
2026-05-11,Amazon,Sponsored Products,71.86,221.15
2026-05-11,Amazon,Sponsored Display,40.55,53.85
2026-05-11,TikTok Shop,Creator Boost,53.99,228.52
2026-05-11,Shopify,Holiday Push,61.06,156.71
2026-05-11,Amazon,Clearance Remarketing,17.84,17.3
2026-05-12,Shopify,Brand Search Always-On,59.88,201.4
2026-05-12,Shopify,Prospecting Broad,109.41,152.5
2026-05-12,Amazon,Sponsored Products,38.86,144.68
2026-05-12,Amazon,Sponsored Display,26.49,28.99
2026-05-12,TikTok Shop,Creator Boost,50.87,174.37
2026-05-12,TikTok Shop,Spark Retargeting,29.94,76.91
2026-05-13,Amazon,Sponsored Products,81.31,207.94
2026-05-13,Amazon,Sponsored Display,30,50.34
2026-05-13,TikTok Shop,Creator Boost,74.02,363.46
2026-05-13,TikTok Shop,Spark Retargeting,26.76,84.71
2026-05-13,Shopify,Holiday Push,78.73,260.86
2026-05-13,Amazon,Clearance Remarketing,30.51,32.26
2026-05-14,Shopify,Brand Search Always-On,45.23,183.13
2026-05-14,Shopify,Prospecting Broad,108.96,143.1
2026-05-14,Amazon,Sponsored Products,73.69,294.31
2026-05-14,Amazon,Sponsored Display,21.29,22.67
2026-05-14,TikTok Shop,Creator Boost,40.73,114.33
2026-05-14,TikTok Shop,Spark Retargeting,29.29,72.88
2026-05-14,Shopify,Holiday Push,52.52,111.03
2026-05-14,Amazon,Clearance Remarketing,16.82,23.97
2026-05-15,Shopify,Brand Search Always-On,57.24,263.48
2026-05-15,Shopify,Prospecting Broad,106.19,152.28
2026-05-15,Amazon,Sponsored Products,72.95,221.97
2026-05-15,Amazon,Sponsored Display,32.06,61.93
2026-05-15,TikTok Shop,Creator Boost,59.59,191.86
2026-05-15,TikTok Shop,Spark Retargeting,18.15,40.89
2026-05-15,Shopify,Holiday Push,95.06,330.36
2026-05-15,Amazon,Clearance Remarketing,29.81,44.74
2026-05-16,Shopify,Brand Search Always-On,52.24,170.14
2026-05-16,Shopify,Prospecting Broad,103.58,128.55
2026-05-16,Amazon,Sponsored Products,66.72,173.06
2026-05-16,Amazon,Sponsored Display,26.84,35.73
2026-05-16,TikTok Shop,Creator Boost,71.11,236.21
2026-05-16,TikTok Shop,Spark Retargeting,18.45,50.74
2026-05-16,Shopify,Holiday Push,86.84,324.08
2026-05-16,Amazon,Clearance Remarketing,17.96,28.01
2026-05-17,Shopify,Brand Search Always-On,46.83,203.33
2026-05-17,Shopify,Prospecting Broad,56.94,99.79
2026-05-17,Amazon,Sponsored Products,52.38,179.78
2026-05-17,TikTok Shop,Creator Boost,68.41,276.55
2026-05-17,TikTok Shop,Spark Retargeting,38.6,91.07
2026-05-17,Shopify,Holiday Push,86.68,207.26
2026-05-17,Amazon,Clearance Remarketing,29.3,29.65
2026-05-18,Shopify,Brand Search Always-On,28.8,103.98
2026-05-18,Shopify,Prospecting Broad,94.56,107.23
2026-05-18,Amazon,Sponsored Products,40.22,110.28
2026-05-18,Amazon,Sponsored Display,37,61.88
2026-05-18,TikTok Shop,Creator Boost,38.91,130.45
2026-05-18,Shopify,Holiday Push,58.26,163.82
2026-05-18,Amazon,Clearance Remarketing,17.78,27.13
2026-05-19,Shopify,Prospecting Broad,73.42,101.04
2026-05-19,Amazon,Sponsored Products,80.98,260.66
2026-05-19,Amazon,Sponsored Display,30.7,46.76
2026-05-19,TikTok Shop,Creator Boost,63.43,243.73
2026-05-19,TikTok Shop,Spark Retargeting,21.91,60.24
2026-05-19,Shopify,Holiday Push,49.45,128.78
2026-05-19,Amazon,Clearance Remarketing,18.47,18.71
2026-05-20,Shopify,Brand Search Always-On,44.14,185.08
2026-05-20,Shopify,Prospecting Broad,69.94,81.87
2026-05-20,Amazon,Sponsored Products,72.96,166.4
2026-05-20,Amazon,Sponsored Display,28.61,41.66
2026-05-20,TikTok Shop,Spark Retargeting,22.12,60.65
2026-05-20,Shopify,Holiday Push,57.34,212.66
2026-05-20,Amazon,Clearance Remarketing,32.54,46.63
2026-05-21,Shopify,Brand Search Always-On,53,138.49
2026-05-21,Shopify,Prospecting Broad,111.89,152.61
2026-05-21,Amazon,Sponsored Products,46.35,181.96
2026-05-21,TikTok Shop,Creator Boost,61.59,228
2026-05-21,TikTok Shop,Spark Retargeting,35.41,72.15
2026-05-21,Shopify,Holiday Push,75.67,167.04
2026-05-21,Amazon,Clearance Remarketing,18.69,15.75
2026-05-22,Shopify,Brand Search Always-On,27.88,79.62
2026-05-22,Amazon,Sponsored Products,48.75,117.47
2026-05-22,Amazon,Sponsored Display,44.62,61.92
2026-05-22,TikTok Shop,Creator Boost,59.32,253.48
2026-05-22,TikTok Shop,Spark Retargeting,19.88,60.02
2026-05-22,Shopify,Holiday Push,61.64,193.62
2026-05-22,Amazon,Clearance Remarketing,15.47,19.34
2026-05-23,Shopify,Brand Search Always-On,60.75,279.45
2026-05-23,Shopify,Prospecting Broad,86.95,104.48
2026-05-23,Amazon,Sponsored Display,40.16,72.72
2026-05-23,TikTok Shop,Spark Retargeting,33.9,93.2
2026-05-23,Shopify,Holiday Push,46.06,166.46
2026-05-23,Amazon,Clearance Remarketing,20.36,25.91
2026-05-24,Shopify,Brand Search Always-On,32.81,137.52
2026-05-24,Shopify,Prospecting Broad,98.5,171.28
2026-05-24,Amazon,Sponsored Display,41.2,53.6
2026-05-24,TikTok Shop,Creator Boost,52.61,255.98
2026-05-24,TikTok Shop,Spark Retargeting,20.58,38.63
2026-05-24,Shopify,Holiday Push,51.38,130.59
2026-05-24,Amazon,Clearance Remarketing,20.91,20.91
2026-05-25,Shopify,Brand Search Always-On,62.92,250.81
2026-05-25,Shopify,Prospecting Broad,105.61,151.14
2026-05-25,Amazon,Sponsored Products,68.31,190.51
2026-05-25,Amazon,Sponsored Display,27.81,45.86
2026-05-25,TikTok Shop,Creator Boost,72.92,338.14
2026-05-25,TikTok Shop,Spark Retargeting,36.86,101.91
2026-05-25,Amazon,Clearance Remarketing,30.81,44.16
2026-05-26,Shopify,Brand Search Always-On,27.62,109.69
2026-05-26,Shopify,Prospecting Broad,84.72,114.17
2026-05-26,Amazon,Sponsored Products,73.57,284.79
2026-05-26,Amazon,Sponsored Display,36.92,69.51
2026-05-26,TikTok Shop,Creator Boost,52.83,259.94
2026-05-26,TikTok Shop,Spark Retargeting,40.98,104.63
2026-05-26,Shopify,Holiday Push,96.43,206.65
2026-05-27,Shopify,Brand Search Always-On,52.29,239.21
2026-05-27,Shopify,Prospecting Broad,84.79,125.74
2026-05-27,Amazon,Sponsored Display,24.47,32.09
2026-05-27,TikTok Shop,Creator Boost,73.7,255.38
2026-05-27,TikTok Shop,Spark Retargeting,24.1,59.41
2026-05-27,Amazon,Clearance Remarketing,32.83,50.72
2026-05-28,Shopify,Brand Search Always-On,47.29,176.79
2026-05-28,Shopify,Prospecting Broad,81.44,89.42
2026-05-28,Amazon,Sponsored Products,53.07,190.96
2026-05-28,TikTok Shop,Creator Boost,47.61,222.3
2026-05-28,TikTok Shop,Spark Retargeting,21.84,66.7
2026-05-28,Shopify,Holiday Push,73.27,156.37
2026-05-28,Amazon,Clearance Remarketing,23.91,32.71
2026-05-29,Shopify,Brand Search Always-On,36.05,97.4
2026-05-29,Shopify,Prospecting Broad,60.34,98.1
2026-05-29,Amazon,Sponsored Products,71.08,227.26
2026-05-29,Amazon,Sponsored Display,46.4,77.17
2026-05-29,TikTok Shop,Creator Boost,51.63,245.85
2026-05-29,TikTok Shop,Spark Retargeting,37.62,107.21
2026-05-29,Shopify,Holiday Push,65.1,138.31
2026-05-29,Amazon,Clearance Remarketing,29.75,42.61
2026-05-30,Shopify,Brand Search Always-On,38.48,126.4
2026-05-30,Shopify,Prospecting Broad,54.12,81.42
2026-05-30,Amazon,Sponsored Products,69.34,196.75
2026-05-30,Amazon,Sponsored Display,25.53,32.91
2026-05-30,TikTok Shop,Creator Boost,40.32,193.07
2026-05-30,TikTok Shop,Spark Retargeting,35.89,80.75
2026-05-30,Shopify,Holiday Push,95.12,315.76
2026-05-30,Amazon,Clearance Remarketing,22.19,31.2
2026-05-31,Shopify,Prospecting Broad,76.81,126.89
2026-05-31,Amazon,Sponsored Products,79.8,324.19
2026-05-31,Amazon,Sponsored Display,48.56,84.18
2026-05-31,TikTok Shop,Creator Boost,38.69,156.82
2026-05-31,TikTok Shop,Spark Retargeting,33.17,82.9
2026-05-31,Shopify,Holiday Push,46.37,172.65
2026-05-31,Amazon,Clearance Remarketing,17.6,27.24
2026-06-01,Shopify,Brand Search Always-On,33.08,123.97
2026-06-01,Shopify,Prospecting Broad,58.43,91.2
2026-06-01,Amazon,Sponsored Display,35.19,68.31
2026-06-01,TikTok Shop,Creator Boost,74.77,323.35
2026-06-01,TikTok Shop,Spark Retargeting,29.56,70.51
2026-06-01,Shopify,Holiday Push,97.25,340.06
2026-06-01,Amazon,Clearance Remarketing,15.08,20.3
2026-06-02,Shopify,Brand Search Always-On,31.49,140.75
2026-06-02,Shopify,Prospecting Broad,110.35,140.38
2026-06-02,Amazon,Sponsored Products,74.16,275.63
2026-06-02,Amazon,Sponsored Display,48.47,58.72
2026-06-02,TikTok Shop,Creator Boost,33.58,104.7
2026-06-02,TikTok Shop,Spark Retargeting,18.18,54.08
2026-06-02,Shopify,Holiday Push,48.86,175.8
2026-06-02,Amazon,Clearance Remarketing,33.36,42.17
2026-06-03,Shopify,Brand Search Always-On,38.7,99.58
2026-06-03,Shopify,Prospecting Broad,109.04,131.82
2026-06-03,Amazon,Sponsored Display,34.17,62.18
2026-06-03,TikTok Shop,Creator Boost,33.69,132.33
2026-06-03,TikTok Shop,Spark Retargeting,37.54,108.04
2026-06-04,Amazon,Sponsored Products,42.39,136.61
2026-06-04,Amazon,Sponsored Display,36.08,40.56
2026-06-04,TikTok Shop,Creator Boost,45.65,161.5
2026-06-04,TikTok Shop,Spark Retargeting,35.38,70.71
2026-06-04,Shopify,Holiday Push,76.27,167.93
2026-06-04,Amazon,Clearance Remarketing,20.35,31.09
2026-06-05,Shopify,Prospecting Broad,89.41,161.47
2026-06-05,Amazon,Sponsored Products,64.88,254.87
2026-06-05,TikTok Shop,Creator Boost,40.21,119.3
2026-06-05,TikTok Shop,Spark Retargeting,24.94,63.99
2026-06-05,Shopify,Holiday Push,50.59,165.4
2026-06-05,Amazon,Clearance Remarketing,23.05,30.56
2026-06-06,Shopify,Prospecting Broad,58.15,63.54
2026-06-06,Amazon,Sponsored Products,78.54,308.14
2026-06-06,Amazon,Sponsored Display,38.87,63.4
2026-06-06,TikTok Shop,Creator Boost,65.64,292.04
2026-06-06,TikTok Shop,Spark Retargeting,19.09,42.1
2026-06-06,Shopify,Holiday Push,48.76,151.1
2026-06-06,Amazon,Clearance Remarketing,17.74,23.73
2026-06-07,Shopify,Brand Search Always-On,44.7,114.61
2026-06-07,Shopify,Prospecting Broad,68.91,82.52
2026-06-07,Shopify,Holiday Push,78.99,162.47
2026-06-07,Amazon,Clearance Remarketing,21.14,19.24
2026-06-08,Shopify,Brand Search Always-On,43.68,166.74
2026-06-08,Shopify,Prospecting Broad,54.01,93.29
2026-06-08,Amazon,Sponsored Products,72.17,265.23
2026-06-08,Amazon,Sponsored Display,37.29,41.88
2026-06-08,TikTok Shop,Creator Boost,40.77,154.76
2026-06-08,TikTok Shop,Spark Retargeting,37.1,89.26
2026-06-08,Shopify,Holiday Push,47.51,171.23
2026-06-08,Amazon,Clearance Remarketing,34.87,47.22
2026-06-09,Shopify,Brand Search Always-On,29.75,121
2026-06-09,Shopify,Prospecting Broad,49,88.6
2026-06-09,Amazon,Sponsored Products,52.63,173.56
2026-06-09,TikTok Shop,Creator Boost,37.95,148.59
2026-06-09,TikTok Shop,Spark Retargeting,36.39,110.35
2026-06-09,Shopify,Holiday Push,81.22,177.14
2026-06-09,Amazon,Clearance Remarketing,27.63,23.25
2026-06-10,Shopify,Brand Search Always-On,37.48,117.16
2026-06-10,Shopify,Prospecting Broad,86.38,134.73
2026-06-10,Amazon,Sponsored Products,48.82,147.34
2026-06-10,Amazon,Sponsored Display,22.67,30.67
2026-06-10,TikTok Shop,Creator Boost,45.56,125.28
2026-06-10,TikTok Shop,Spark Retargeting,39.53,130.05
2026-06-10,Shopify,Holiday Push,48.17,176.61
2026-06-10,Amazon,Clearance Remarketing,19.06,25.03
2026-06-11,Shopify,Prospecting Broad,98.4,127.89
2026-06-11,Amazon,Sponsored Products,47.15,127.29
2026-06-11,Amazon,Sponsored Display,35.18,57.06
2026-06-11,TikTok Shop,Creator Boost,57.64,212.32
2026-06-11,TikTok Shop,Spark Retargeting,27.37,89.01
2026-06-11,Shopify,Holiday Push,51.94,112.08
2026-06-11,Amazon,Clearance Remarketing,33.33,37.36
2026-06-12,Shopify,Brand Search Always-On,47.77,148.3
2026-06-12,Shopify,Prospecting Broad,76.54,90.22
2026-06-12,Amazon,Sponsored Products,47.62,185.08
2026-06-12,Amazon,Sponsored Display,39.53,42.34
2026-06-12,TikTok Shop,Spark Retargeting,24.77,52.27
2026-06-12,Shopify,Holiday Push,89.76,271.45
2026-06-12,Amazon,Clearance Remarketing,17.86,19.1
2026-06-13,Shopify,Brand Search Always-On,33.38,92.93
2026-06-13,Amazon,Sponsored Products,58.19,200.06
2026-06-13,Amazon,Sponsored Display,44.99,50.67
2026-06-13,TikTok Shop,Creator Boost,65.18,189.85
2026-06-13,TikTok Shop,Spark Retargeting,30.86,103.72
2026-06-13,Shopify,Holiday Push,87.78,268.94
2026-06-13,Amazon,Clearance Remarketing,20.37,20.35
2026-06-14,Shopify,Brand Search Always-On,62.87,254.81
2026-06-14,Shopify,Prospecting Broad,108.17,116.83
2026-06-14,Amazon,Sponsored Products,54.69,166.32
2026-06-14,Amazon,Sponsored Display,35.81,45.81
2026-06-14,TikTok Shop,Creator Boost,41.69,152.96
2026-06-14,TikTok Shop,Spark Retargeting,25.76,62.14
2026-06-14,Amazon,Clearance Remarketing,19.14,24.17
2026-06-15,Shopify,Brand Search Always-On,44.68,152.54
2026-06-15,Shopify,Prospecting Broad,111.87,139.24
2026-06-15,Amazon,Sponsored Products,56.32,201.98
2026-06-15,Amazon,Sponsored Display,25.03,42.91
2026-06-15,TikTok Shop,Creator Boost,72.79,206.57
2026-06-15,TikTok Shop,Spark Retargeting,29.44,87.44
2026-06-15,Shopify,Holiday Push,77.32,229.67
2026-06-15,Amazon,Clearance Remarketing,16.88,21.53
2026-06-16,Shopify,Brand Search Always-On,36.08,91.04
2026-06-16,Shopify,Prospecting Broad,68.04,113.75
2026-06-16,Amazon,Sponsored Products,39.81,105.71
2026-06-16,Amazon,Sponsored Display,27.79,48.38
2026-06-16,TikTok Shop,Creator Boost,56.37,274.65
2026-06-16,TikTok Shop,Spark Retargeting,36.94,101.96
2026-06-16,Shopify,Holiday Push,87.63,238.67
2026-06-16,Amazon,Clearance Remarketing,18.74,20.66
2026-06-17,Shopify,Brand Search Always-On,51.17,138.44
2026-06-17,Shopify,Prospecting Broad,66.54,107.83
2026-06-17,Amazon,Sponsored Products,38.7,94.91
2026-06-17,Amazon,Sponsored Display,23.71,35.59
2026-06-17,TikTok Shop,Creator Boost,64.8,258.48
2026-06-17,TikTok Shop,Spark Retargeting,25.9,84.18
2026-06-17,Shopify,Holiday Push,66.85,178.81
2026-06-17,Amazon,Clearance Remarketing,20.37,22.87
2026-06-18,Shopify,Brand Search Always-On,37.8,145.53
2026-06-18,Shopify,Prospecting Broad,101.34,162.86
2026-06-18,Amazon,Sponsored Products,42.17,165.54
2026-06-18,Amazon,Sponsored Display,24.22,37.3
2026-06-18,TikTok Shop,Creator Boost,61.25,300.57
2026-06-18,TikTok Shop,Spark Retargeting,37.08,84.66
2026-06-18,Shopify,Holiday Push,71.4,220.16
2026-06-18,Amazon,Clearance Remarketing,15.9,17.6
2026-06-19,Shopify,Prospecting Broad,72.08,97
2026-06-19,Amazon,Sponsored Products,57.41,131.53
2026-06-19,Amazon,Sponsored Display,38.87,52.74
2026-06-19,TikTok Shop,Creator Boost,55.71,194.05
2026-06-19,TikTok Shop,Spark Retargeting,22.59,65.19
2026-06-19,Shopify,Holiday Push,61.31,141.61
2026-06-19,Amazon,Clearance Remarketing,26.49,39.13
2026-06-20,Shopify,Brand Search Always-On,44.39,112.61
2026-06-20,Shopify,Prospecting Broad,60.02,62.15
2026-06-20,Amazon,Sponsored Products,55.91,194.5
2026-06-20,Amazon,Sponsored Display,46.27,61.38
2026-06-20,TikTok Shop,Creator Boost,47.99,183.63
2026-06-20,TikTok Shop,Spark Retargeting,31.4,58.38
2026-06-20,Amazon,Clearance Remarketing,18.84,23.59
2026-06-21,Shopify,Brand Search Always-On,58.81,177.87
2026-06-21,Shopify,Prospecting Broad,83.54,92.54
2026-06-21,Amazon,Sponsored Products,74.31,196.71
2026-06-21,Amazon,Sponsored Display,32.71,53.08
2026-06-21,TikTok Shop,Creator Boost,55.39,187.81
2026-06-21,TikTok Shop,Spark Retargeting,34.34,106.8
2026-06-21,Shopify,Holiday Push,59.53,122.47
2026-06-21,Amazon,Clearance Remarketing,17.46,24.58
2026-06-22,Shopify,Brand Search Always-On,53.22,194.22
2026-06-22,Shopify,Prospecting Broad,66.68,97.31
2026-06-22,Amazon,Sponsored Products,41.91,109.18
2026-06-22,Amazon,Sponsored Display,48.62,80.97
2026-06-22,TikTok Shop,Creator Boost,72.41,283.47
2026-06-22,TikTok Shop,Spark Retargeting,33.51,106.35
2026-06-22,Shopify,Holiday Push,78.88,204.22
2026-06-22,Amazon,Clearance Remarketing,34.86,32.48
2026-06-23,Shopify,Brand Search Always-On,49.72,142.67
2026-06-23,Shopify,Prospecting Broad,68.09,106.52
2026-06-23,Amazon,Sponsored Products,41.22,103.92
2026-06-23,TikTok Shop,Creator Boost,55.27,222.66
2026-06-23,TikTok Shop,Spark Retargeting,41.04,93.66
2026-06-23,Amazon,Clearance Remarketing,34.29,42.93
2026-06-24,Shopify,Brand Search Always-On,60.17,237.47
2026-06-24,Amazon,Sponsored Display,44.56,46.93
2026-06-24,TikTok Shop,Spark Retargeting,30.71,94.87
2026-06-24,Shopify,Holiday Push,50.67,173.96
2026-06-24,Amazon,Clearance Remarketing,19.42,22.83
2026-06-25,Shopify,Brand Search Always-On,53.72,192.39
2026-06-25,Shopify,Prospecting Broad,64.18,92.28
2026-06-25,Amazon,Sponsored Products,49.07,177.32
2026-06-25,Amazon,Sponsored Display,47.29,60.56
2026-06-25,TikTok Shop,Creator Boost,37.17,179.73
2026-06-25,TikTok Shop,Spark Retargeting,18.95,41.26
2026-06-25,Shopify,Holiday Push,61.52,176.27
2026-06-25,Amazon,Clearance Remarketing,27.43,29.67
2026-06-26,Shopify,Brand Search Always-On,45.7,148.38
2026-06-26,Shopify,Prospecting Broad,84.43,118.77
2026-06-26,Amazon,Sponsored Products,63.47,227.58
2026-06-26,Amazon,Sponsored Display,33.43,44.46
2026-06-26,TikTok Shop,Creator Boost,72.52,226.12
2026-06-26,TikTok Shop,Spark Retargeting,30.66,58.67
2026-06-26,Shopify,Holiday Push,96.63,309.48
2026-06-26,Amazon,Clearance Remarketing,18.44,24.81
2026-06-27,Shopify,Brand Search Always-On,43.59,115.71
2026-06-27,Shopify,Prospecting Broad,101.68,175.47
2026-06-27,Amazon,Sponsored Products,52.14,204.71
2026-06-27,Amazon,Sponsored Display,45.51,86.03
2026-06-27,TikTok Shop,Creator Boost,56.65,206.24
2026-06-27,TikTok Shop,Spark Retargeting,41.54,93.24
2026-06-27,Shopify,Holiday Push,74.82,241.11
2026-06-27,Amazon,Clearance Remarketing,30,32.47
2026-06-28,Amazon,Sponsored Products,63.84,181.24
2026-06-28,Amazon,Sponsored Display,46.74,53.82
2026-06-28,TikTok Shop,Creator Boost,70.58,324.67
2026-06-28,TikTok Shop,Spark Retargeting,36.26,91.01
2026-06-28,Shopify,Holiday Push,88.74,255.57
2026-06-28,Amazon,Clearance Remarketing,21.39,20.12
2026-06-29,Shopify,Brand Search Always-On,37.27,123.11
2026-06-29,Shopify,Prospecting Broad,62.56,102.95
2026-06-29,Amazon,Sponsored Products,70.76,199.11
2026-06-29,Amazon,Sponsored Display,27.1,41.7
2026-06-29,TikTok Shop,Creator Boost,68.93,232.63
2026-06-29,TikTok Shop,Spark Retargeting,24.08,67.43
2026-06-29,Amazon,Clearance Remarketing,24.07,21.23
2026-06-30,Shopify,Brand Search Always-On,48.97,210.68
2026-06-30,Amazon,Sponsored Products,36.89,87.28
2026-06-30,Amazon,Sponsored Display,25.61,36.02
2026-06-30,TikTok Shop,Creator Boost,51.71,182.25
2026-06-30,TikTok Shop,Spark Retargeting,19.21,59.58
2026-06-30,Shopify,Holiday Push,43.81,154.77
2026-06-30,Amazon,Clearance Remarketing,16.98,23.14
2026-07-01,Shopify,Brand Search Always-On,62.26,244.33
2026-07-01,Shopify,Prospecting Broad,54.86,66.34
2026-07-01,Amazon,Sponsored Products,68.69,154.79
2026-07-01,Amazon,Sponsored Display,36.43,60.58
2026-07-01,TikTok Shop,Creator Boost,56.83,271.16
2026-07-01,TikTok Shop,Spark Retargeting,21.16,58.79
2026-07-01,Shopify,Holiday Push,76.99,251.29
2026-07-01,Amazon,Clearance Remarketing,28.17,26.19
2026-07-02,Shopify,Brand Search Always-On,47.79,128.92
2026-07-02,Shopify,Prospecting Broad,96.25,109.95
2026-07-02,Amazon,Sponsored Products,57.29,145.16
2026-07-02,Amazon,Sponsored Display,29.42,31.32
2026-07-02,TikTok Shop,Creator Boost,41.09,162.48
2026-07-02,TikTok Shop,Spark Retargeting,41.63,120.69
2026-07-02,Shopify,Holiday Push,53.27,110.26
2026-07-02,Amazon,Clearance Remarketing,28.05,34.66
2026-07-03,Shopify,Brand Search Always-On,27.85,115.93
2026-07-03,Shopify,Prospecting Broad,106.56,189.9
2026-07-03,Amazon,Sponsored Products,43.66,181
2026-07-03,Amazon,Sponsored Display,34.6,43.12
2026-07-03,TikTok Shop,Creator Boost,67.13,237.25
2026-07-03,TikTok Shop,Spark Retargeting,19.16,51.51
2026-07-03,Shopify,Holiday Push,53.47,130.3
2026-07-03,Amazon,Clearance Remarketing,20.87,28.48
2026-07-04,Shopify,Brand Search Always-On,44.03,143.18
2026-07-04,Shopify,Prospecting Broad,58.38,79.73
2026-07-04,Amazon,Sponsored Products,70.8,287.17
2026-07-04,Amazon,Sponsored Display,31.91,35.81
2026-07-04,TikTok Shop,Creator Boost,39.58,187.68
2026-07-04,TikTok Shop,Spark Retargeting,30.34,65.81
2026-07-04,Shopify,Holiday Push,95.89,348.85
2026-07-04,Amazon,Clearance Remarketing,20.45,30.95
2026-07-05,Shopify,Brand Search Always-On,56.1,207.77
2026-07-05,Shopify,Prospecting Broad,89.45,151.35
2026-07-05,Amazon,Sponsored Products,81.04,300.11
2026-07-05,Amazon,Sponsored Display,34.49,61.38
2026-07-05,TikTok Shop,Creator Boost,52.49,183.23
2026-07-05,TikTok Shop,Spark Retargeting,21.28,52.6
2026-07-05,Shopify,Holiday Push,74.41,151.71
2026-07-05,Amazon,Clearance Remarketing,23.68,20.35
2026-07-06,Shopify,Brand Search Always-On,58.75,179.37
2026-07-06,Amazon,Sponsored Products,83.54,224.39
2026-07-06,Amazon,Sponsored Display,41.03,76.7
2026-07-06,TikTok Shop,Creator Boost,39.09,177.32
2026-07-06,TikTok Shop,Spark Retargeting,20.29,47.95
2026-07-06,Shopify,Holiday Push,65.24,185.85
2026-07-06,Amazon,Clearance Remarketing,26.32,40.14
2026-07-07,Shopify,Brand Search Always-On,38.53,132.68
2026-07-07,Shopify,Prospecting Broad,76.18,136.7
2026-07-07,Amazon,Sponsored Products,70.86,234.74
2026-07-07,TikTok Shop,Creator Boost,67.41,285.36
2026-07-07,TikTok Shop,Spark Retargeting,20.48,53.8
2026-07-07,Shopify,Holiday Push,88.72,189.21
2026-07-07,Amazon,Clearance Remarketing,26.1,33.62
2026-07-08,Shopify,Brand Search Always-On,31.86,99.5
2026-07-08,Shopify,Prospecting Broad,49.33,53.23
2026-07-08,Amazon,Sponsored Products,41.61,113.9
2026-07-08,Amazon,Sponsored Display,25.85,40.32
2026-07-08,TikTok Shop,Creator Boost,46.08,124.38
2026-07-08,Shopify,Holiday Push,80.39,192.71
2026-07-08,Amazon,Clearance Remarketing,25.38,32.26
2026-07-09,Shopify,Brand Search Always-On,39.78,161.49
2026-07-09,Shopify,Prospecting Broad,88.06,120.96
2026-07-09,Amazon,Sponsored Products,68.89,211.41
2026-07-09,Amazon,Sponsored Display,28.32,33.81
2026-07-09,TikTok Shop,Creator Boost,41.95,112.27
2026-07-09,TikTok Shop,Spark Retargeting,31.52,76.39
2026-07-09,Shopify,Holiday Push,53.73,185.2
2026-07-09,Amazon,Clearance Remarketing,15.44,16.04
2026-07-10,Shopify,Brand Search Always-On,32.87,142.81
2026-07-10,Amazon,Sponsored Products,40.08,152.01
2026-07-10,TikTok Shop,Creator Boost,59.77,161.07
2026-07-10,TikTok Shop,Spark Retargeting,26.28,67.84
2026-07-10,Shopify,Holiday Push,72.95,256.06
2026-07-11,Shopify,Brand Search Always-On,30.1,84.1
2026-07-11,Shopify,Prospecting Broad,67.19,81.03
2026-07-11,Amazon,Sponsored Products,52.11,213.85
2026-07-11,Amazon,Sponsored Display,30.13,56.34
2026-07-11,TikTok Shop,Creator Boost,49.27,193.42
2026-07-11,TikTok Shop,Spark Retargeting,24.54,74.62
2026-07-11,Amazon,Clearance Remarketing,21.01,20.24
2026-07-12,Shopify,Brand Search Always-On,57.28,181.71
2026-07-12,Shopify,Prospecting Broad,86.15,101.17
2026-07-12,Amazon,Sponsored Products,50.32,118.71
2026-07-12,Amazon,Sponsored Display,36.76,63.05
2026-07-12,TikTok Shop,Creator Boost,67.13,293.81
2026-07-12,TikTok Shop,Spark Retargeting,20.73,58.53
2026-07-12,Amazon,Clearance Remarketing,29.87,25.1
2026-07-13,Shopify,Brand Search Always-On,48.92,200.38
2026-07-13,Shopify,Prospecting Broad,93.78,144.45
2026-07-13,Amazon,Sponsored Products,38.47,107.24
2026-07-13,Amazon,Sponsored Display,34.18,37.11
2026-07-13,TikTok Shop,Creator Boost,37.67,118.79
2026-07-13,TikTok Shop,Spark Retargeting,35,93.82
2026-07-13,Shopify,Holiday Push,46.53,127.53
2026-07-13,Amazon,Clearance Remarketing,23.6,34.37
2026-07-14,Shopify,Brand Search Always-On,48.07,211.9
2026-07-14,Shopify,Prospecting Broad,105.33,136.02
2026-07-14,Amazon,Sponsored Display,42.18,57.91
2026-07-14,TikTok Shop,Creator Boost,68.55,331.9
2026-07-14,TikTok Shop,Spark Retargeting,38.35,92.43
2026-07-14,Shopify,Holiday Push,67.45,187.69
2026-07-15,Shopify,Brand Search Always-On,41.72,189.34
2026-07-15,Shopify,Prospecting Broad,76.56,101.28
2026-07-15,Amazon,Sponsored Products,82.45,254.87
2026-07-15,Amazon,Sponsored Display,39.73,75.59
2026-07-15,TikTok Shop,Creator Boost,55.79,230.76
2026-07-15,Shopify,Holiday Push,68.49,172.23
2026-07-15,Amazon,Clearance Remarketing,21.99,20.7
2026-07-16,Shopify,Brand Search Always-On,54.07,234.22
2026-07-16,Shopify,Prospecting Broad,53.55,80.38
2026-07-16,TikTok Shop,Creator Boost,41.63,134.62
2026-07-16,TikTok Shop,Spark Retargeting,35.65,72.66
2026-07-16,Shopify,Holiday Push,77.1,224.47
2026-07-16,Amazon,Clearance Remarketing,16.91,18.21
2026-07-17,Shopify,Brand Search Always-On,38.06,127.61
2026-07-17,Shopify,Prospecting Broad,78.77,89.42
2026-07-17,Amazon,Sponsored Products,60.53,194.62
2026-07-17,Amazon,Sponsored Display,47.31,73.85
2026-07-17,TikTok Shop,Creator Boost,41.43,145.95
2026-07-17,Shopify,Holiday Push,43.8,121.13
2026-07-17,Amazon,Clearance Remarketing,26.98,41.26
2026-07-18,Shopify,Brand Search Always-On,58.96,155.4
2026-07-18,Shopify,Prospecting Broad,105.05,181.41
2026-07-18,Amazon,Sponsored Products,39.11,144.34
2026-07-18,Amazon,Sponsored Display,31.64,54.6
2026-07-18,TikTok Shop,Creator Boost,64.43,297.53
2026-07-18,TikTok Shop,Spark Retargeting,33,75.69
2026-07-19,Shopify,Brand Search Always-On,44.98,187.89
2026-07-19,Shopify,Prospecting Broad,85.21,112.1
2026-07-19,Amazon,Sponsored Products,38.84,159.38
2026-07-19,Amazon,Sponsored Display,36.58,47.84
2026-07-19,TikTok Shop,Creator Boost,45.99,172.43
2026-07-19,Shopify,Holiday Push,89.6,328.41
2026-07-19,Amazon,Clearance Remarketing,30.06,28.89
2026-07-20,Shopify,Prospecting Broad,86.41,145.8
2026-07-20,Amazon,Sponsored Products,83.45,315.52
2026-07-20,Amazon,Sponsored Display,40.71,74.3
2026-07-20,TikTok Shop,Creator Boost,61.44,250.88
2026-07-20,TikTok Shop,Spark Retargeting,27.91,83.21
2026-07-20,Shopify,Holiday Push,97.89,236.41
2026-07-20,Amazon,Clearance Remarketing,34.45,38.81
2026-07-21,Shopify,Brand Search Always-On,49.45,155.43
2026-07-21,Shopify,Prospecting Broad,77.03,133.45
2026-07-21,Amazon,Sponsored Products,63.66,252.43
2026-07-21,TikTok Shop,Creator Boost,45.31,167.02
2026-07-21,TikTok Shop,Spark Retargeting,26.43,64.36
2026-07-21,Shopify,Holiday Push,55.92,180.33
2026-07-21,Amazon,Clearance Remarketing,18.94,19.91
2026-07-22,Shopify,Brand Search Always-On,41.99,184.58
2026-07-22,Shopify,Prospecting Broad,61.18,110.23
2026-07-22,Amazon,Sponsored Products,66.7,179.75
2026-07-22,Amazon,Sponsored Display,23.07,27.95
2026-07-22,TikTok Shop,Creator Boost,61.03,193.21
2026-07-22,TikTok Shop,Spark Retargeting,38.61,128.48
2026-07-22,Shopify,Holiday Push,59.95,162.15
2026-07-22,Amazon,Clearance Remarketing,28.07,33.57
2026-07-23,Shopify,Brand Search Always-On,44.57,187.37
2026-07-23,Shopify,Prospecting Broad,98.04,119.63
2026-07-23,Amazon,Sponsored Display,46,80.77
2026-07-23,TikTok Shop,Creator Boost,66.22,258.94
2026-07-23,Shopify,Holiday Push,85.5,275.5
2026-07-24,Shopify,Brand Search Always-On,33.82,116.76
2026-07-24,Shopify,Prospecting Broad,73.01,131.03
2026-07-24,Amazon,Sponsored Products,72.09,181.13
2026-07-24,Amazon,Sponsored Display,24.56,30.89
2026-07-24,TikTok Shop,Creator Boost,47.12,190.62
2026-07-24,TikTok Shop,Spark Retargeting,36.68,121.82
2026-07-24,Shopify,Holiday Push,50.58,134.96
2026-07-24,Amazon,Clearance Remarketing,32.71,43.3
2026-07-25,Shopify,Prospecting Broad,83.75,138.63
2026-07-25,Amazon,Sponsored Products,53.81,222.78
2026-07-25,Amazon,Sponsored Display,28.76,49.88
2026-07-25,TikTok Shop,Creator Boost,47.32,211.2
2026-07-25,TikTok Shop,Spark Retargeting,41.06,129.53
2026-07-25,Shopify,Holiday Push,94.74,256.99
2026-07-25,Amazon,Clearance Remarketing,31.01,33.76
