order_id,gateway,gross,processing_fee,platform_fee,net_payout,payout_date
ORD000000,Amazon Marketplace,132.96,0,19.94,113.02,2026-06-17
ORD000002,Shopify Payments,225,6.83,0,218.17,2026-04-26
ORD000003,TikTok Payments,13.72,0.27,0.82,12.63,2026-01-13
ORD000004,Amazon Marketplace,88.38,0,13.26,75.12,2025-12-18
ORD000005,Shopify Payments,159.73,4.93,0,154.8,2025-11-12
ORD000006,TikTok Payments,275.28,5.51,16.52,253.25,2025-10-01
ORD000007,Shopify Payments,126,3.95,0,122.05,2025-10-19
ORD000008,Amazon Marketplace,90.85,0,13.63,77.22,2026-05-31
ORD000011,Amazon Marketplace,377.86,0,56.68,321.18,2025-09-13
ORD000012,Amazon Marketplace,39.73,0,5.96,33.77,2026-01-03
ORD000013,Shopify Payments,310.26,9.3,0,300.96,2025-09-04
ORD000014,Walmart Marketplace,42.48,0,5.1,37.38,2025-12-26
ORD000015,Amazon Marketplace,86.04,0,12.91,73.13,2026-07-04
ORD000016,Shopify Payments,113.89,3.6,0,110.29,2025-12-08
ORD000017,Shopify Payments,126.21,3.96,0,122.25,2026-03-19
ORD000018,Walmart Marketplace,239.82,0,28.78,211.04,2025-11-19
ORD000019,TikTok Payments,46.26,0.93,2.78,42.55,2026-06-12
ORD000020,TikTok Payments,185.04,3.7,11.1,170.24,2025-08-17
ORD000022,Shopify Payments,114.37,3.62,0,110.75,2026-01-23
ORD000024,TikTok Payments,90.14,1.8,5.41,82.93,2025-09-20
ORD000025,TikTok Payments,28.42,0.57,1.71,26.14,2026-07-27
ORD000026,Amazon Marketplace,105.09,0,15.76,89.33,2026-01-04
ORD000027,Shopify Payments,41.16,1.49,0,39.67,2025-08-26
ORD000028,TikTok Payments,188.71,3.77,11.32,173.62,2026-03-04
ORD000030,TikTok Payments,202.88,4.06,12.17,186.65,2026-06-21
ORD000031,TikTok Payments,149.76,3,8.99,137.77,2026-04-02
ORD000032,Amazon Marketplace,164.37,0,24.66,139.71,2026-04-05
ORD000034,TikTok Payments,175.99,3.52,10.56,161.91,2026-07-01
ORD000035,Amazon Marketplace,13.72,0,2.06,11.66,2025-12-27
ORD000036,TikTok Payments,139.72,2.79,8.38,128.55,2026-03-14
ORD000037,Shopify Payments,143.1,4.45,0,138.65,2025-10-09
ORD000038,Walmart Marketplace,51.82,0,6.22,45.6,2026-05-09
ORD000039,Walmart Marketplace,85.26,0,10.23,75.03,2025-09-04
ORD000040,TikTok Payments,33.48,0.67,2.01,30.8,2025-08-20
ORD000041,Walmart Marketplace,213.26,0,25.59,187.67,2026-04-22
ORD000043,Shopify Payments,195.47,5.97,0,189.5,2026-05-23
ORD000044,TikTok Payments,119.37,2.39,7.16,109.82,2025-11-22
ORD000045,TikTok Payments,215.38,4.31,12.92,198.15,2025-09-02
ORD000046,Amazon Marketplace,140.13,0,21.02,119.11,2026-07-06
ORD000047,Walmart Marketplace,316.24,0,37.95,278.29,2025-11-06
ORD000048,Walmart Marketplace,45.36,0,5.44,39.92,2026-07-10
ORD000049,Shopify Payments,304.33,9.13,0,295.2,2025-09-05
ORD000051,TikTok Payments,22.21,0.44,1.33,20.44,2025-11-16
ORD000052,Amazon Marketplace,169.82,0,25.47,144.35,2026-02-01
ORD000054,Amazon Marketplace,190.8,0,28.62,162.18,2026-06-29
ORD000055,Amazon Marketplace,110.08,0,16.51,93.57,2025-12-29
ORD000056,Shopify Payments,447.49,13.28,0,434.21,2025-09-30
ORD000057,Shopify Payments,298.32,8.95,0,289.37,2025-12-17
ORD000058,Shopify Payments,99.9,3.2,0,96.7,2025-12-12
ORD000059,TikTok Payments,214.6,4.29,12.88,197.43,2025-10-22
ORD000060,Shopify Payments,243.93,7.37,0,236.56,2026-04-13
ORD000061,Walmart Marketplace,89.56,0,10.75,78.81,2025-11-21
ORD000063,Walmart Marketplace,448.34,0,53.8,394.54,2026-08-06
ORD000064,Walmart Marketplace,88.16,0,10.58,77.58,2026-05-02
ORD000065,Shopify Payments,14.83,0.73,0,14.1,2026-04-05
ORD000066,Amazon Marketplace,56.84,0,8.53,48.31,2025-09-05
ORD000067,Amazon Marketplace,140.46,0,21.07,119.39,2026-04-01
ORD000068,TikTok Payments,239.25,4.79,14.35,220.11,2026-04-06
ORD000069,Amazon Marketplace,77.26,0,11.59,65.67,2025-10-15
ORD000070,Amazon Marketplace,27.44,0,4.12,23.32,2026-03-03
ORD000071,Amazon Marketplace,167.16,0,25.07,142.09,2026-05-19
ORD000072,Amazon Marketplace,85.26,0,12.79,72.47,2025-11-11
ORD000073,TikTok Payments,96.09,1.92,5.77,88.4,2025-10-03
ORD000074,TikTok Payments,286.69,5.73,17.2,263.76,2026-01-29
ORD000075,Amazon Marketplace,219.94,0,32.99,186.95,2026-01-03
ORD000076,TikTok Payments,228.29,4.57,13.7,210.02,2025-11-15
ORD000077,TikTok Payments,456.5,9.13,27.39,419.98,2026-07-27
ORD000078,Walmart Marketplace,323.04,0,38.76,284.28,2026-04-15
ORD000079,Walmart Marketplace,133.05,0,15.97,117.08,2026-05-02
ORD000080,Walmart Marketplace,96.96,0,11.64,85.32,2026-03-12
ORD000081,TikTok Payments,246.1,4.92,14.77,226.41,2025-10-27
ORD000083,Walmart Marketplace,198.12,0,23.77,174.35,2025-12-13
ORD000084,Walmart Marketplace,49.06,0,5.89,43.17,2026-07-01
ORD000085,Walmart Marketplace,287.37,0,34.48,252.89,2026-06-04
ORD000086,Walmart Marketplace,351.77,0,42.21,309.56,2026-06-06
ORD000087,TikTok Payments,77.67,1.55,4.66,71.46,2025-08-22
ORD000088,Amazon Marketplace,334.49,0,50.17,284.32,2025-11-05
ORD000089,Amazon Marketplace,292.92,0,43.94,248.98,2026-06-23
ORD000090,Amazon Marketplace,65.75,0,9.86,55.89,2025-08-21
ORD000091,Amazon Marketplace,198.77,0,29.82,168.95,2026-06-18
ORD000093,Amazon Marketplace,86.84,0,13.03,73.81,2026-01-12
ORD000094,Amazon Marketplace,211.65,0,31.75,179.9,2025-11-20
ORD000095,Amazon Marketplace,180.02,0,27,153.02,2025-09-03
ORD000096,Walmart Marketplace,200.16,0,24.02,176.14,2025-10-30
ORD000098,Amazon Marketplace,47.7,0,7.16,40.54,2026-03-16
ORD000099,Shopify Payments,194.45,5.94,0,188.51,2026-07-03
ORD000100,Shopify Payments,172.6,5.31,0,167.29,2026-05-02
ORD000101,Walmart Marketplace,250.96,0,30.12,220.84,2025-12-09
ORD000102,Shopify Payments,218.31,6.63,0,211.68,2025-10-17
ORD000103,Walmart Marketplace,254.47,0,30.54,223.93,2026-04-21
ORD000104,Walmart Marketplace,133.89,0,16.07,117.82,2026-02-17
ORD000105,TikTok Payments,190.8,3.82,11.45,175.53,2026-01-01
ORD000107,Walmart Marketplace,100.09,0,12.01,88.08,2026-07-29
ORD000108,TikTok Payments,188.69,3.77,11.32,173.6,2026-04-09
ORD000109,TikTok Payments,145.11,2.9,8.71,133.5,2026-01-28
ORD000112,TikTok Payments,111.21,2.22,6.67,102.32,2025-09-25
ORD000114,Shopify Payments,262.21,7.9,0,254.31,2026-05-13
ORD000115,Walmart Marketplace,84.14,0,10.1,74.04,2026-03-16
ORD000117,Amazon Marketplace,326.08,0,48.91,277.17,2025-11-18
ORD000118,TikTok Payments,313.8,6.28,18.83,288.69,2026-05-19
ORD000120,TikTok Payments,366.22,7.32,21.97,336.93,2026-01-16
ORD000123,Shopify Payments,277.54,8.35,0,269.19,2025-12-30
ORD000124,Amazon Marketplace,331.35,0,49.7,281.65,2025-12-27
ORD000126,Amazon Marketplace,126.44,0,18.97,107.47,2025-09-30
ORD000127,Shopify Payments,163.65,5.05,0,158.6,2026-02-09
ORD000128,Amazon Marketplace,155.1,0,23.27,131.83,2026-02-16
ORD000131,TikTok Payments,174.34,3.49,10.46,160.39,2025-08-20
ORD000132,Amazon Marketplace,288.54,0,43.28,245.26,2026-07-09
ORD000133,Walmart Marketplace,168.28,0,20.19,148.09,2025-09-20
ORD000134,Amazon Marketplace,181.14,0,27.17,153.97,2025-10-07
ORD000135,TikTok Payments,216.73,4.33,13,199.4,2026-04-02
ORD000136,TikTok Payments,196.72,3.93,11.8,180.99,2025-10-03
ORD000137,Amazon Marketplace,205.44,0,30.82,174.62,2026-06-13
ORD000138,TikTok Payments,229.13,4.58,13.75,210.8,2026-04-22
ORD000140,TikTok Payments,238.92,4.78,14.34,219.8,2026-03-21
ORD000142,TikTok Payments,85.26,1.71,5.12,78.43,2025-12-28
ORD000143,TikTok Payments,227.43,4.55,13.65,209.23,2025-12-29
ORD000144,Amazon Marketplace,190.6,0,28.59,162.01,2026-03-29
ORD000145,TikTok Payments,41.79,0.84,2.51,38.44,2026-01-29
ORD000146,Amazon Marketplace,54.96,0,8.24,46.72,2026-03-03
ORD000147,Walmart Marketplace,269.28,0,32.31,236.97,2025-11-14
ORD000148,Walmart Marketplace,290.31,0,34.84,255.47,2026-03-10
ORD000149,TikTok Payments,112.63,2.25,6.76,103.62,2026-07-01
ORD000150,TikTok Payments,109.01,2.18,6.54,100.29,2025-08-05
ORD000151,Walmart Marketplace,126.37,0,15.16,111.21,2026-05-01
ORD000155,Shopify Payments,168.6,5.19,0,163.41,2026-07-06
ORD000156,Amazon Marketplace,81.37,0,12.21,69.16,2026-03-05
ORD000157,Amazon Marketplace,112.63,0,16.89,95.74,2026-05-27
ORD000159,Walmart Marketplace,297.98,0,35.76,262.22,2026-06-03
ORD000162,Amazon Marketplace,497.14,0,74.57,422.57,2025-09-20
ORD000163,TikTok Payments,132.79,2.66,7.97,122.16,2025-11-24
ORD000164,TikTok Payments,108.42,2.17,6.51,99.74,2026-01-16
ORD000165,Amazon Marketplace,136.62,0,20.49,116.13,2025-10-10
ORD000167,TikTok Payments,152.06,3.04,9.12,139.9,2025-08-03
ORD000168,Shopify Payments,229.11,6.94,0,222.17,2026-05-04
ORD000170,Amazon Marketplace,83.99,0,12.6,71.39,2026-05-16
ORD000171,Shopify Payments,123.08,3.87,0,119.21,2025-11-06
ORD000172,Walmart Marketplace,107.59,0,12.91,94.68,2026-02-19
ORD000173,TikTok Payments,143.58,2.87,8.61,132.1,2026-05-25
ORD000174,Amazon Marketplace,340.6,0,51.09,289.51,2025-10-18
ORD000175,Walmart Marketplace,35.03,0,4.2,30.83,2026-02-23
ORD000176,TikTok Payments,98.12,1.96,5.89,90.27,2026-07-21
ORD000179,Shopify Payments,101.11,3.23,0,97.88,2026-03-28
ORD000180,Walmart Marketplace,167.16,0,20.06,147.1,2025-12-01
ORD000182,Amazon Marketplace,110.4,0,16.56,93.84,2026-04-13
ORD000184,Shopify Payments,132.47,4.14,0,128.33,2026-03-21
ORD000186,Shopify Payments,215.35,6.55,0,208.8,2025-09-26
ORD000187,Amazon Marketplace,122.24,0,18.34,103.9,2026-01-01
ORD000188,Amazon Marketplace,405.25,0,60.79,344.46,2026-05-31
ORD000189,TikTok Payments,205.76,4.12,12.35,189.29,2025-10-04
ORD000190,TikTok Payments,95.51,1.91,5.73,87.87,2026-02-28
ORD000191,Walmart Marketplace,83.01,0,9.96,73.05,2026-06-08
ORD000192,Amazon Marketplace,254.3,0,38.14,216.16,2026-08-03
ORD000193,TikTok Payments,76.98,1.54,4.62,70.82,2026-02-24
ORD000195,Walmart Marketplace,293.41,0,35.21,258.2,2025-08-08
ORD000196,Walmart Marketplace,59.81,0,7.18,52.63,2026-03-29
ORD000199,TikTok Payments,51.97,1.04,3.12,47.81,2025-08-10
ORD000200,Walmart Marketplace,80.46,0,9.66,70.8,2025-09-22
ORD000201,Shopify Payments,135.36,4.23,0,131.13,2026-07-23
ORD000202,Amazon Marketplace,35.03,0,5.25,29.78,2025-12-27
ORD000203,TikTok Payments,215.92,4.32,12.96,198.64,2026-07-08
ORD000204,Walmart Marketplace,182.78,0,21.93,160.85,2026-06-26
ORD000205,Walmart Marketplace,250.9,0,30.11,220.79,2026-06-17
ORD000206,Walmart Marketplace,159.62,0,19.15,140.47,2025-12-07
ORD000210,Amazon Marketplace,44.49,0,6.67,37.82,2026-07-15
ORD000211,Shopify Payments,55.34,1.9,0,53.44,2026-03-05
ORD000212,Amazon Marketplace,24.58,0,3.69,20.89,2025-09-08
ORD000213,Shopify Payments,297.18,8.92,0,288.26,2025-08-29
ORD000215,Shopify Payments,264.64,7.97,0,256.67,2026-02-01
ORD000216,Amazon Marketplace,89.56,0,13.43,76.13,2026-06-22
ORD000217,Amazon Marketplace,105.29,0,15.79,89.5,2025-09-03
ORD000218,Shopify Payments,148.84,4.62,0,144.22,2026-05-19
ORD000219,Shopify Payments,223.34,6.78,0,216.56,2026-02-20
ORD000220,Amazon Marketplace,56.29,0,8.44,47.85,2026-06-01
ORD000221,TikTok Payments,252.51,5.05,15.15,232.31,2025-09-19
ORD000222,Shopify Payments,169.27,5.21,0,164.06,2025-09-14
ORD000223,TikTok Payments,25.89,0.52,1.55,23.82,2026-04-14
ORD000224,TikTok Payments,154.65,3.09,9.28,142.28,2026-02-03
ORD000225,TikTok Payments,319.11,6.38,19.15,293.58,2026-03-03
ORD000226,Walmart Marketplace,336.24,0,40.35,295.89,2025-10-13
ORD000228,Walmart Marketplace,188,0,22.56,165.44,2026-03-02
ORD000229,TikTok Payments,269.76,5.4,16.19,248.17,2026-07-05
ORD000230,TikTok Payments,73.98,1.48,4.44,68.06,2026-03-25
ORD000232,Amazon Marketplace,41.16,0,6.17,34.99,2025-10-29
ORD000233,TikTok Payments,347.22,6.94,20.83,319.45,2026-07-27
ORD000234,Amazon Marketplace,82.17,0,12.33,69.84,2026-03-07
ORD000235,Walmart Marketplace,349.82,0,41.98,307.84,2026-05-30
ORD000237,Walmart Marketplace,41.79,0,5.01,36.78,2026-05-04
ORD000238,Walmart Marketplace,184.02,0,22.08,161.94,2025-10-25
ORD000239,TikTok Payments,268.2,5.36,16.09,246.75,2026-05-05
ORD000240,Shopify Payments,196.77,6.01,0,190.76,2025-11-26
ORD000241,Walmart Marketplace,56.14,0,6.74,49.4,2026-01-09
ORD000242,Amazon Marketplace,220.51,0,33.08,187.43,2026-04-25
ORD000243,Shopify Payments,247.16,7.47,0,239.69,2026-04-06
ORD000244,Shopify Payments,114.51,3.62,0,110.89,2025-12-21
ORD000245,Shopify Payments,361.05,10.77,0,350.28,2026-01-14
ORD000246,Shopify Payments,181.51,5.56,0,175.95,2026-07-12
ORD000248,Amazon Marketplace,90.57,0,13.59,76.98,2026-01-31
ORD000249,Shopify Payments,201.58,6.15,0,195.43,2025-09-12
ORD000250,TikTok Payments,44.49,0.89,2.67,40.93,2025-11-07
ORD000251,Walmart Marketplace,427.02,0,51.24,375.78,2025-11-03
ORD000252,Shopify Payments,179.09,5.49,0,173.6,2025-08-22
ORD000253,TikTok Payments,232.27,4.65,13.94,213.68,2025-12-10
ORD000254,Walmart Marketplace,31.61,0,3.79,27.82,2025-08-17
ORD000255,TikTok Payments,164.6,3.29,9.88,151.43,2026-03-17
ORD000256,Shopify Payments,285.56,8.58,0,276.98,2026-02-27
ORD000257,Walmart Marketplace,59.32,0,7.12,52.2,2025-11-06
ORD000258,Shopify Payments,321.02,9.61,0,311.41,2026-03-13
ORD000259,TikTok Payments,126.44,2.53,7.59,116.32,2025-10-25
ORD000260,Shopify Payments,153.18,4.74,0,148.44,2025-07-29
ORD000262,Amazon Marketplace,225.37,0,33.81,191.56,2026-05-10
ORD000263,Walmart Marketplace,190.97,0,22.92,168.05,2026-04-10
ORD000265,Shopify Payments,153.98,4.77,0,149.21,2025-10-23
ORD000266,TikTok Payments,44.49,0.89,2.67,40.93,2025-08-28
ORD000268,TikTok Payments,315.82,6.32,18.95,290.55,2025-08-15
ORD000269,TikTok Payments,273.98,5.48,16.44,252.06,2026-07-01
ORD000270,Shopify Payments,30.19,1.18,0,29.01,2025-12-02
ORD000271,Shopify Payments,199.24,6.08,0,193.16,2025-08-23
ORD000272,Shopify Payments,338.32,10.11,0,328.21,2026-02-13
ORD000275,Shopify Payments,152.24,4.71,0,147.53,2026-04-14
ORD000276,TikTok Payments,351.82,7.04,21.11,323.67,2026-02-06
ORD000277,Shopify Payments,24.53,1.01,0,23.52,2025-10-18
ORD000278,TikTok Payments,224.13,4.48,13.45,206.2,2026-02-27
ORD000280,Shopify Payments,231.16,7,0,224.16,2026-05-04
ORD000281,TikTok Payments,41.79,0.84,2.51,38.44,2026-07-31
ORD000283,TikTok Payments,134.06,2.68,8.04,123.34,2026-03-10
ORD000284,Shopify Payments,218.2,6.63,0,211.57,2026-03-07
ORD000285,Walmart Marketplace,148.68,0,17.84,130.84,2026-02-08
ORD000286,TikTok Payments,343.92,6.88,20.64,316.4,2025-11-03
ORD000287,TikTok Payments,24.58,0.49,1.47,22.62,2026-06-03
ORD000288,Walmart Marketplace,144.95,0,17.39,127.56,2026-02-07
ORD000289,Shopify Payments,277.17,8.34,0,268.83,2026-06-05
ORD000290,Amazon Marketplace,148.59,0,22.29,126.3,2026-01-13
ORD000291,Shopify Payments,211.58,6.44,0,205.14,2025-10-09
ORD000292,TikTok Payments,96.89,1.94,5.81,89.14,2025-09-08
ORD000293,Amazon Marketplace,144.09,0,21.61,122.48,2025-09-14
ORD000294,Amazon Marketplace,212.16,0,31.82,180.34,2026-04-21
ORD000295,Walmart Marketplace,195.25,0,23.43,171.82,2026-01-24
ORD000300,Amazon Marketplace,285.12,0,42.77,242.35,2026-07-10
ORD000301,Walmart Marketplace,195.4,0,23.45,171.95,2026-05-18
ORD000302,TikTok Payments,28.12,0.56,1.69,25.87,2025-08-23
ORD000303,Amazon Marketplace,97.9,0,14.68,83.22,2026-04-27
ORD000304,Amazon Marketplace,162.57,0,24.39,138.18,2026-04-18
ORD000305,Walmart Marketplace,130.45,0,15.65,114.8,2026-04-16
ORD000306,TikTok Payments,176.76,3.54,10.61,162.61,2025-09-10
ORD000309,TikTok Payments,244.09,4.88,14.65,224.56,2026-05-10
ORD000311,Amazon Marketplace,48.95,0,7.34,41.61,2026-06-15
ORD000312,Walmart Marketplace,88.38,0,10.61,77.77,2026-07-08
ORD000313,Amazon Marketplace,230.2,0,34.53,195.67,2025-09-21
ORD000314,Shopify Payments,54.78,1.89,0,52.89,2025-11-01
ORD000315,Walmart Marketplace,258.66,0,31.04,227.62,2025-10-22
ORD000316,Amazon Marketplace,282.4,0,42.36,240.04,2025-10-22
ORD000317,Walmart Marketplace,337.72,0,40.53,297.19,2026-03-04
ORD000318,Amazon Marketplace,128.92,0,19.34,109.58,2026-01-31
ORD000319,TikTok Payments,199.75,4,11.98,183.77,2025-09-26
ORD000322,Walmart Marketplace,36.04,0,4.32,31.72,2025-11-26
ORD000323,Amazon Marketplace,70.46,0,10.57,59.89,2026-02-04
ORD000324,Walmart Marketplace,383.65,0,46.04,337.61,2025-11-14
ORD000325,TikTok Payments,168.54,3.37,10.11,155.06,2026-07-06
ORD000326,Walmart Marketplace,83.01,0,9.96,73.05,2026-08-01
ORD000327,Walmart Marketplace,345.5,0,41.46,304.04,2025-09-07
ORD000328,TikTok Payments,24.58,0.49,1.47,22.62,2026-01-22
ORD000329,Walmart Marketplace,145.44,0,17.45,127.99,2026-06-19
ORD000330,TikTok Payments,242.67,4.85,14.56,223.26,2026-07-01
ORD000333,Walmart Marketplace,113.99,0,13.68,100.31,2025-09-16
ORD000334,TikTok Payments,398.32,7.97,23.9,366.45,2025-08-20
ORD000335,Amazon Marketplace,311.91,0,46.79,265.12,2026-04-19
ORD000336,Amazon Marketplace,27.44,0,4.12,23.32,2026-03-06
ORD000338,TikTok Payments,210.2,4.2,12.61,193.39,2025-08-06
ORD000339,Amazon Marketplace,59.32,0,8.9,50.42,2025-09-15
ORD000340,Walmart Marketplace,39.24,0,4.71,34.53,2026-08-03
ORD000341,Walmart Marketplace,139.56,0,16.75,122.81,2026-05-28
ORD000343,Shopify Payments,20.92,0.91,0,20.01,2025-10-28
ORD000344,Walmart Marketplace,140.26,0,16.83,123.43,2025-10-12
ORD000346,Amazon Marketplace,99.1,0,14.86,84.24,2026-02-13
ORD000347,TikTok Payments,514.48,10.29,30.87,473.32,2026-02-03
ORD000348,Walmart Marketplace,327.82,0,39.34,288.48,2025-10-31
ORD000349,Amazon Marketplace,84.14,0,12.62,71.52,2026-07-09
ORD000350,Walmart Marketplace,125.57,0,15.07,110.5,2026-01-11
ORD000351,Walmart Marketplace,149.26,0,17.91,131.35,2026-07-24
ORD000352,Walmart Marketplace,356.07,0,42.73,313.34,2025-09-01
ORD000354,Walmart Marketplace,242.22,0,29.07,213.15,2026-01-03
ORD000355,Shopify Payments,285.21,8.57,0,276.64,2025-07-29
ORD000356,Shopify Payments,116.7,3.68,0,113.02,2025-12-25
ORD000357,TikTok Payments,96.96,1.94,5.82,89.2,2025-11-12
ORD000358,Walmart Marketplace,15.12,0,1.81,13.31,2026-08-04
ORD000359,Walmart Marketplace,353.49,0,42.42,311.07,2026-06-10
ORD000360,TikTok Payments,203.25,4.07,12.2,186.98,2026-06-02
ORD000361,TikTok Payments,211.86,4.24,12.71,194.91,2026-01-25
ORD000362,Amazon Marketplace,92.52,0,13.88,78.64,2025-11-26
ORD000364,Walmart Marketplace,265.24,0,31.83,233.41,2026-05-05
ORD000365,Amazon Marketplace,419.07,0,62.86,356.21,2026-05-20
ORD000366,TikTok Payments,93.93,1.88,5.64,86.41,2026-06-03
ORD000368,TikTok Payments,241.54,4.83,14.49,222.22,2026-04-17
ORD000370,Walmart Marketplace,77.43,0,9.29,68.14,2026-02-14
ORD000371,TikTok Payments,166.4,3.33,9.98,153.09,2025-09-30
ORD000372,TikTok Payments,169.92,3.4,10.2,156.32,2025-10-14
ORD000373,TikTok Payments,104.77,2.1,6.29,96.38,2025-11-25
ORD000374,Amazon Marketplace,174.3,0,26.14,148.16,2025-11-01
ORD000375,Walmart Marketplace,295.08,0,35.41,259.67,2025-08-30
ORD000376,Amazon Marketplace,227.11,0,34.07,193.04,2026-03-21
ORD000377,Shopify Payments,107.96,3.43,0,104.53,2026-05-10
ORD000378,TikTok Payments,28.42,0.57,1.71,26.14,2026-02-27
ORD000379,TikTok Payments,381.22,7.62,22.87,350.73,2025-08-26
ORD000380,TikTok Payments,127.4,2.55,7.64,117.21,2026-05-18
ORD000381,Shopify Payments,41.16,1.49,0,39.67,2025-11-25
ORD000382,Amazon Marketplace,133.62,0,20.04,113.58,2025-08-31
ORD000385,Walmart Marketplace,208.86,0,25.06,183.8,2026-02-10
ORD000386,Walmart Marketplace,557.76,0,66.93,490.83,2026-02-19
ORD000387,Shopify Payments,189.51,5.8,0,183.71,2026-07-21
ORD000390,TikTok Payments,129.15,2.58,7.75,118.82,2025-10-03
ORD000391,Walmart Marketplace,312.34,0,37.48,274.86,2025-08-30
ORD000392,Amazon Marketplace,27.44,0,4.12,23.32,2026-02-21
ORD000394,Amazon Marketplace,203.03,0,30.45,172.58,2026-07-05
ORD000395,TikTok Payments,125.6,2.51,7.54,115.55,2025-10-14
ORD000396,Shopify Payments,131.5,4.11,0,127.39,2025-08-24
ORD000397,Shopify Payments,55.2,1.9,0,53.3,2026-03-15
ORD000398,Walmart Marketplace,90.57,0,10.87,79.7,2025-09-04
ORD000399,Walmart Marketplace,64.07,0,7.69,56.38,2026-04-27
ORD000400,TikTok Payments,199.68,3.99,11.98,183.71,2026-07-01
ORD000401,TikTok Payments,274.94,5.5,16.5,252.94,2025-10-31
ORD000402,TikTok Payments,218.46,4.37,13.11,200.98,2026-01-06
ORD000403,TikTok Payments,126.44,2.53,7.59,116.32,2025-09-16
ORD000404,Amazon Marketplace,169.92,0,25.49,144.43,2026-08-08
ORD000405,Amazon Marketplace,125.37,0,18.81,106.56,2026-07-20
ORD000406,Shopify Payments,83.01,2.71,0,80.3,2026-03-06
ORD000407,Amazon Marketplace,254,0,38.1,215.9,2025-11-11
ORD000408,Amazon Marketplace,41.84,0,6.28,35.56,2026-03-22
ORD000409,Amazon Marketplace,243.37,0,36.51,206.86,2026-03-27
ORD000410,Walmart Marketplace,81.23,0,9.75,71.48,2025-08-25
ORD000411,Amazon Marketplace,250.17,0,37.53,212.64,2026-04-06
ORD000412,Shopify Payments,27.39,1.09,0,26.3,2025-08-28
ORD000415,Shopify Payments,359.55,10.73,0,348.82,2026-03-11
ORD000416,TikTok Payments,146.55,2.93,8.79,134.83,2026-03-10
ORD000417,Amazon Marketplace,54.78,0,8.22,46.56,2026-02-27
ORD000418,Walmart Marketplace,307.94,0,36.95,270.99,2025-12-08
ORD000419,Walmart Marketplace,317.44,0,38.09,279.35,2026-08-08
ORD000420,TikTok Payments,256.64,5.13,15.4,236.11,2025-11-10
ORD000421,Amazon Marketplace,54.55,0,8.18,46.37,2025-10-26
ORD000422,Walmart Marketplace,339.8,0,40.78,299.02,2026-04-25
ORD000423,Amazon Marketplace,193.15,0,28.97,164.18,2026-05-15
ORD000425,Walmart Marketplace,158.82,0,19.06,139.76,2025-11-09
ORD000426,Amazon Marketplace,28.42,0,4.26,24.16,2025-11-21
ORD000427,TikTok Payments,62.64,1.25,3.76,57.63,2026-01-02
ORD000428,Amazon Marketplace,145.14,0,21.77,123.37,2025-09-29
ORD000429,Shopify Payments,142.43,4.43,0,138,2026-04-14
ORD000430,TikTok Payments,281.54,5.63,16.89,259.02,2026-04-09
ORD000432,Shopify Payments,54.55,1.88,0,52.67,2026-01-20
ORD000433,Shopify Payments,155.1,4.8,0,150.3,2025-11-28
ORD000434,Amazon Marketplace,167.15,0,25.07,142.08,2026-08-04
ORD000435,TikTok Payments,158.1,3.16,9.49,145.45,2026-05-19
ORD000437,TikTok Payments,157.35,3.15,9.44,144.76,2025-08-31
ORD000439,Shopify Payments,166.05,5.12,0,160.93,2026-01-20
ORD000440,Amazon Marketplace,126.21,0,18.93,107.28,2026-04-07
ORD000441,Amazon Marketplace,169.99,0,25.5,144.49,2026-03-15
ORD000442,Amazon Marketplace,109.56,0,16.43,93.13,2025-09-15
ORD000443,TikTok Payments,127.91,2.56,7.67,117.68,2025-08-31
ORD000445,Shopify Payments,193.2,5.9,0,187.3,2025-10-17
ORD000446,Walmart Marketplace,39.16,0,4.7,34.46,2026-02-21
ORD000447,Shopify Payments,22.21,0.94,0,21.27,2025-11-08
ORD000448,Shopify Payments,192.96,5.9,0,187.06,2025-09-18
ORD000449,Shopify Payments,112.78,3.57,0,109.21,2026-07-26
ORD000450,Shopify Payments,88.82,2.88,0,85.94,2025-12-10
ORD000451,Shopify Payments,80.39,2.63,0,77.76,2026-07-04
ORD000452,Shopify Payments,211.4,6.43,0,204.97,2025-08-24
ORD000453,Amazon Marketplace,31.32,0,4.7,26.62,2026-07-15
ORD000454,Shopify Payments,44.49,1.59,0,42.9,2025-10-29
ORD000455,Amazon Marketplace,137.96,0,20.69,117.27,2025-12-30
ORD000456,Shopify Payments,55.94,1.92,0,54.02,2025-11-14
ORD000457,Shopify Payments,126.28,3.96,0,122.32,2025-09-26
ORD000458,Walmart Marketplace,218.17,0,26.18,191.99,2026-01-26
ORD000459,Walmart Marketplace,112.28,0,13.47,98.81,2026-06-27
ORD000460,TikTok Payments,224.89,4.5,13.49,206.9,2026-03-01
ORD000461,TikTok Payments,44.78,0.9,2.69,41.19,2026-05-02
ORD000463,TikTok Payments,292.12,5.84,17.53,268.75,2026-03-26
ORD000465,Walmart Marketplace,102.27,0,12.27,90,2026-04-18
ORD000466,Shopify Payments,243.95,7.37,0,236.58,2026-02-17
ORD000467,TikTok Payments,41.16,0.82,2.47,37.87,2025-08-06
ORD000468,TikTok Payments,283.08,5.66,16.98,260.44,2026-04-18
ORD000469,Shopify Payments,43.02,1.55,0,41.47,2026-06-09
ORD000470,Shopify Payments,109.56,3.48,0,106.08,2026-03-01
ORD000471,Amazon Marketplace,103.96,0,15.59,88.37,2025-12-02
ORD000472,Amazon Marketplace,163.12,0,24.47,138.65,2026-08-05
ORD000473,Walmart Marketplace,128.94,0,15.47,113.47,2026-04-24
ORD000474,Walmart Marketplace,301.63,0,36.2,265.43,2025-09-17
ORD000475,Walmart Marketplace,217.52,0,26.1,191.42,2026-08-08
ORD000478,Shopify Payments,58.91,2.01,0,56.9,2025-11-07
ORD000479,Amazon Marketplace,13.72,0,2.06,11.66,2025-09-21
ORD000480,TikTok Payments,31.32,0.63,1.88,28.81,2026-07-13
ORD000481,Walmart Marketplace,260.55,0,31.27,229.28,2025-09-20
ORD000483,Shopify Payments,163.65,5.05,0,158.6,2026-02-28
ORD000484,Amazon Marketplace,56.19,0,8.43,47.76,2025-10-09
ORD000485,Walmart Marketplace,135.7,0,16.28,119.42,2025-11-22
ORD000486,Shopify Payments,29.49,1.16,0,28.33,2025-11-15
ORD000487,TikTok Payments,67.17,1.34,4.03,61.8,2026-03-23
ORD000488,TikTok Payments,31.61,0.63,1.9,29.08,2025-10-21
ORD000489,Walmart Marketplace,310.71,0,37.29,273.42,2026-05-14
ORD000490,Amazon Marketplace,200.29,0,30.04,170.25,2025-12-21
ORD000491,Shopify Payments,49.53,1.74,0,47.79,2025-10-16
ORD000492,TikTok Payments,317.52,6.35,19.05,292.12,2026-04-26
ORD000493,Shopify Payments,97.82,3.14,0,94.68,2026-04-01
ORD000494,TikTok Payments,101.07,2.02,6.06,92.99,2026-06-28
ORD000495,Shopify Payments,154.52,4.78,0,149.74,2025-11-08
ORD000499,Shopify Payments,218.2,6.63,0,211.57,2026-07-14
ORD000500,Amazon Marketplace,66.63,0,9.99,56.64,2026-07-26
ORD000501,TikTok Payments,168.28,3.37,10.1,154.81,2026-06-25
ORD000503,Amazon Marketplace,22.21,0,3.33,18.88,2025-09-12
ORD000504,Amazon Marketplace,73.59,0,11.04,62.55,2026-04-11
ORD000505,Walmart Marketplace,303.02,0,36.36,266.66,2026-01-19
ORD000506,TikTok Payments,224.56,4.49,13.47,206.6,2026-06-20
ORD000507,Amazon Marketplace,162.31,0,24.35,137.96,2025-11-25
ORD000508,TikTok Payments,308.36,6.17,18.5,283.69,2025-08-18
ORD000509,Amazon Marketplace,60.48,0,9.07,51.41,2025-08-11
ORD000510,TikTok Payments,167.79,3.36,10.07,154.36,2025-12-09
ORD000511,Walmart Marketplace,117.72,0,14.13,103.59,2026-06-05
ORD000513,Shopify Payments,58.98,2.01,0,56.97,2026-04-02
ORD000514,Amazon Marketplace,55.34,0,8.3,47.04,2025-11-18
ORD000515,TikTok Payments,167.64,3.35,10.06,154.23,2025-10-03
ORD000516,Shopify Payments,331.72,9.92,0,321.8,2026-05-10
ORD000518,TikTok Payments,119.36,2.39,7.16,109.81,2026-03-05
ORD000519,Shopify Payments,179.05,5.49,0,173.56,2026-04-29
ORD000520,Shopify Payments,378.62,11.28,0,367.34,2026-01-11
ORD000521,Walmart Marketplace,120.58,0,14.47,106.11,2026-03-13
ORD000523,TikTok Payments,255.99,5.12,15.36,235.51,2025-09-15
ORD000524,TikTok Payments,192.62,3.85,11.56,177.21,2025-08-30
ORD000525,TikTok Payments,230.11,4.6,13.81,211.7,2026-07-11
ORD000526,Walmart Marketplace,261.72,0,31.41,230.31,2026-05-05
ORD000527,TikTok Payments,44.03,0.88,2.64,40.51,2026-07-19
ORD000528,Walmart Marketplace,197.43,0,23.69,173.74,2025-10-04
ORD000529,Shopify Payments,89.85,2.91,0,86.94,2026-02-24
ORD000530,Walmart Marketplace,128.55,0,15.43,113.12,2025-08-23
ORD000532,Shopify Payments,187.39,5.73,0,181.66,2025-12-18
ORD000533,Shopify Payments,52.18,1.81,0,50.37,2026-03-11
ORD000534,Amazon Marketplace,81.3,0,12.2,69.1,2026-03-11
ORD000535,Walmart Marketplace,224.56,0,26.95,197.61,2025-10-05
ORD000536,Walmart Marketplace,229.44,0,27.53,201.91,2026-01-21
ORD000538,Shopify Payments,283.89,8.53,0,275.36,2025-08-12
ORD000539,Shopify Payments,45.36,1.62,0,43.74,2025-11-24
ORD000540,Walmart Marketplace,231.17,0,27.74,203.43,2025-12-28
ORD000541,TikTok Payments,14.83,0.3,0.89,13.64,2026-07-18
ORD000542,Shopify Payments,199.62,6.09,0,193.53,2026-07-25
ORD000543,Amazon Marketplace,84.5,0,12.67,71.83,2026-06-13
ORD000544,Amazon Marketplace,252.48,0,37.87,214.61,2026-07-08
ORD000545,Walmart Marketplace,93.96,0,11.28,82.68,2025-08-25
ORD000546,Walmart Marketplace,216.84,0,26.02,190.82,2026-07-24
ORD000549,TikTok Payments,195.4,3.91,11.72,179.77,2026-04-23
ORD000550,Shopify Payments,45.04,1.61,0,43.43,2025-10-31
ORD000551,Amazon Marketplace,234.81,0,35.22,199.59,2026-04-26
ORD000552,Shopify Payments,100.13,3.2,0,96.93,2025-09-04
ORD000553,Shopify Payments,132.93,4.15,0,128.78,2025-12-12
ORD000554,Amazon Marketplace,83.58,0,12.54,71.04,2026-06-07
ORD000555,TikTok Payments,297.48,5.95,17.85,273.68,2026-03-08
ORD000556,TikTok Payments,59.32,1.19,3.56,54.57,2026-07-11
ORD000557,Walmart Marketplace,207.87,0,24.94,182.93,2026-07-13
ORD000558,Shopify Payments,126.44,3.97,0,122.47,2026-01-02
ORD000560,Shopify Payments,152.56,4.72,0,147.84,2026-05-14
ORD000561,Amazon Marketplace,94.67,0,14.2,80.47,2025-10-07
ORD000562,Walmart Marketplace,176.73,0,21.21,155.52,2026-08-02
ORD000563,Amazon Marketplace,353.31,0,53,300.31,2026-08-04
ORD000564,Shopify Payments,254.38,7.68,0,246.7,2025-10-27
ORD000565,Walmart Marketplace,113.68,0,13.64,100.04,2026-07-11
ORD000567,TikTok Payments,76.06,1.52,4.56,69.98,2026-06-08
ORD000568,Amazon Marketplace,207.07,0,31.06,176.01,2026-06-19
ORD000569,Walmart Marketplace,144.24,0,17.31,126.93,2025-10-17
ORD000571,TikTok Payments,144.2,2.88,8.65,132.67,2026-01-09
ORD000572,Shopify Payments,35.32,1.32,0,34,2025-08-06
ORD000573,Shopify Payments,119.51,3.77,0,115.74,2025-10-06
ORD000574,Amazon Marketplace,46.26,0,6.94,39.32,2026-05-21
ORD000575,Walmart Marketplace,168.39,0,20.21,148.18,2026-08-03
ORD000577,Walmart Marketplace,501.74,0,60.21,441.53,2026-06-09
ORD000578,TikTok Payments,150.75,3.02,9.04,138.69,2026-07-28
ORD000580,TikTok Payments,421.06,8.42,25.26,387.38,2026-06-09
ORD000582,Amazon Marketplace,29.49,0,4.42,25.07,2026-07-11
ORD000583,Shopify Payments,73.59,2.43,0,71.16,2026-05-09
ORD000584,Shopify Payments,247.77,7.49,0,240.28,2026-06-08
ORD000585,Amazon Marketplace,195.4,0,29.31,166.09,2025-11-12
ORD000586,Shopify Payments,259.98,7.84,0,252.14,2025-11-09
ORD000589,Shopify Payments,143.1,4.45,0,138.65,2026-04-27
ORD000591,Shopify Payments,89.03,2.88,0,86.15,2025-12-22
ORD000592,Shopify Payments,292.65,8.79,0,283.86,2026-07-02
ORD000595,Shopify Payments,161.72,4.99,0,156.73,2026-01-26
ORD000597,Shopify Payments,110.4,3.5,0,106.9,2025-10-12
ORD000598,Amazon Marketplace,182.79,0,27.42,155.37,2026-06-22
ORD000600,TikTok Payments,63.22,1.26,3.79,58.17,2026-01-28
ORD000602,Shopify Payments,41.84,1.51,0,40.33,2025-11-22
ORD000603,Amazon Marketplace,85.26,0,12.79,72.47,2026-06-22
ORD000604,Amazon Marketplace,58.98,0,8.85,50.13,2026-06-14
ORD000605,TikTok Payments,60.38,1.21,3.62,55.55,2026-07-06
ORD000606,TikTok Payments,319.68,6.39,19.18,294.11,2025-10-30
ORD000607,Amazon Marketplace,129.92,0,19.49,110.43,2025-11-04
ORD000608,Amazon Marketplace,208.07,0,31.21,176.86,2025-08-17
ORD000609,Walmart Marketplace,253.62,0,30.43,223.19,2026-04-23
ORD000611,Amazon Marketplace,120.76,0,18.11,102.65,2026-01-09
ORD000613,TikTok Payments,89.56,1.79,5.37,82.4,2025-11-17
ORD000614,Shopify Payments,55.04,1.9,0,53.14,2026-06-27
ORD000616,Shopify Payments,120.45,3.79,0,116.66,2026-05-24
ORD000617,Amazon Marketplace,277,0,41.55,235.45,2025-11-24
ORD000619,Shopify Payments,177.2,5.44,0,171.76,2026-04-02
ORD000620,TikTok Payments,278.73,5.57,16.72,256.44,2026-02-14
ORD000621,Walmart Marketplace,47.7,0,5.72,41.98,2026-01-11
ORD000622,TikTok Payments,113.99,2.28,6.84,104.87,2026-04-21
ORD000626,Walmart Marketplace,244.98,0,29.4,215.58,2026-08-09
ORD000627,Walmart Marketplace,60.38,0,7.25,53.13,2025-08-19
ORD000628,Walmart Marketplace,199.76,0,23.97,175.79,2025-09-21
ORD000629,Shopify Payments,164.44,5.07,0,159.37,2026-07-02
ORD000631,TikTok Payments,285.77,5.72,17.15,262.9,2025-10-10
ORD000632,TikTok Payments,386.29,7.73,23.18,355.38,2026-03-16
ORD000633,Walmart Marketplace,197.54,0,23.7,173.84,2025-11-19
ORD000635,Shopify Payments,232.29,7.04,0,225.25,2025-09-08
ORD000636,Walmart Marketplace,92.52,0,11.1,81.42,2026-03-28
ORD000637,Walmart Marketplace,109.1,0,13.09,96.01,2026-01-23
ORD000640,Shopify Payments,59.76,2.03,0,57.73,2026-05-30
ORD000641,Shopify Payments,262.4,7.91,0,254.49,2025-11-27
ORD000643,Shopify Payments,75.27,2.48,0,72.79,2026-03-21
ORD000646,Walmart Marketplace,137.23,0,16.47,120.76,2026-01-06
ORD000647,Shopify Payments,138.47,4.32,0,134.15,2026-07-12
ORD000648,TikTok Payments,129.06,2.58,7.74,118.74,2026-03-14
ORD000651,Walmart Marketplace,226.91,0,27.23,199.68,2025-08-27
ORD000655,Walmart Marketplace,203.22,0,24.39,178.83,2026-02-26
ORD000657,Amazon Marketplace,198.12,0,29.72,168.4,2026-06-19
ORD000658,Amazon Marketplace,192.84,0,28.93,163.91,2026-03-06
ORD000659,Walmart Marketplace,308.2,0,36.98,271.22,2026-05-02
ORD000660,Walmart Marketplace,82.17,0,9.86,72.31,2026-05-16
ORD000661,Shopify Payments,345.99,10.33,0,335.66,2026-07-29
ORD000662,Shopify Payments,129.06,4.04,0,125.02,2026-05-12
ORD000663,Walmart Marketplace,179.23,0,21.51,157.72,2026-05-22
ORD000664,Amazon Marketplace,289.36,0,43.4,245.96,2026-04-25
ORD000665,Walmart Marketplace,319.79,0,38.37,281.42,2025-10-25
ORD000667,Walmart Marketplace,176.64,0,21.2,155.44,2026-01-24
ORD000668,Walmart Marketplace,178.2,0,21.38,156.82,2025-09-05
ORD000669,TikTok Payments,62.71,1.25,3.76,57.7,2026-04-16
ORD000670,TikTok Payments,109.99,2.2,6.6,101.19,2026-07-26
ORD000671,Walmart Marketplace,126.78,0,15.21,111.57,2025-12-14
ORD000672,Walmart Marketplace,41.16,0,4.94,36.22,2026-04-08
ORD000673,Shopify Payments,41.16,1.49,0,39.67,2025-11-25
ORD000674,Shopify Payments,172.08,5.29,0,166.79,2026-04-12
ORD000676,Walmart Marketplace,480.84,0,57.7,423.14,2025-09-27
ORD000677,Walmart Marketplace,105.09,0,12.61,92.48,2026-05-16
ORD000678,Walmart Marketplace,137.68,0,16.52,121.16,2026-07-24
ORD000679,Amazon Marketplace,129.06,0,19.36,109.7,2025-12-04
ORD000681,Shopify Payments,223.76,6.79,0,216.97,2025-11-25
ORD000682,Walmart Marketplace,67.17,0,8.06,59.11,2026-04-25
ORD000683,TikTok Payments,145.34,2.91,8.72,133.71,2026-01-06
ORD000686,Amazon Marketplace,179.13,0,26.87,152.26,2026-05-06
ORD000687,Walmart Marketplace,63.68,0,7.64,56.04,2025-11-30
ORD000688,Shopify Payments,70.64,2.35,0,68.29,2026-02-27
ORD000689,Amazon Marketplace,266.43,0,39.96,226.47,2025-09-28
ORD000690,TikTok Payments,153.02,3.06,9.18,140.78,2025-10-16
ORD000692,Walmart Marketplace,225.26,0,27.03,198.23,2026-04-25
ORD000693,Shopify Payments,244.14,7.38,0,236.76,2026-07-27
ORD000694,Shopify Payments,82.8,2.7,0,80.1,2025-12-22
ORD000695,TikTok Payments,356.97,7.14,21.42,328.41,2026-04-21
ORD000696,Walmart Marketplace,33.48,0,4.02,29.46,2026-05-25
ORD000697,Shopify Payments,156.65,4.84,0,151.81,2026-07-14
ORD000698,Amazon Marketplace,139.15,0,20.87,118.28,2025-10-15
ORD000700,Shopify Payments,236.48,7.16,0,229.32,2026-03-07
ORD000701,Amazon Marketplace,446.58,0,66.99,379.59,2025-12-02
ORD000705,TikTok Payments,97.95,1.96,5.88,90.11,2025-08-02
ORD000707,Walmart Marketplace,174.34,0,20.92,153.42,2025-11-27
ORD000708,Amazon Marketplace,298.96,0,44.84,254.12,2025-10-30
ORD000709,Walmart Marketplace,168.28,0,20.19,148.09,2026-01-23
ORD000710,Shopify Payments,99.84,3.2,0,96.64,2026-05-30
ORD000712,Amazon Marketplace,24.53,0,3.68,20.85,2026-03-31
ORD000713,Walmart Marketplace,302.23,0,36.27,265.96,2026-04-19
ORD000714,Amazon Marketplace,44.19,0,6.63,37.56,2025-12-12
ORD000715,Shopify Payments,173.98,5.35,0,168.63,2026-01-23
ORD000716,Shopify Payments,125.28,3.93,0,121.35,2026-01-16
ORD000717,Shopify Payments,171.16,5.26,0,165.9,2026-01-16
ORD000718,Amazon Marketplace,22.21,0,3.33,18.88,2026-04-27
ORD000719,TikTok Payments,176.76,3.54,10.61,162.61,2025-10-23
ORD000720,Shopify Payments,97.11,3.12,0,93.99,2026-02-10
ORD000721,Walmart Marketplace,109.1,0,13.09,96.01,2026-02-08
ORD000722,Walmart Marketplace,223.25,0,26.79,196.46,2026-06-14
ORD000723,Amazon Marketplace,308.82,0,46.32,262.5,2026-07-23
ORD000724,Amazon Marketplace,54.88,0,8.23,46.65,2026-06-15
ORD000725,TikTok Payments,65.75,1.31,3.94,60.5,2026-05-13
ORD000726,Walmart Marketplace,218.2,0,26.18,192.02,2025-10-14
ORD000728,Amazon Marketplace,150.94,0,22.64,128.3,2025-09-09
ORD000729,Shopify Payments,82.8,2.7,0,80.1,2025-11-15
ORD000730,Walmart Marketplace,126.21,0,15.15,111.06,2026-02-25
ORD000731,Shopify Payments,193.92,5.92,0,188,2026-04-10
ORD000733,TikTok Payments,109.62,2.19,6.58,100.85,2026-03-30
ORD000734,Walmart Marketplace,160.99,0,19.32,141.67,2025-12-18
ORD000736,TikTok Payments,378.02,7.56,22.68,347.78,2026-06-16
ORD000739,Amazon Marketplace,96.96,0,14.54,82.42,2026-04-26
ORD000740,Amazon Marketplace,338.92,0,50.84,288.08,2025-12-06
ORD000741,Shopify Payments,41.84,1.51,0,40.33,2025-10-22
ORD000742,Amazon Marketplace,311.54,0,46.73,264.81,2026-06-19
ORD000744,Amazon Marketplace,196.3,0,29.45,166.85,2025-10-04
ORD000746,Amazon Marketplace,195.4,0,29.31,166.09,2025-08-25
ORD000748,TikTok Payments,280.6,5.61,16.84,258.15,2026-02-01
ORD000749,Walmart Marketplace,237.73,0,28.53,209.2,2026-04-02
ORD000750,Amazon Marketplace,78.84,0,11.83,67.01,2026-07-04
ORD000751,Shopify Payments,131.5,4.11,0,127.39,2026-05-22
ORD000752,Amazon Marketplace,202.63,0,30.39,172.24,2025-09-06
ORD000753,TikTok Payments,149.82,3,8.99,137.83,2026-01-26
ORD000754,TikTok Payments,187.46,3.75,11.25,172.46,2026-01-09
ORD000755,Walmart Marketplace,105.69,0,12.68,93.01,2026-07-18
ORD000756,Amazon Marketplace,79.89,0,11.98,67.91,2026-04-10
ORD000757,Walmart Marketplace,49.94,0,5.99,43.95,2026-03-19
ORD000758,Walmart Marketplace,82.59,0,9.91,72.68,2025-10-24
ORD000759,TikTok Payments,260.32,5.21,15.62,239.49,2026-05-08
ORD000760,Shopify Payments,155.03,4.8,0,150.23,2026-04-25
ORD000761,Amazon Marketplace,194.94,0,29.24,165.7,2026-01-05
ORD000762,Shopify Payments,291.62,8.76,0,282.86,2026-02-05
ORD000764,TikTok Payments,110.08,2.2,6.6,101.28,2025-11-04
ORD000765,Walmart Marketplace,116.3,0,13.96,102.34,2025-10-04
ORD000766,TikTok Payments,336.84,6.74,20.21,309.89,2026-04-13
ORD000767,Walmart Marketplace,77.67,0,9.32,68.35,2026-05-02
ORD000768,Shopify Payments,58.98,2.01,0,56.97,2025-07-31
ORD000770,Walmart Marketplace,24.58,0,2.95,21.63,2026-05-26
ORD000773,Amazon Marketplace,168.42,0,25.26,143.16,2026-07-17
ORD000774,Amazon Marketplace,185.2,0,27.78,157.42,2025-09-18
ORD000775,Amazon Marketplace,236.61,0,35.49,201.12,2026-06-07
ORD000778,Walmart Marketplace,115.89,0,13.91,101.98,2025-10-17
ORD000779,TikTok Payments,105.09,2.1,6.31,96.68,2026-06-09
ORD000780,Amazon Marketplace,150.1,0,22.51,127.59,2026-05-07
ORD000781,TikTok Payments,170.71,3.41,10.24,157.06,2026-02-18
ORD000783,Shopify Payments,268.53,8.09,0,260.44,2025-08-17
ORD000784,Walmart Marketplace,136.83,0,16.42,120.41,2026-03-12
ORD000785,Shopify Payments,50.22,1.76,0,48.46,2025-11-02
ORD000786,Walmart Marketplace,171.86,0,20.62,151.24,2026-07-31
ORD000787,Amazon Marketplace,50.22,0,7.53,42.69,2026-07-04
ORD000789,Walmart Marketplace,364.54,0,43.74,320.8,2026-02-03
ORD000790,Walmart Marketplace,51.78,0,6.21,45.57,2025-09-29
ORD000791,Amazon Marketplace,263,0,39.45,223.55,2026-06-15
ORD000792,Shopify Payments,39.16,1.44,0,37.72,2026-01-24
ORD000793,Walmart Marketplace,180.11,0,21.61,158.5,2026-04-24
ORD000795,Walmart Marketplace,54.88,0,6.59,48.29,2026-03-13
ORD000796,Amazon Marketplace,105.06,0,15.76,89.3,2026-03-27
ORD000797,Walmart Marketplace,137.12,0,16.45,120.67,2025-12-11
ORD000798,TikTok Payments,211.48,4.23,12.69,194.56,2026-05-23
ORD000799,Shopify Payments,258.1,7.78,0,250.32,2026-07-10
ORD000800,Amazon Marketplace,120.94,0,18.14,102.8,2026-01-27
ORD000801,TikTok Payments,180.21,3.6,10.81,165.8,2026-03-27
ORD000802,Amazon Marketplace,361.52,0,54.23,307.29,2026-06-20
ORD000803,TikTok Payments,206.8,4.14,12.41,190.25,2026-05-07
ORD000804,TikTok Payments,258.72,5.17,15.52,238.03,2026-07-14
ORD000805,Amazon Marketplace,113.68,0,17.05,96.63,2026-02-22
ORD000806,Walmart Marketplace,140.92,0,16.91,124.01,2026-01-20
ORD000807,Shopify Payments,330.7,9.89,0,320.81,2026-06-14
ORD000808,Shopify Payments,171.26,5.27,0,165.99,2026-07-16
ORD000809,Shopify Payments,151.41,4.69,0,146.72,2026-02-25
ORD000810,TikTok Payments,126.44,2.53,7.59,116.32,2026-01-21
ORD000811,Shopify Payments,188.87,5.78,0,183.09,2026-07-11
ORD000812,TikTok Payments,91.99,1.84,5.52,84.63,2025-10-01
ORD000813,TikTok Payments,82.56,1.65,4.95,75.96,2026-05-16
ORD000814,TikTok Payments,65.24,1.3,3.91,60.03,2026-07-03
ORD000815,Amazon Marketplace,325.74,0,48.86,276.88,2026-02-10
ORD000816,TikTok Payments,445.14,8.9,26.71,409.53,2026-01-23
ORD000817,Walmart Marketplace,203.23,0,24.39,178.84,2025-11-18
ORD000818,Walmart Marketplace,101.1,0,12.13,88.97,2026-05-27
ORD000820,TikTok Payments,76.68,1.53,4.6,70.55,2026-06-24
ORD000821,TikTok Payments,125.59,2.51,7.54,115.54,2026-04-07
ORD000822,TikTok Payments,406.28,8.13,24.38,373.77,2025-11-16
ORD000823,Walmart Marketplace,202.15,0,24.26,177.89,2026-06-03
ORD000825,Shopify Payments,49.16,1.73,0,47.43,2026-02-15
ORD000827,Amazon Marketplace,213.24,0,31.99,181.25,2026-04-08
ORD000828,Walmart Marketplace,82.17,0,9.86,72.31,2025-11-10
ORD000829,Shopify Payments,281.18,8.45,0,272.73,2025-11-12
ORD000831,Walmart Marketplace,118.42,0,14.21,104.21,2025-09-07
ORD000832,Shopify Payments,136.03,4.24,0,131.79,2026-04-30
ORD000833,Amazon Marketplace,123.25,0,18.49,104.76,2025-11-27
ORD000834,Amazon Marketplace,83.16,0,12.47,70.69,2025-11-09
ORD000835,TikTok Payments,237.38,4.75,14.24,218.39,2025-11-15
ORD000836,TikTok Payments,56.14,1.12,3.37,51.65,2025-12-10
ORD000837,Shopify Payments,278.05,8.36,0,269.69,2025-11-29
ORD000838,TikTok Payments,9.75,0.2,0.58,8.97,2026-07-14
ORD000839,TikTok Payments,133.8,2.68,8.03,123.09,2026-02-28
ORD000840,Amazon Marketplace,172.08,0,25.81,146.27,2025-09-08
ORD000841,Walmart Marketplace,354.7,0,42.56,312.14,2025-10-02
ORD000842,Shopify Payments,56.84,1.95,0,54.89,2025-09-25
ORD000843,Amazon Marketplace,85.26,0,12.79,72.47,2025-11-07
ORD000844,Walmart Marketplace,99.88,0,11.99,87.89,2026-01-05
ORD000846,Walmart Marketplace,78.32,0,9.4,68.92,2025-10-06
ORD000847,Amazon Marketplace,130.43,0,19.56,110.87,2026-05-11
ORD000849,Walmart Marketplace,109.33,0,13.12,96.21,2025-09-03
ORD000850,Walmart Marketplace,112.28,0,13.47,98.81,2026-01-18
ORD000853,Shopify Payments,258.44,7.79,0,250.65,2026-02-23
ORD000854,Walmart Marketplace,50.06,0,6.01,44.05,2026-02-04
ORD000856,Shopify Payments,284.05,8.54,0,275.51,2025-08-22
ORD000857,Walmart Marketplace,134.58,0,16.15,118.43,2025-10-28
ORD000861,Amazon Marketplace,54.88,0,8.23,46.65,2026-07-27
ORD000863,Shopify Payments,103.56,3.3,0,100.26,2026-03-11
ORD000864,TikTok Payments,49.06,0.98,2.94,45.14,2026-04-29
ORD000865,Shopify Payments,33.48,1.27,0,32.21,2025-08-04
ORD000866,Walmart Marketplace,86.04,0,10.32,75.72,2026-07-06
ORD000867,Walmart Marketplace,366.88,0,44.03,322.85,2026-07-16
ORD000870,Amazon Marketplace,344.71,0,51.71,293,2026-01-02
ORD000872,Shopify Payments,127.17,3.99,0,123.18,2025-07-31
ORD000873,Walmart Marketplace,289.35,0,34.72,254.63,2025-12-23
ORD000874,Shopify Payments,314.22,9.41,0,304.81,2025-11-19
ORD000876,Amazon Marketplace,262.48,0,39.37,223.11,2026-01-08
ORD000877,TikTok Payments,55.04,1.1,3.3,50.64,2026-06-29
ORD000879,Shopify Payments,12.29,0.66,0,11.63,2026-06-18
ORD000880,Shopify Payments,144.44,4.49,0,139.95,2026-01-06
ORD000881,Shopify Payments,115.27,3.64,0,111.63,2026-02-23
ORD000882,Walmart Marketplace,148.86,0,17.86,131,2026-05-27
ORD000883,Walmart Marketplace,144.88,0,17.39,127.49,2026-05-21
ORD000884,Amazon Marketplace,153.6,0,23.04,130.56,2026-03-08
ORD000885,Amazon Marketplace,359.81,0,53.97,305.84,2026-06-14
ORD000886,TikTok Payments,241.88,4.84,14.51,222.53,2026-03-23
ORD000888,Amazon Marketplace,27.39,0,4.11,23.28,2025-11-01
ORD000889,Walmart Marketplace,73.59,0,8.83,64.76,2026-02-14
ORD000890,Shopify Payments,56.14,1.93,0,54.21,2025-10-21
ORD000891,Amazon Marketplace,197.7,0,29.65,168.05,2025-11-21
ORD000892,Amazon Marketplace,176.44,0,26.47,149.97,2026-01-26
ORD000893,TikTok Payments,158.3,3.17,9.5,145.63,2026-02-06
ORD000894,Walmart Marketplace,123.79,0,14.85,108.94,2025-08-21
ORD000895,Walmart Marketplace,294.36,0,35.32,259.04,2026-01-08
ORD000896,Amazon Marketplace,283.42,0,42.51,240.91,2025-12-16
ORD000897,Amazon Marketplace,58.74,0,8.81,49.93,2026-04-26
ORD000898,Walmart Marketplace,240.41,0,28.85,211.56,2026-04-29
ORD000899,TikTok Payments,219.47,4.39,13.17,201.91,2026-06-07
ORD000900,Walmart Marketplace,164.44,0,19.73,144.71,2026-01-13
ORD000901,Walmart Marketplace,184.27,0,22.11,162.16,2026-05-17
ORD000902,Amazon Marketplace,149.33,0,22.4,126.93,2025-10-12
ORD000904,TikTok Payments,84.96,1.7,5.1,78.16,2026-01-31
ORD000905,Shopify Payments,33.48,1.27,0,32.21,2026-07-21
ORD000906,Walmart Marketplace,132.57,0,15.91,116.66,2025-09-26
ORD000907,Walmart Marketplace,29.03,0,3.48,25.55,2026-04-08
ORD000908,TikTok Payments,164.6,3.29,9.88,151.43,2026-02-25
ORD000910,Amazon Marketplace,198.59,0,29.79,168.8,2026-07-27
ORD000911,TikTok Payments,158.54,3.17,9.51,145.86,2026-01-03
ORD000912,Amazon Marketplace,109.62,0,16.44,93.18,2026-03-27
ORD000913,Walmart Marketplace,154.73,0,18.57,136.16,2026-03-17
ORD000914,Amazon Marketplace,151.08,0,22.66,128.42,2026-04-22
ORD000915,Walmart Marketplace,186.56,0,22.39,164.17,2025-08-19
ORD000916,Shopify Payments,282.79,8.5,0,274.29,2025-08-28
ORD000917,Amazon Marketplace,129.06,0,19.36,109.7,2026-04-15
ORD000918,Walmart Marketplace,259.77,0,31.17,228.6,2026-01-22
ORD000919,Walmart Marketplace,56.14,0,6.74,49.4,2025-09-30
ORD000923,Shopify Payments,198.12,6.05,0,192.07,2025-08-17
ORD000924,Shopify Payments,179.4,5.5,0,173.9,2025-11-07
ORD000925,TikTok Payments,148.41,2.97,8.9,136.54,2025-12-27
ORD000926,Shopify Payments,74.19,2.45,0,71.74,2025-12-03
ORD000927,Walmart Marketplace,99.98,0,12,87.98,2025-10-31
ORD000928,Amazon Marketplace,63.22,0,9.48,53.74,2026-02-01
ORD000929,Walmart Marketplace,248.06,0,29.77,218.29,2025-12-14
ORD000930,Amazon Marketplace,41.84,0,6.28,35.56,2025-12-19
ORD000931,Shopify Payments,244.83,7.4,0,237.43,2026-05-18
ORD000932,TikTok Payments,71.98,1.44,4.32,66.22,2026-07-10
ORD000933,TikTok Payments,113.68,2.27,6.82,104.59,2025-12-26
ORD000934,Walmart Marketplace,220.28,0,26.43,193.85,2025-11-26
ORD000936,Shopify Payments,165.59,5.1,0,160.49,2026-06-17
ORD000937,Shopify Payments,185.04,5.67,0,179.37,2026-01-06
ORD000939,Walmart Marketplace,219.45,0,26.33,193.12,2026-06-30
ORD000940,Shopify Payments,262.09,7.9,0,254.19,2025-08-29
ORD000941,Shopify Payments,148.59,4.61,0,143.98,2026-01-27
ORD000942,Shopify Payments,327.1,9.79,0,317.31,2025-08-05
ORD000943,Shopify Payments,119.03,3.75,0,115.28,2026-05-13
ORD000944,TikTok Payments,241.34,4.83,14.48,222.03,2026-02-26
ORD000945,Amazon Marketplace,248.43,0,37.26,211.17,2025-08-30
ORD000950,Walmart Marketplace,303.42,0,36.41,267.01,2026-06-08
ORD000951,Amazon Marketplace,72.68,0,10.9,61.78,2026-04-19
ORD000952,TikTok Payments,29.25,0.58,1.75,26.92,2025-08-17
ORD000953,Amazon Marketplace,71.81,0,10.77,61.04,2026-05-27
ORD000954,TikTok Payments,326.53,6.53,19.59,300.41,2025-08-13
ORD000955,Amazon Marketplace,19.58,0,2.94,16.64,2025-11-12
ORD000956,Shopify Payments,298.34,8.95,0,289.39,2025-10-14
ORD000958,TikTok Payments,141.99,2.84,8.52,130.63,2025-08-10
ORD000959,TikTok Payments,152.07,3.04,9.12,139.91,2026-04-01
ORD000960,Shopify Payments,221.79,6.73,0,215.06,2025-09-25
ORD000964,Walmart Marketplace,149.16,0,17.9,131.26,2026-04-26
ORD000965,TikTok Payments,181.14,3.62,10.87,166.65,2025-09-15
ORD000966,TikTok Payments,106.44,2.13,6.39,97.92,2026-03-08
ORD000967,Walmart Marketplace,66.23,0,7.95,58.28,2025-10-31
ORD000970,TikTok Payments,149.76,3,8.99,137.77,2025-11-08
ORD000971,Walmart Marketplace,73.59,0,8.83,64.76,2026-06-03
ORD000972,TikTok Payments,90.69,1.81,5.44,83.44,2025-12-23
ORD000973,Walmart Marketplace,83.78,0,10.05,73.73,2025-10-14
ORD000975,Walmart Marketplace,121.34,0,14.56,106.78,2026-03-31
ORD000976,Walmart Marketplace,251.18,0,30.14,221.04,2026-05-27
ORD000977,Shopify Payments,261.77,7.89,0,253.88,2026-05-03
ORD000979,Amazon Marketplace,143.04,0,21.46,121.58,2026-06-08
ORD000980,Walmart Marketplace,96.28,0,11.55,84.73,2026-06-24
ORD000981,Walmart Marketplace,302.08,0,36.25,265.83,2025-10-10
ORD000982,Amazon Marketplace,111.77,0,16.77,95,2025-12-08
ORD000983,Shopify Payments,135.12,4.22,0,130.9,2025-09-07
ORD000984,TikTok Payments,112.22,2.24,6.73,103.25,2026-03-15
ORD000986,TikTok Payments,160.24,3.2,9.61,147.43,2026-07-27
ORD000987,Shopify Payments,82.17,2.68,0,79.49,2025-11-26
ORD000988,TikTok Payments,87.8,1.76,5.27,80.77,2026-03-13
ORD000989,Shopify Payments,25.89,1.05,0,24.84,2026-04-16
ORD000990,Walmart Marketplace,55.04,0,6.6,48.44,2026-07-28
ORD000991,Amazon Marketplace,212.52,0,31.88,180.64,2026-01-02
ORD000993,Shopify Payments,95.58,3.07,0,92.51,2026-07-29
ORD000994,Amazon Marketplace,144.4,0,21.66,122.74,2026-05-13
ORD000995,Shopify Payments,35.03,1.32,0,33.71,2025-10-12
ORD000996,Walmart Marketplace,69.67,0,8.36,61.31,2025-09-08
ORD000997,Amazon Marketplace,180.76,0,27.11,153.65,2026-03-27
ORD000998,Shopify Payments,170.42,5.24,0,165.18,2026-04-23
ORD000999,Amazon Marketplace,54.78,0,8.22,46.56,2026-06-27
ORD001000,Shopify Payments,44.19,1.58,0,42.61,2026-03-28
ORD001001,Amazon Marketplace,283.59,0,42.54,241.05,2025-11-10
ORD001002,Shopify Payments,169.9,5.23,0,164.67,2025-09-05
ORD001003,Walmart Marketplace,165.12,0,19.81,145.31,2026-05-06
ORD001004,Walmart Marketplace,202.07,0,24.25,177.82,2026-06-04
ORD001005,Walmart Marketplace,190.65,0,22.88,167.77,2025-12-04
ORD001007,TikTok Payments,48.48,0.97,2.91,44.6,2026-04-24
ORD001008,Walmart Marketplace,146.69,0,17.6,129.09,2026-03-30
ORD001009,Shopify Payments,181.23,5.56,0,175.67,2026-06-05
ORD001010,Amazon Marketplace,284.22,0,42.63,241.59,2025-09-25
ORD001011,Walmart Marketplace,286.36,0,34.36,252,2026-06-14
ORD001012,Shopify Payments,82.56,2.69,0,79.87,2026-03-04
ORD001013,Walmart Marketplace,41.79,0,5.01,36.78,2026-06-07
ORD001014,Amazon Marketplace,48.48,0,7.27,41.21,2025-08-24
ORD001015,Shopify Payments,148.64,4.61,0,144.03,2025-12-10
ORD001016,Walmart Marketplace,299.01,0,35.88,263.13,2026-03-04
ORD001018,Walmart Marketplace,224.47,0,26.94,197.53,2026-04-21
ORD001019,Shopify Payments,349.53,10.44,0,339.09,2025-12-18
ORD001020,Walmart Marketplace,120.76,0,14.49,106.27,2025-09-05
ORD001022,Walmart Marketplace,353.46,0,42.42,311.04,2026-04-18
ORD001023,TikTok Payments,16.74,0.33,1,15.41,2025-12-12
ORD001024,Shopify Payments,95.42,3.07,0,92.35,2025-07-31
ORD001025,Amazon Marketplace,193.15,0,28.97,164.18,2026-07-05
ORD001026,Shopify Payments,15.12,0.74,0,14.38,2026-01-06
ORD001027,Amazon Marketplace,24.58,0,3.69,20.89,2026-06-24
ORD001028,Amazon Marketplace,417.88,0,62.68,355.2,2026-02-14
ORD001029,TikTok Payments,280.69,5.61,16.84,258.24,2025-09-11
ORD001030,TikTok Payments,48.48,0.97,2.91,44.6,2026-01-16
ORD001031,Shopify Payments,134.34,4.2,0,130.14,2025-12-16
ORD001032,TikTok Payments,48.48,0.97,2.91,44.6,2026-04-04
ORD001034,Shopify Payments,250.79,7.57,0,243.22,2026-06-14
ORD001036,TikTok Payments,253.32,5.07,15.2,233.05,2026-05-04
ORD001037,Walmart Marketplace,271.3,0,32.56,238.74,2025-10-07
ORD001040,Shopify Payments,106.33,3.38,0,102.95,2026-05-08
ORD001041,Walmart Marketplace,99.71,0,11.97,87.74,2026-02-26
ORD001042,Walmart Marketplace,44.42,0,5.33,39.09,2026-04-19
ORD001043,Amazon Marketplace,309.08,0,46.36,262.72,2025-11-20
ORD001044,Walmart Marketplace,29.25,0,3.51,25.74,2026-04-06
ORD001045,Shopify Payments,349.7,10.44,0,339.26,2026-06-07
ORD001046,Amazon Marketplace,82.8,0,12.42,70.38,2026-07-31
ORD001047,Amazon Marketplace,255.66,0,38.35,217.31,2026-03-07
ORD001048,Amazon Marketplace,165.68,0,24.85,140.83,2026-06-05
ORD001049,Shopify Payments,104.04,3.32,0,100.72,2026-02-01
ORD001050,Shopify Payments,95.4,3.07,0,92.33,2026-01-25
ORD001051,TikTok Payments,163.1,3.26,9.79,150.05,2026-01-19
ORD001052,Amazon Marketplace,307.47,0,46.12,261.35,2026-06-24
ORD001053,Walmart Marketplace,75.72,0,9.09,66.63,2026-05-20
ORD001054,TikTok Payments,100.4,2.01,6.02,92.37,2026-03-20
ORD001055,Walmart Marketplace,44.49,0,5.34,39.15,2025-11-20
ORD001056,TikTok Payments,30.24,0.6,1.81,27.83,2025-12-05
ORD001057,Shopify Payments,446.13,13.24,0,432.89,2026-06-24
ORD001058,Walmart Marketplace,79.17,0,9.5,69.67,2025-11-11
ORD001060,Amazon Marketplace,287.91,0,43.19,244.72,2026-08-06
ORD001061,TikTok Payments,55.04,1.1,3.3,50.64,2025-09-04
ORD001062,Shopify Payments,376.62,11.22,0,365.4,2025-11-13
ORD001063,TikTok Payments,359.92,7.2,21.6,331.12,2026-07-09
ORD001064,TikTok Payments,100.88,2.02,6.05,92.81,2026-01-23
ORD001066,TikTok Payments,59.32,1.19,3.56,54.57,2026-05-19
ORD001068,Shopify Payments,125.28,3.93,0,121.35,2026-03-05
ORD001069,Walmart Marketplace,99.88,0,11.99,87.89,2026-04-04
ORD001070,Shopify Payments,361.08,10.77,0,350.31,2026-04-14
ORD001071,Shopify Payments,294.36,8.84,0,285.52,2025-12-23
ORD001072,Shopify Payments,259.88,7.84,0,252.04,2025-12-05
ORD001073,Shopify Payments,279.07,8.39,0,270.68,2025-08-08
ORD001074,Walmart Marketplace,293.55,0,35.23,258.32,2026-02-15
ORD001076,Walmart Marketplace,269.31,0,32.32,236.99,2025-12-13
ORD001077,TikTok Payments,196.71,3.93,11.8,180.98,2025-10-10
ORD001078,TikTok Payments,331.34,6.63,19.88,304.83,2026-02-08
ORD001080,TikTok Payments,145.44,2.91,8.73,133.8,2025-12-18
ORD001081,TikTok Payments,135.15,2.7,8.11,124.34,2026-06-08
ORD001082,Walmart Marketplace,292.36,0,35.08,257.28,2025-11-16
ORD001083,Amazon Marketplace,58.98,0,8.85,50.13,2025-12-19
ORD001084,Shopify Payments,149,4.62,0,144.38,2025-11-13
ORD001085,Amazon Marketplace,127.44,0,19.12,108.32,2026-07-17
ORD001087,TikTok Payments,49.06,0.98,2.94,45.14,2026-04-30
ORD001088,Shopify Payments,106.64,3.39,0,103.25,2026-07-04
ORD001090,Shopify Payments,255.13,7.7,0,247.43,2026-03-01
ORD001091,TikTok Payments,194.29,3.89,11.66,178.74,2025-08-05
ORD001092,Walmart Marketplace,302.6,0,36.31,266.29,2026-02-25
ORD001093,TikTok Payments,10.46,0.21,0.63,9.62,2025-10-15
ORD001094,TikTok Payments,78.32,1.57,4.7,72.05,2025-09-05
ORD001095,Amazon Marketplace,110.23,0,16.53,93.7,2025-11-09
ORD001096,Amazon Marketplace,168.28,0,25.24,143.04,2026-05-15
ORD001097,TikTok Payments,60.48,1.21,3.63,55.64,2026-01-06
ORD001098,Walmart Marketplace,164.43,0,19.73,144.7,2026-02-15
ORD001099,Walmart Marketplace,269.35,0,32.32,237.03,2026-03-12
ORD001100,Amazon Marketplace,311.96,0,46.79,265.17,2026-05-29
ORD001101,Amazon Marketplace,197.52,0,29.63,167.89,2025-11-10
ORD001102,TikTok Payments,202.32,4.05,12.14,186.13,2026-04-27
ORD001103,Shopify Payments,109.56,3.48,0,106.08,2026-01-28
ORD001104,TikTok Payments,48.85,0.98,2.93,44.94,2026-04-08
ORD001105,Amazon Marketplace,140.12,0,21.02,119.1,2026-05-11
ORD001106,Walmart Marketplace,206.46,0,24.78,181.68,2026-02-14
ORD001108,Amazon Marketplace,230.4,0,34.56,195.84,2026-06-11
ORD001109,Walmart Marketplace,143.1,0,17.17,125.93,2025-08-15
ORD001111,Amazon Marketplace,198.12,0,29.72,168.4,2025-12-01
ORD001112,Walmart Marketplace,212.91,0,25.55,187.36,2025-11-02
ORD001113,Amazon Marketplace,62.64,0,9.4,53.24,2026-01-12
ORD001114,Amazon Marketplace,112.15,0,16.82,95.33,2026-05-03
ORD001115,Walmart Marketplace,129.06,0,15.49,113.57,2025-11-10
ORD001116,Walmart Marketplace,104.96,0,12.6,92.36,2025-12-05
ORD001117,Shopify Payments,134.49,4.2,0,130.29,2026-04-10
ORD001118,Shopify Payments,153.56,4.75,0,148.81,2026-03-10
ORD001119,Walmart Marketplace,416.3,0,49.96,366.34,2025-12-30
ORD001121,Walmart Marketplace,311.85,0,37.42,274.43,2026-03-10
ORD001122,Walmart Marketplace,338.34,0,40.6,297.74,2026-03-03
ORD001123,Amazon Marketplace,258.08,0,38.71,219.37,2025-12-20
ORD001124,Shopify Payments,138.78,4.32,0,134.46,2026-01-08
ORD001126,Walmart Marketplace,44.03,0,5.28,38.75,2026-03-10
ORD001127,Walmart Marketplace,51.78,0,6.21,45.57,2025-12-16
ORD001129,TikTok Payments,48.85,0.98,2.93,44.94,2026-04-30
ORD001130,Amazon Marketplace,124.96,0,18.74,106.22,2026-02-02
ORD001131,Amazon Marketplace,110.08,0,16.51,93.57,2025-11-23
ORD001132,Walmart Marketplace,185.18,0,22.22,162.96,2025-12-05
ORD001133,Shopify Payments,229.05,6.94,0,222.11,2025-11-02
ORD001135,Shopify Payments,316.15,9.47,0,306.68,2025-09-12
ORD001136,Shopify Payments,169.92,5.23,0,164.69,2026-05-03
ORD001137,Amazon Marketplace,106.93,0,16.04,90.89,2025-10-23
ORD001138,Amazon Marketplace,94.61,0,14.19,80.42,2025-12-08
ORD001140,Walmart Marketplace,149.13,0,17.9,131.23,2026-05-24
ORD001141,Shopify Payments,266.85,8.04,0,258.81,2026-02-20
ORD001142,Shopify Payments,14.83,0.73,0,14.1,2026-05-20
ORD001143,Shopify Payments,82.17,2.68,0,79.49,2026-04-21
ORD001144,Walmart Marketplace,323.31,0,38.8,284.51,2025-10-19
ORD001146,Shopify Payments,163.65,5.05,0,158.6,2025-10-21
ORD001147,Walmart Marketplace,248.12,0,29.77,218.35,2026-05-23
ORD001149,Walmart Marketplace,88.47,0,10.62,77.85,2025-11-24
ORD001150,TikTok Payments,137.6,2.75,8.26,126.59,2026-05-09
ORD001151,TikTok Payments,242.38,4.85,14.54,222.99,2026-03-19
ORD001152,TikTok Payments,144.52,2.89,8.67,132.96,2026-05-25
ORD001153,Amazon Marketplace,266.42,0,39.96,226.46,2026-03-01
ORD001154,Walmart Marketplace,43.02,0,5.16,37.86,2026-03-27
ORD001155,Walmart Marketplace,100.58,0,12.07,88.51,2025-11-25
ORD001157,Walmart Marketplace,44.42,0,5.33,39.09,2026-06-28
ORD001158,Walmart Marketplace,35.03,0,4.2,30.83,2025-10-24
ORD001159,Shopify Payments,255.65,7.71,0,247.94,2025-11-19
ORD001160,Amazon Marketplace,82.56,0,12.38,70.18,2025-11-05
ORD001162,Amazon Marketplace,181.13,0,27.17,153.96,2025-10-17
ORD001163,Amazon Marketplace,185.04,0,27.76,157.28,2025-12-03
ORD001164,Amazon Marketplace,69.4,0,10.41,58.99,2025-08-15
ORD001165,Amazon Marketplace,109.14,0,16.37,92.77,2026-05-11
ORD001167,Shopify Payments,226.24,6.86,0,219.38,2025-09-14
ORD001169,Walmart Marketplace,185.11,0,22.21,162.9,2025-08-26
ORD001172,Amazon Marketplace,50.22,0,7.53,42.69,2025-11-30
ORD001173,Shopify Payments,328.93,9.84,0,319.09,2026-04-23
ORD001174,Walmart Marketplace,122.23,0,14.67,107.56,2025-09-27
ORD001177,Shopify Payments,178.17,5.47,0,172.7,2026-05-16
ORD001178,Shopify Payments,185.74,5.69,0,180.05,2026-02-03
ORD001179,Walmart Marketplace,101.05,0,12.13,88.92,2025-09-18
ORD001180,Shopify Payments,222.68,6.76,0,215.92,2026-07-02
ORD001181,Amazon Marketplace,273.72,0,41.06,232.66,2025-08-12
ORD001182,Amazon Marketplace,143.13,0,21.47,121.66,2026-03-20
ORD001183,TikTok Payments,112.54,2.25,6.75,103.54,2025-11-20
ORD001184,Shopify Payments,391.66,11.66,0,380,2026-01-27
ORD001185,Amazon Marketplace,178.17,0,26.73,151.44,2026-02-11
ORD001186,Amazon Marketplace,231.9,0,34.78,197.12,2026-01-28
ORD001187,Shopify Payments,49.4,1.73,0,47.67,2025-12-07
ORD001188,Walmart Marketplace,146.55,0,17.59,128.96,2025-10-20
ORD001189,Walmart Marketplace,269.4,0,32.33,237.07,2025-08-27
ORD001190,Shopify Payments,147.53,4.58,0,142.95,2025-11-04
ORD001191,Amazon Marketplace,347.4,0,52.11,295.29,2026-08-08
ORD001193,Walmart Marketplace,210.35,0,25.24,185.11,2026-02-09
ORD001194,Amazon Marketplace,97.82,0,14.67,83.15,2025-09-22
ORD001195,Shopify Payments,206.32,6.28,0,200.04,2026-06-12
ORD001196,Shopify Payments,290.67,8.73,0,281.94,2025-08-22
ORD001198,Amazon Marketplace,220,0,33,187,2026-02-16
ORD001199,Amazon Marketplace,156.65,0,23.5,133.15,2025-09-05
ORD001200,Shopify Payments,453.25,13.44,0,439.81,2026-03-08
ORD001201,Amazon Marketplace,177.25,0,26.59,150.66,2026-04-11
ORD001202,Walmart Marketplace,287.13,0,34.46,252.67,2026-05-03
ORD001203,TikTok Payments,120.69,2.41,7.24,111.04,2025-08-22
ORD001204,Shopify Payments,27.44,1.1,0,26.34,2025-09-24
ORD001205,Shopify Payments,86.54,2.81,0,83.73,2025-09-24
ORD001206,Walmart Marketplace,149.65,0,17.96,131.69,2026-06-21
ORD001207,TikTok Payments,133.1,2.66,7.99,122.45,2026-03-08
ORD001208,Amazon Marketplace,183.22,0,27.48,155.74,2025-12-03
ORD001209,Amazon Marketplace,42.48,0,6.37,36.11,2025-09-12
ORD001210,TikTok Payments,31.61,0.63,1.9,29.08,2025-11-05
ORD001212,Shopify Payments,218.2,6.63,0,211.57,2026-03-02
ORD001213,TikTok Payments,174.69,3.49,10.48,160.72,2026-05-24
ORD001214,Amazon Marketplace,35.23,0,5.28,29.95,2026-01-18
ORD001216,Shopify Payments,54.55,1.88,0,52.67,2026-03-16
ORD001217,Shopify Payments,268.84,8.1,0,260.74,2026-05-31
ORD001218,TikTok Payments,82.45,1.65,4.95,75.85,2026-03-29
ORD001219,Amazon Marketplace,250.39,0,37.56,212.83,2025-11-05
ORD001220,Shopify Payments,188.82,5.78,0,183.04,2026-05-25
ORD001222,Shopify Payments,268.14,8.08,0,260.06,2025-12-22
ORD001223,Shopify Payments,167.16,5.15,0,162.01,2026-01-17
ORD001224,TikTok Payments,29.66,0.59,1.78,27.29,2026-07-20
ORD001225,Amazon Marketplace,58.74,0,8.81,49.93,2026-01-27
ORD001226,Amazon Marketplace,66.63,0,9.99,56.64,2025-12-03
ORD001227,Walmart Marketplace,245.11,0,29.41,215.7,2026-07-09
ORD001228,TikTok Payments,35.32,0.71,2.12,32.49,2026-03-18
ORD001229,TikTok Payments,95.4,1.91,5.72,87.77,2026-01-16
ORD001230,Amazon Marketplace,198.77,0,29.82,168.95,2025-12-06
ORD001231,Amazon Marketplace,60.48,0,9.07,51.41,2026-03-16
ORD001232,Shopify Payments,58.58,2,0,56.58,2026-03-25
ORD001233,Shopify Payments,103.56,3.3,0,100.26,2025-08-19
ORD001234,TikTok Payments,341.51,6.83,20.49,314.19,2026-03-26
ORD001235,Shopify Payments,88.47,2.87,0,85.6,2026-05-12
ORD001236,Shopify Payments,325.18,9.73,0,315.45,2025-09-03
ORD001237,Shopify Payments,299.01,8.97,0,290.04,2026-05-21
ORD001238,Shopify Payments,567.6,16.76,0,550.84,2025-10-16
ORD001240,Walmart Marketplace,231.06,0,27.73,203.33,2025-10-28
ORD001242,TikTok Payments,208.78,4.18,12.53,192.07,2026-04-15
ORD001243,Walmart Marketplace,310.36,0,37.24,273.12,2025-09-10
ORD001244,TikTok Payments,118.44,2.37,7.11,108.96,2025-10-01
ORD001245,TikTok Payments,164.09,3.28,9.85,150.96,2025-11-03
ORD001246,TikTok Payments,27.52,0.55,1.65,25.32,2025-10-09
ORD001247,TikTok Payments,208.32,4.17,12.5,191.65,2026-03-05
ORD001248,TikTok Payments,296.99,5.94,17.82,273.23,2025-09-01
ORD001249,TikTok Payments,113.89,2.28,6.83,104.78,2025-10-01
ORD001250,Walmart Marketplace,41.84,0,5.02,36.82,2025-08-11
ORD001251,Shopify Payments,409.72,12.18,0,397.54,2026-01-01
ORD001252,Shopify Payments,263.55,7.94,0,255.61,2026-01-18
ORD001253,TikTok Payments,366.54,7.33,21.99,337.22,2026-04-25
ORD001254,Shopify Payments,72.09,2.39,0,69.7,2026-03-15
ORD001258,TikTok Payments,24.87,0.5,1.49,22.88,2025-10-30
ORD001260,Amazon Marketplace,78.32,0,11.75,66.57,2026-05-10
ORD001261,TikTok Payments,24.53,0.49,1.47,22.57,2025-11-20
ORD001262,Walmart Marketplace,56.64,0,6.8,49.84,2026-05-09
ORD001263,Walmart Marketplace,55.04,0,6.6,48.44,2026-07-09
ORD001265,Shopify Payments,204.75,6.24,0,198.51,2025-08-24
ORD001267,Amazon Marketplace,275.6,0,41.34,234.26,2025-11-07
ORD001270,Walmart Marketplace,89.97,0,10.8,79.17,2026-06-09
ORD001271,TikTok Payments,233.08,4.66,13.98,214.44,2026-06-05
ORD001273,Walmart Marketplace,35.32,0,4.24,31.08,2026-03-27
ORD001275,TikTok Payments,14.83,0.3,0.89,13.64,2026-06-10
ORD001276,Amazon Marketplace,125.37,0,18.81,106.56,2026-08-05
ORD001277,Walmart Marketplace,117.28,0,14.07,103.21,2025-10-25
ORD001278,Walmart Marketplace,141.25,0,16.95,124.3,2026-01-20
ORD001281,TikTok Payments,87.72,1.75,5.26,80.71,2025-10-29
ORD001283,Walmart Marketplace,156.62,0,18.79,137.83,2025-10-05
ORD001284,Shopify Payments,66.96,2.24,0,64.72,2026-07-15
ORD001285,Amazon Marketplace,75.83,0,11.37,64.46,2025-11-20
ORD001286,Shopify Payments,22.39,0.95,0,21.44,2026-06-15
ORD001287,TikTok Payments,278.46,5.57,16.71,256.18,2025-09-26
ORD001288,Shopify Payments,115.89,3.66,0,112.23,2025-08-25
ORD001289,Shopify Payments,111.74,3.54,0,108.2,2025-08-19
ORD001290,Walmart Marketplace,197.25,0,23.67,173.58,2025-10-12
ORD001291,Amazon Marketplace,67.17,0,10.08,57.09,2026-06-12
ORD001293,TikTok Payments,378.87,7.58,22.73,348.56,2026-03-20
ORD001294,Walmart Marketplace,151.1,0,18.13,132.97,2026-05-27
ORD001296,TikTok Payments,214.96,4.3,12.9,197.76,2026-03-11
ORD001297,TikTok Payments,135.92,2.72,8.16,125.04,2026-07-26
ORD001298,Amazon Marketplace,362.75,0,54.41,308.34,2025-11-28
ORD001299,Amazon Marketplace,174.35,0,26.15,148.2,2026-01-27
ORD001300,TikTok Payments,44.19,0.88,2.65,40.66,2025-09-20
ORD001301,Shopify Payments,348.33,10.4,0,337.93,2026-01-26
ORD001302,Walmart Marketplace,58.98,0,7.08,51.9,2026-05-03
ORD001303,Shopify Payments,95.4,3.07,0,92.33,2025-11-22
ORD001304,Shopify Payments,199.68,6.09,0,193.59,2026-04-25
ORD001305,TikTok Payments,222.08,4.44,13.32,204.32,2026-01-06
ORD001306,TikTok Payments,477.02,9.54,28.62,438.86,2025-11-14
ORD001307,Walmart Marketplace,198.12,0,23.77,174.35,2026-02-20
ORD001308,Walmart Marketplace,317.65,0,38.12,279.53,2026-03-05
ORD001309,Amazon Marketplace,256.72,0,38.51,218.21,2026-02-15
ORD001310,Walmart Marketplace,293.52,0,35.22,258.3,2026-01-27
ORD001311,Amazon Marketplace,99.06,0,14.86,84.2,2025-09-10
ORD001312,Shopify Payments,93.96,3.02,0,90.94,2026-03-16
ORD001313,Walmart Marketplace,212.77,0,25.53,187.24,2025-08-25
ORD001314,TikTok Payments,138.69,2.77,8.32,127.6,2026-07-14
ORD001315,Shopify Payments,182.19,5.58,0,176.61,2026-01-10
ORD001316,Walmart Marketplace,104.64,0,12.56,92.08,2026-05-20
ORD001317,Shopify Payments,162.62,5.02,0,157.6,2025-11-30
ORD001318,Amazon Marketplace,168.28,0,25.24,143.04,2026-03-31
ORD001321,Shopify Payments,95.96,3.08,0,92.88,2025-08-31
ORD001322,Amazon Marketplace,89.56,0,13.43,76.13,2025-11-06
ORD001323,TikTok Payments,143.1,2.86,8.59,131.65,2026-04-20
ORD001324,Shopify Payments,96.96,3.11,0,93.85,2026-06-17
ORD001326,Amazon Marketplace,70.64,0,10.6,60.04,2026-03-19
ORD001327,Walmart Marketplace,76.35,0,9.16,67.19,2026-03-26
ORD001328,TikTok Payments,231.6,4.63,13.9,213.07,2025-08-10
ORD001329,Amazon Marketplace,65.75,0,9.86,55.89,2026-06-02
ORD001331,Walmart Marketplace,243.08,0,29.17,213.91,2026-06-24
ORD001332,TikTok Payments,137.35,2.75,8.24,126.36,2025-11-13
ORD001334,Walmart Marketplace,35.23,0,4.23,31,2025-08-24
ORD001336,Shopify Payments,165.67,5.1,0,160.57,2026-05-17
ORD001337,Shopify Payments,210.66,6.41,0,204.25,2025-10-04
ORD001338,Walmart Marketplace,218.88,0,26.27,192.61,2026-02-06
ORD001339,Shopify Payments,60.48,2.05,0,58.43,2026-02-13
ORD001340,Shopify Payments,99.06,3.17,0,95.89,2026-04-06
ORD001341,Shopify Payments,43.02,1.55,0,41.47,2026-01-15
ORD001342,Walmart Marketplace,110.4,0,13.25,97.15,2026-07-31
ORD001343,TikTok Payments,302.44,6.05,18.15,278.24,2025-11-19
ORD001344,Amazon Marketplace,30.19,0,4.53,25.66,2025-10-17
ORD001345,TikTok Payments,285.82,5.72,17.15,262.95,2026-03-16
ORD001346,TikTok Payments,129.06,2.58,7.74,118.74,2026-01-18
ORD001348,TikTok Payments,339.46,6.79,20.37,312.3,2026-06-13
ORD001349,Shopify Payments,322.18,9.64,0,312.54,2026-02-04
ORD001350,TikTok Payments,256.6,5.13,15.4,236.07,2025-09-05
ORD001352,TikTok Payments,245.16,4.9,14.71,225.55,2025-12-14
ORD001353,TikTok Payments,24.58,0.49,1.47,22.62,2026-01-06
ORD001354,Shopify Payments,283.14,8.51,0,274.63,2025-12-05
ORD001355,Amazon Marketplace,197.75,0,29.66,168.09,2025-12-11
ORD001356,Walmart Marketplace,82.17,0,9.86,72.31,2026-04-27
ORD001357,TikTok Payments,286.22,5.72,17.17,263.33,2025-09-12
ORD001358,TikTok Payments,238.48,4.77,14.31,219.4,2026-06-30
ORD001359,Shopify Payments,142.4,4.43,0,137.97,2025-09-29
ORD001360,Walmart Marketplace,94.83,0,11.38,83.45,2025-12-14
ORD001361,Walmart Marketplace,82.56,0,9.91,72.65,2026-01-15
ORD001363,Amazon Marketplace,59.32,0,8.9,50.42,2026-02-16
ORD001364,TikTok Payments,418.75,8.38,25.13,385.24,2025-11-21
ORD001365,TikTok Payments,27.52,0.55,1.65,25.32,2026-04-16
ORD001366,Amazon Marketplace,202.77,0,30.42,172.35,2026-01-10
ORD001368,Amazon Marketplace,88.38,0,13.26,75.12,2026-05-30
ORD001369,Walmart Marketplace,214.98,0,25.8,189.18,2026-03-10
ORD001370,Shopify Payments,70.46,2.34,0,68.12,2025-08-12
ORD001371,Amazon Marketplace,136.7,0,20.5,116.2,2026-02-02
ORD001373,Amazon Marketplace,105.26,0,15.79,89.47,2025-12-08
ORD001374,Shopify Payments,82.17,2.68,0,79.49,2025-11-04
ORD001376,TikTok Payments,102.07,2.04,6.12,93.91,2025-09-15
ORD001377,Shopify Payments,66.63,2.23,0,64.4,2026-05-24
ORD001378,Shopify Payments,367.98,10.97,0,357.01,2026-01-01
ORD001380,TikTok Payments,138.06,2.76,8.28,127.02,2026-02-17
ORD001381,Shopify Payments,58.74,2,0,56.74,2026-06-14
ORD001382,Shopify Payments,225.24,6.83,0,218.41,2025-07-29
ORD001383,Walmart Marketplace,123.66,0,14.84,108.82,2026-04-21
ORD001385,TikTok Payments,110.17,2.2,6.61,101.36,2026-03-01
ORD001386,Amazon Marketplace,42.07,0,6.31,35.76,2026-02-04
ORD001387,Amazon Marketplace,245.88,0,36.88,209,2026-01-17
ORD001389,TikTok Payments,257.64,5.15,15.46,237.03,2025-10-13
ORD001391,Shopify Payments,269.54,8.12,0,261.42,2025-12-16
ORD001392,TikTok Payments,346.05,6.92,20.76,318.37,2026-04-01
ORD001393,Amazon Marketplace,13.72,0,2.06,11.66,2026-05-29
ORD001394,Shopify Payments,129.06,4.04,0,125.02,2026-02-06
ORD001396,Walmart Marketplace,171.3,0,20.56,150.74,2026-01-27
ORD001397,Amazon Marketplace,287.21,0,43.08,244.13,2026-05-30
ORD001398,Shopify Payments,47.7,1.68,0,46.02,2025-08-18
ORD001399,TikTok Payments,322.45,6.45,19.35,296.65,2025-10-20
ORD001400,TikTok Payments,87.31,1.75,5.24,80.32,2025-11-14
ORD001401,Walmart Marketplace,131.22,0,15.75,115.47,2026-03-11
ORD001402,Shopify Payments,237.18,7.18,0,230,2025-09-15
ORD001403,Amazon Marketplace,76.97,0,11.55,65.42,2026-08-04
ORD001404,TikTok Payments,165.07,3.3,9.9,151.87,2025-11-22
ORD001405,Walmart Marketplace,54.78,0,6.57,48.21,2026-01-26
ORD001406,Walmart Marketplace,97.96,0,11.76,86.2,2026-07-17
ORD001407,Walmart Marketplace,145.2,0,17.42,127.78,2026-05-07
ORD001409,Shopify Payments,127.18,3.99,0,123.19,2025-09-13
ORD001410,Amazon Marketplace,168.42,0,25.26,143.16,2025-08-20
ORD001411,TikTok Payments,103.56,2.07,6.21,95.28,2026-04-04
ORD001412,TikTok Payments,319.29,6.39,19.16,293.74,2026-03-27
ORD001413,Walmart Marketplace,145.14,0,17.42,127.72,2026-06-16
ORD001414,Shopify Payments,201.03,6.13,0,194.9,2025-10-27
ORD001415,Walmart Marketplace,270.2,0,32.42,237.78,2026-05-10
ORD001416,Shopify Payments,193.78,5.92,0,187.86,2025-09-28
ORD001417,Shopify Payments,49.53,1.74,0,47.79,2025-11-24
ORD001419,Shopify Payments,14.83,0.73,0,14.1,2025-08-03
ORD001420,TikTok Payments,49.92,1,3,45.92,2026-03-05
ORD001422,Walmart Marketplace,149.04,0,17.88,131.16,2025-09-15
ORD001423,Walmart Marketplace,262.29,0,31.47,230.82,2025-11-03
ORD001424,TikTok Payments,120.08,2.4,7.2,110.48,2026-06-23
ORD001425,Amazon Marketplace,219.07,0,32.86,186.21,2026-07-28
ORD001426,Walmart Marketplace,182.31,0,21.88,160.43,2025-09-21
ORD001427,Amazon Marketplace,182.52,0,27.38,155.14,2026-02-03
ORD001428,Shopify Payments,185.04,5.67,0,179.37,2025-09-12
ORD001429,Amazon Marketplace,35.23,0,5.28,29.95,2026-04-17
ORD001430,Amazon Marketplace,42.48,0,6.37,36.11,2026-06-27
ORD001431,Amazon Marketplace,224.31,0,33.65,190.66,2025-10-08
ORD001432,Amazon Marketplace,67.17,0,10.08,57.09,2026-02-18
ORD001434,Walmart Marketplace,189.65,0,22.76,166.89,2026-05-15
ORD001435,Amazon Marketplace,103.56,0,15.53,88.03,2025-11-30
ORD001436,Walmart Marketplace,404.48,0,48.54,355.94,2026-02-23
ORD001437,Walmart Marketplace,47.7,0,5.72,41.98,2026-05-09
ORD001438,Shopify Payments,46.26,1.64,0,44.62,2025-11-10
ORD001442,TikTok Payments,165.59,3.31,9.94,152.34,2026-01-31
ORD001445,TikTok Payments,142.95,2.86,8.58,131.51,2026-03-03
ORD001447,TikTok Payments,185.04,3.7,11.1,170.24,2025-12-28
ORD001448,Shopify Payments,149.76,4.64,0,145.12,2025-10-11
ORD001449,Shopify Payments,96.96,3.11,0,93.85,2026-07-20
ORD001450,Walmart Marketplace,103.56,0,12.43,91.13,2026-03-30
ORD001451,Shopify Payments,30.24,1.18,0,29.06,2026-02-11
ORD001452,Shopify Payments,187.94,5.75,0,182.19,2026-05-13
ORD001453,Shopify Payments,100.93,3.23,0,97.7,2026-07-05
ORD001454,Walmart Marketplace,27.52,0,3.3,24.22,2025-10-01
ORD001455,Amazon Marketplace,129.06,0,19.36,109.7,2026-07-09
ORD001456,Shopify Payments,94.83,3.05,0,91.78,2025-08-25
ORD001457,Amazon Marketplace,198.12,0,29.72,168.4,2025-11-25
ORD001458,Shopify Payments,112.78,3.57,0,109.21,2026-05-24
ORD001460,Amazon Marketplace,72.15,0,10.82,61.33,2026-07-06
ORD001461,Shopify Payments,115.69,3.66,0,112.03,2026-01-05
ORD001462,Walmart Marketplace,59.69,0,7.16,52.53,2025-12-19
ORD001463,TikTok Payments,168.42,3.37,10.11,154.94,2026-07-31
ORD001464,Amazon Marketplace,109.1,0,16.36,92.74,2026-06-10
ORD001465,Shopify Payments,169.78,5.22,0,164.56,2026-02-09
ORD001466,TikTok Payments,163.1,3.26,9.79,150.05,2025-11-13
ORD001467,Amazon Marketplace,325.39,0,48.81,276.58,2026-06-23
ORD001468,Amazon Marketplace,227.17,0,34.08,193.09,2025-08-08
ORD001469,Shopify Payments,310.08,9.29,0,300.79,2025-11-13
ORD001470,Walmart Marketplace,54.88,0,6.59,48.29,2026-05-17
ORD001471,Walmart Marketplace,265.14,0,31.82,233.32,2025-12-03
ORD001472,Walmart Marketplace,158.49,0,19.02,139.47,2026-07-01
ORD001473,Shopify Payments,237.19,7.18,0,230.01,2026-03-13
ORD001474,Amazon Marketplace,182.21,0,27.33,154.88,2026-03-23
ORD001476,Amazon Marketplace,88.84,0,13.33,75.51,2026-02-15
ORD001477,Amazon Marketplace,75.75,0,11.36,64.39,2026-07-12
ORD001478,Walmart Marketplace,66.63,0,8,58.63,2025-10-05
ORD001479,Shopify Payments,19.58,0.87,0,18.71,2026-01-18
ORD001481,Shopify Payments,170.13,5.23,0,164.9,2026-02-02
ORD001482,TikTok Payments,29.49,0.59,1.77,27.13,2025-12-15
ORD001485,Amazon Marketplace,98.41,0,14.76,83.65,2026-06-01
ORD001486,Shopify Payments,48.85,1.72,0,47.13,2026-02-25
ORD001487,Walmart Marketplace,69.07,0,8.29,60.78,2026-01-01
ORD001488,TikTok Payments,65.75,1.31,3.94,60.5,2026-01-25
ORD001489,Amazon Marketplace,139.17,0,20.88,118.29,2026-08-06
ORD001490,TikTok Payments,72.31,1.45,4.34,66.52,2025-12-03
ORD001493,Amazon Marketplace,115.89,0,17.38,98.51,2026-05-07
ORD001494,Walmart Marketplace,110.4,0,13.25,97.15,2025-11-09
ORD001495,TikTok Payments,187.28,3.75,11.24,172.29,2026-03-13
ORD001496,Amazon Marketplace,95.32,0,14.3,81.02,2026-01-03
ORD001497,Shopify Payments,86.04,2.8,0,83.24,2025-10-25
ORD001498,Shopify Payments,151.08,4.68,0,146.4,2026-06-26
ORD001499,TikTok Payments,84.14,1.68,5.05,77.41,2026-05-30
ORD001500,Shopify Payments,120.76,3.8,0,116.96,2026-01-03
ORD001501,Amazon Marketplace,15.12,0,2.27,12.85,2025-08-26
ORD001502,Walmart Marketplace,104.26,0,12.51,91.75,2025-12-10
ORD001503,Amazon Marketplace,316.83,0,47.52,269.31,2026-05-25
ORD001504,TikTok Payments,195.04,3.9,11.7,179.44,2026-01-31
ORD001505,Amazon Marketplace,171.6,0,25.74,145.86,2026-05-10
ORD001506,Walmart Marketplace,285.65,0,34.28,251.37,2026-07-30
ORD001507,TikTok Payments,130.04,2.6,7.8,119.64,2026-06-12
ORD001508,TikTok Payments,120.76,2.42,7.25,111.09,2025-12-27
ORD001509,Amazon Marketplace,182.94,0,27.44,155.5,2026-01-04
ORD001510,Walmart Marketplace,79.31,0,9.52,69.79,2026-04-24
ORD001511,Walmart Marketplace,44.49,0,5.34,39.15,2026-06-12
ORD001512,Amazon Marketplace,182.76,0,27.41,155.35,2026-06-23
ORD001513,Amazon Marketplace,208.16,0,31.22,176.94,2026-04-20
ORD001514,Shopify Payments,506.35,14.98,0,491.37,2025-09-26
ORD001515,Shopify Payments,66.96,2.24,0,64.72,2026-02-04
ORD001516,TikTok Payments,332.91,6.66,19.97,306.28,2025-08-16
ORD001517,Amazon Marketplace,260.02,0,39,221.02,2025-09-28
ORD001518,Amazon Marketplace,56.37,0,8.46,47.91,2026-02-20
ORD001519,TikTok Payments,248.82,4.98,14.93,228.91,2026-03-18
ORD001521,Amazon Marketplace,183.07,0,27.46,155.61,2026-07-12
ORD001522,Shopify Payments,127.74,4,0,123.74,2025-09-03
ORD001523,Walmart Marketplace,255.14,0,30.62,224.52,2026-07-14
ORD001525,TikTok Payments,45.36,0.91,2.72,41.73,2026-01-19
ORD001528,Shopify Payments,314.97,9.43,0,305.54,2026-07-16
ORD001530,Amazon Marketplace,48.48,0,7.27,41.21,2025-08-13
ORD001531,Walmart Marketplace,408.19,0,48.98,359.21,2026-05-15
ORD001533,Amazon Marketplace,183.52,0,27.53,155.99,2026-01-14
ORD001534,Shopify Payments,257.73,7.77,0,249.96,2026-06-30
ORD001535,Shopify Payments,88.03,2.85,0,85.18,2026-04-08
ORD001536,TikTok Payments,251.03,5.02,15.06,230.95,2025-09-29
ORD001537,Shopify Payments,221.52,6.72,0,214.8,2025-08-26
ORD001538,Shopify Payments,345.84,10.33,0,335.51,2026-01-26
ORD001539,Amazon Marketplace,200.6,0,30.09,170.51,2026-06-08
ORD001540,Amazon Marketplace,49.92,0,7.49,42.43,2025-11-19
ORD001543,TikTok Payments,149.82,3,8.99,137.83,2026-04-28
ORD001544,Shopify Payments,126.21,3.96,0,122.25,2025-12-28
ORD001545,Amazon Marketplace,22.21,0,3.33,18.88,2026-04-18
ORD001547,Amazon Marketplace,78.34,0,11.75,66.59,2026-07-04
ORD001548,Walmart Marketplace,14.83,0,1.78,13.05,2025-12-15
ORD001549,Walmart Marketplace,117.48,0,14.1,103.38,2026-07-06
ORD001550,Walmart Marketplace,228.06,0,27.37,200.69,2026-04-28
ORD001551,Amazon Marketplace,267.27,0,40.09,227.18,2026-07-09
ORD001553,Amazon Marketplace,102.9,0,15.43,87.47,2026-01-04
ORD001554,Amazon Marketplace,55.2,0,8.28,46.92,2025-12-08
ORD001555,Shopify Payments,414.26,12.31,0,401.95,2026-03-28
ORD001556,TikTok Payments,432.16,8.64,25.93,397.59,2026-05-09
ORD001557,Shopify Payments,77.67,2.55,0,75.12,2026-07-07
ORD001558,Walmart Marketplace,352.2,0,42.26,309.94,2026-05-30
ORD001559,Walmart Marketplace,394.31,0,47.32,346.99,2026-02-15
ORD001560,Walmart Marketplace,203.96,0,24.48,179.48,2026-07-14
ORD001562,Amazon Marketplace,177.1,0,26.57,150.53,2025-08-23
ORD001563,Amazon Marketplace,177.16,0,26.57,150.59,2026-04-04
ORD001564,TikTok Payments,159.78,3.2,9.59,146.99,2025-08-29
ORD001565,Walmart Marketplace,150.98,0,18.12,132.86,2025-11-08
ORD001567,Walmart Marketplace,263,0,31.56,231.44,2026-05-02
ORD001568,Amazon Marketplace,214.29,0,32.14,182.15,2026-08-02
ORD001569,Shopify Payments,24.53,1.01,0,23.52,2025-11-15
ORD001572,Amazon Marketplace,67.17,0,10.08,57.09,2025-09-12
ORD001573,TikTok Payments,161.38,3.23,9.68,148.47,2026-01-18
ORD001574,Walmart Marketplace,108.96,0,13.08,95.88,2025-09-15
ORD001575,TikTok Payments,49.94,1,3,45.94,2026-05-24
ORD001576,Amazon Marketplace,110.4,0,16.56,93.84,2026-04-13
ORD001577,Shopify Payments,77.67,2.55,0,75.12,2026-04-27
ORD001579,Amazon Marketplace,356.06,0,53.41,302.65,2025-09-18
ORD001580,Shopify Payments,110.24,3.5,0,106.74,2026-01-15
ORD001582,Walmart Marketplace,228.12,0,27.37,200.75,2026-05-06
ORD001583,TikTok Payments,108.16,2.16,6.49,99.51,2025-11-27
ORD001584,Amazon Marketplace,10.46,0,1.57,8.89,2026-07-26
ORD001585,Shopify Payments,198.39,6.05,0,192.34,2025-08-08
ORD001586,Shopify Payments,174.67,5.37,0,169.3,2025-08-14
ORD001587,Shopify Payments,280.56,8.44,0,272.12,2025-12-01
ORD001588,Walmart Marketplace,263,0,31.56,231.44,2026-06-13
ORD001589,Shopify Payments,146.68,4.55,0,142.13,2025-08-18
ORD001590,Amazon Marketplace,65.75,0,9.86,55.89,2025-11-30
ORD001591,Walmart Marketplace,143.41,0,17.21,126.2,2025-12-25
ORD001592,TikTok Payments,88.84,1.78,5.33,81.73,2025-12-26
ORD001594,Amazon Marketplace,178.56,0,26.78,151.78,2025-10-05
ORD001596,Shopify Payments,27.52,1.1,0,26.42,2026-02-18
ORD001597,Amazon Marketplace,57.91,0,8.69,49.22,2026-01-16
ORD001598,TikTok Payments,223.97,4.48,13.44,206.05,2026-03-09
ORD001599,Walmart Marketplace,31.38,0,3.77,27.61,2026-04-30
ORD001600,TikTok Payments,252.36,5.05,15.14,232.17,2026-06-05
ORD001601,Shopify Payments,239.1,7.23,0,231.87,2025-10-04
ORD001602,Amazon Marketplace,155.39,0,23.31,132.08,2025-10-15
ORD001603,Amazon Marketplace,240.45,0,36.07,204.38,2025-10-14
ORD001604,Walmart Marketplace,50.22,0,6.03,44.19,2025-09-08
ORD001605,Shopify Payments,96.47,3.1,0,93.37,2026-03-22
ORD001606,Walmart Marketplace,372.01,0,44.64,327.37,2026-07-13
ORD001607,Amazon Marketplace,131.72,0,19.76,111.96,2026-01-05
ORD001609,Shopify Payments,154.24,4.77,0,149.47,2026-04-19
ORD001610,TikTok Payments,391.11,7.82,23.47,359.82,2025-11-04
ORD001612,TikTok Payments,163.65,3.27,9.82,150.56,2026-07-21
ORD001614,Amazon Marketplace,267.75,0,40.16,227.59,2025-10-02
ORD001615,TikTok Payments,184.02,3.68,11.04,169.3,2025-11-01
ORD001616,Amazon Marketplace,164.22,0,24.63,139.59,2026-02-04
ORD001617,TikTok Payments,127.1,2.54,7.63,116.93,2026-04-07
ORD001618,Shopify Payments,199.12,6.07,0,193.05,2025-11-02
ORD001619,Shopify Payments,95.32,3.06,0,92.26,2026-01-23
ORD001620,Amazon Marketplace,254.56,0,38.18,216.38,2025-11-17
ORD001621,Amazon Marketplace,296.49,0,44.47,252.02,2026-04-24
ORD001622,TikTok Payments,77.67,1.55,4.66,71.46,2025-08-06
ORD001623,Shopify Payments,153.27,4.74,0,148.53,2026-07-11
ORD001625,TikTok Payments,422.72,8.45,25.36,388.91,2026-01-29
ORD001626,Walmart Marketplace,48.85,0,5.86,42.99,2026-07-25
ORD001627,Walmart Marketplace,168.42,0,20.21,148.21,2025-11-28
ORD001628,Shopify Payments,341.72,10.21,0,331.51,2026-04-16
ORD001629,Shopify Payments,264.33,7.97,0,256.36,2026-02-24
ORD001630,Amazon Marketplace,228.18,0,34.23,193.95,2025-10-08
ORD001631,TikTok Payments,46.26,0.93,2.78,42.55,2025-08-30
ORD001632,Shopify Payments,195.4,5.97,0,189.43,2026-01-15
ORD001633,Shopify Payments,178.71,5.48,0,173.23,2025-12-08
ORD001634,Amazon Marketplace,22.21,0,3.33,18.88,2026-03-26
ORD001636,Walmart Marketplace,259.89,0,31.19,228.7,2026-04-14
ORD001637,Walmart Marketplace,132.57,0,15.91,116.66,2026-01-19
ORD001639,Shopify Payments,70.06,2.33,0,67.73,2025-11-01
ORD001640,Walmart Marketplace,209.57,0,25.15,184.42,2026-02-02
ORD001641,TikTok Payments,155.75,3.12,9.34,143.29,2026-06-27
ORD001642,Walmart Marketplace,98.12,0,11.77,86.35,2025-12-05
ORD001643,Amazon Marketplace,312.16,0,46.82,265.34,2025-10-25
ORD001644,Amazon Marketplace,113.68,0,17.05,96.63,2026-01-05
ORD001645,TikTok Payments,77.26,1.55,4.64,71.07,2026-06-29
ORD001646,TikTok Payments,130.43,2.61,7.83,119.99,2026-02-06
ORD001647,TikTok Payments,254.09,5.08,15.25,233.76,2025-09-11
ORD001648,Walmart Marketplace,387.75,0,46.53,341.22,2025-11-09
ORD001649,Shopify Payments,343.4,10.26,0,333.14,2025-12-23
ORD001650,Amazon Marketplace,31.61,0,4.74,26.87,2026-03-20
ORD001651,Walmart Marketplace,163.1,0,19.57,143.53,2025-12-25
ORD001652,Walmart Marketplace,88.47,0,10.62,77.85,2026-03-21
ORD001653,Amazon Marketplace,249.09,0,37.36,211.73,2025-12-01
ORD001654,Amazon Marketplace,161.25,0,24.19,137.06,2026-05-06
ORD001655,Walmart Marketplace,200.68,0,24.08,176.6,2025-12-02
ORD001656,Amazon Marketplace,63.22,0,9.48,53.74,2025-08-16
ORD001657,Amazon Marketplace,110.68,0,16.6,94.08,2026-06-26
ORD001661,Walmart Marketplace,30.19,0,3.62,26.57,2025-08-11
ORD001662,Shopify Payments,128.57,4.03,0,124.54,2026-03-05
ORD001663,Amazon Marketplace,107.07,0,16.06,91.01,2026-07-11
ORD001664,Walmart Marketplace,29.25,0,3.51,25.74,2026-05-02
ORD001665,Amazon Marketplace,100.18,0,15.03,85.15,2026-06-07
ORD001667,TikTok Payments,90.36,1.81,5.42,83.13,2025-08-20
ORD001668,Amazon Marketplace,58.21,0,8.73,49.48,2026-07-27
ORD001669,Walmart Marketplace,196.42,0,23.57,172.85,2026-04-01
ORD001670,Walmart Marketplace,154.52,0,18.54,135.98,2026-05-26
ORD001671,Walmart Marketplace,16.74,0,2.01,14.73,2026-02-16
ORD001672,Amazon Marketplace,325.84,0,48.88,276.96,2026-06-28
ORD001673,Walmart Marketplace,209.92,0,25.19,184.73,2026-07-26
ORD001674,Amazon Marketplace,127.59,0,19.14,108.45,2026-07-26
ORD001675,Shopify Payments,46.26,1.64,0,44.62,2025-11-17
ORD001676,Shopify Payments,136.32,4.25,0,132.07,2026-05-24
ORD001677,Amazon Marketplace,306.75,0,46.01,260.74,2026-06-14
ORD001678,TikTok Payments,216.69,4.33,13,199.36,2025-10-31
ORD001679,Amazon Marketplace,233.82,0,35.07,198.75,2026-04-02
ORD001680,Shopify Payments,233.07,7.06,0,226.01,2026-06-05
ORD001681,TikTok Payments,410.69,8.21,24.64,377.84,2025-12-16
ORD001682,TikTok Payments,83.58,1.67,5.01,76.9,2025-10-27
ORD001683,TikTok Payments,82.56,1.65,4.95,75.96,2026-04-07
ORD001684,Shopify Payments,169.92,5.23,0,164.69,2025-10-10
ORD001685,Amazon Marketplace,426.65,0,64,362.65,2026-04-08
ORD001686,TikTok Payments,263,5.26,15.78,241.96,2025-11-08
ORD001687,Walmart Marketplace,277.38,0,33.29,244.09,2026-04-28
ORD001688,Shopify Payments,49.92,1.75,0,48.17,2026-05-18
ORD001689,TikTok Payments,179.64,3.59,10.78,165.27,2026-05-07
ORD001690,Amazon Marketplace,400.92,0,60.14,340.78,2026-06-02
ORD001691,TikTok Payments,188.76,3.78,11.33,173.65,2026-04-16
ORD001692,Walmart Marketplace,93.96,0,11.28,82.68,2026-04-30
ORD001693,TikTok Payments,132.57,2.65,7.95,121.97,2026-06-22
ORD001694,TikTok Payments,246.66,4.93,14.8,226.93,2025-09-25
ORD001695,TikTok Payments,45.36,0.91,2.72,41.73,2026-04-03
ORD001696,TikTok Payments,70.9,1.42,4.25,65.23,2025-09-09
ORD001697,Walmart Marketplace,121.45,0,14.57,106.88,2026-07-24
ORD001699,Shopify Payments,154.22,4.77,0,149.45,2026-04-05
ORD001700,Shopify Payments,277.3,8.34,0,268.96,2025-08-13
ORD001702,Amazon Marketplace,94.41,0,14.16,80.25,2026-06-10
ORD001704,Amazon Marketplace,27.44,0,4.12,23.32,2025-08-20
ORD001705,TikTok Payments,172.15,3.44,10.33,158.38,2026-03-15
ORD001706,Shopify Payments,154.85,4.79,0,150.06,2025-12-16
ORD001707,TikTok Payments,85.39,1.71,5.12,78.56,2026-05-14
ORD001708,Amazon Marketplace,46.26,0,6.94,39.32,2025-09-28
ORD001709,Amazon Marketplace,146.93,0,22.04,124.89,2025-09-14
ORD001712,Shopify Payments,82.32,2.69,0,79.63,2025-12-02
ORD001713,Shopify Payments,224.96,6.82,0,218.14,2026-05-15
ORD001714,TikTok Payments,159.53,3.19,9.57,146.77,2026-01-10
ORD001717,TikTok Payments,117.08,2.34,7.02,107.72,2025-09-22
ORD001719,Amazon Marketplace,258.62,0,38.79,219.83,2026-03-05
ORD001720,Amazon Marketplace,9.75,0,1.46,8.29,2026-07-16
ORD001721,Shopify Payments,275.2,8.28,0,266.92,2025-12-17
ORD001722,TikTok Payments,66.84,1.34,4.01,61.49,2026-02-25
ORD001723,TikTok Payments,268.04,5.36,16.08,246.6,2026-02-13
ORD001724,Shopify Payments,207.25,6.31,0,200.94,2026-07-16
ORD001725,Walmart Marketplace,190.05,0,22.81,167.24,2025-11-21
ORD001726,Amazon Marketplace,263.4,0,39.51,223.89,2026-06-26
ORD001727,TikTok Payments,77.41,1.55,4.64,71.22,2025-10-03
ORD001728,Shopify Payments,341.14,10.19,0,330.95,2025-11-04
ORD001729,Amazon Marketplace,293.8,0,44.07,249.73,2026-07-28
ORD001730,TikTok Payments,257.94,5.16,15.48,237.3,2026-06-18
ORD001733,Amazon Marketplace,98.12,0,14.72,83.4,2025-12-01
ORD001734,Walmart Marketplace,85.26,0,10.23,75.03,2026-05-26
ORD001735,Amazon Marketplace,217.34,0,32.6,184.74,2026-07-12
ORD001736,Shopify Payments,227.34,6.89,0,220.45,2025-12-06
ORD001737,Shopify Payments,298.03,8.94,0,289.09,2026-06-05
ORD001738,TikTok Payments,120.72,2.41,7.24,111.07,2025-09-16
ORD001739,Amazon Marketplace,185.04,0,27.76,157.28,2026-02-06
ORD001740,Shopify Payments,196.02,5.98,0,190.04,2025-08-26
ORD001741,Walmart Marketplace,25.89,0,3.11,22.78,2025-10-01
ORD001743,Walmart Marketplace,309.76,0,37.17,272.59,2025-11-05
ORD001745,TikTok Payments,221.25,4.42,13.28,203.55,2026-04-22
ORD001746,TikTok Payments,82.56,1.65,4.95,75.96,2026-05-09
ORD001747,Walmart Marketplace,109.92,0,13.19,96.73,2026-04-26
ORD001748,Walmart Marketplace,310.34,0,37.24,273.1,2026-01-11
ORD001750,Walmart Marketplace,252.52,0,30.3,222.22,2026-06-17
ORD001751,Walmart Marketplace,185.43,0,22.25,163.18,2026-03-12
ORD001752,TikTok Payments,269.8,5.4,16.19,248.21,2025-12-22
ORD001754,Amazon Marketplace,107.83,0,16.17,91.66,2026-06-11
ORD001755,TikTok Payments,39,0.78,2.34,35.88,2026-01-03
ORD001756,Shopify Payments,83.01,2.71,0,80.3,2025-08-01
ORD001757,Walmart Marketplace,95.66,0,11.48,84.18,2025-11-20
ORD001759,Amazon Marketplace,247.75,0,37.16,210.59,2025-09-24
ORD001760,Shopify Payments,19.58,0.87,0,18.71,2026-01-19
ORD001762,Amazon Marketplace,105.69,0,15.85,89.84,2026-04-27
ORD001763,TikTok Payments,339.11,6.78,20.35,311.98,2026-05-18
ORD001764,TikTok Payments,176.13,3.52,10.57,162.04,2026-04-19
ORD001765,Shopify Payments,354.13,10.57,0,343.56,2025-11-07
ORD001766,Walmart Marketplace,129.15,0,15.5,113.65,2026-03-23
ORD001769,Shopify Payments,327.12,9.79,0,317.33,2026-03-31
ORD001771,TikTok Payments,188.23,3.76,11.29,173.18,2025-12-24
ORD001775,Amazon Marketplace,186.12,0,27.92,158.2,2026-02-08
ORD001776,Walmart Marketplace,109.56,0,13.15,96.41,2025-08-17
ORD001777,Shopify Payments,39.36,1.44,0,37.92,2026-03-26
ORD001778,Walmart Marketplace,426.05,0,51.13,374.92,2026-07-19
ORD001779,Shopify Payments,311.67,9.34,0,302.33,2026-03-03
ORD001780,Shopify Payments,287.1,8.63,0,278.47,2025-12-02
ORD001781,Walmart Marketplace,49.53,0,5.94,43.59,2026-07-31
ORD001782,Amazon Marketplace,190.51,0,28.58,161.93,2026-04-02
ORD001783,Amazon Marketplace,125.64,0,18.85,106.79,2025-11-02
ORD001784,Shopify Payments,260.44,7.85,0,252.59,2026-04-04
ORD001785,TikTok Payments,181.63,3.63,10.9,167.1,2025-08-26
ORD001786,TikTok Payments,197.35,3.95,11.84,181.56,2026-04-04
ORD001787,TikTok Payments,351.17,7.02,21.07,323.08,2026-06-16
ORD001788,Amazon Marketplace,86.04,0,12.91,73.13,2026-02-05
ORD001789,Shopify Payments,113.54,3.59,0,109.95,2026-07-16
ORD001790,Shopify Payments,282.48,8.49,0,273.99,2026-04-26
ORD001792,Walmart Marketplace,221.34,0,26.56,194.78,2026-04-17
ORD001794,Walmart Marketplace,255.52,0,30.66,224.86,2025-09-24
ORD001795,TikTok Payments,110.68,2.21,6.64,101.83,2025-09-24
ORD001796,TikTok Payments,112.28,2.25,6.74,103.29,2025-08-19
ORD001797,Walmart Marketplace,62.64,0,7.52,55.12,2025-08-23
ORD001798,Walmart Marketplace,176.96,0,21.24,155.72,2025-12-06
ORD001799,TikTok Payments,455.73,9.11,27.34,419.28,2026-02-09
ORD001800,Amazon Marketplace,227.61,0,34.14,193.47,2025-09-24
ORD001801,Walmart Marketplace,207.84,0,24.94,182.9,2025-09-16
ORD001802,Amazon Marketplace,295,0,44.25,250.75,2025-11-07
ORD001803,Walmart Marketplace,120.72,0,14.49,106.23,2026-07-18
ORD001804,TikTok Payments,115.96,2.32,6.96,106.68,2026-02-27
ORD001805,Amazon Marketplace,70.06,0,10.51,59.55,2025-09-29
ORD001806,TikTok Payments,42.48,0.85,2.55,39.08,2025-12-31
ORD001807,TikTok Payments,233.18,4.66,13.99,214.53,2026-01-24
ORD001810,Shopify Payments,206.8,6.3,0,200.5,2026-05-11
ORD001811,Amazon Marketplace,66.9,0,10.04,56.86,2026-05-05
ORD001812,Walmart Marketplace,131.5,0,15.78,115.72,2026-03-07
ORD001814,Shopify Payments,299.52,8.99,0,290.53,2026-03-14
ORD001815,TikTok Payments,164.27,3.29,9.86,151.12,2026-05-17
ORD001817,Walmart Marketplace,171.97,0,20.64,151.33,2025-10-07
ORD001818,TikTok Payments,72.7,1.45,4.36,66.89,2026-07-10
ORD001819,Walmart Marketplace,249.46,0,29.94,219.52,2026-01-18
ORD001821,Walmart Marketplace,155.39,0,18.65,136.74,2025-09-15
ORD001822,TikTok Payments,155.34,3.11,9.32,142.91,2026-06-22
ORD001824,TikTok Payments,153.59,3.07,9.22,141.3,2026-03-30
ORD001827,TikTok Payments,60.38,1.21,3.62,55.55,2025-11-19
ORD001828,Shopify Payments,129.06,4.04,0,125.02,2025-08-10
ORD001829,Shopify Payments,58.08,1.98,0,56.1,2026-04-23
ORD001830,Shopify Payments,45.36,1.62,0,43.74,2025-12-19
ORD001831,Amazon Marketplace,41.84,0,6.28,35.56,2025-10-31
ORD001832,Amazon Marketplace,146.55,0,21.98,124.57,2026-01-28
ORD001833,Amazon Marketplace,38.63,0,5.79,32.84,2026-01-28
ORD001834,Walmart Marketplace,284.62,0,34.15,250.47,2025-11-07
ORD001835,Amazon Marketplace,55.2,0,8.28,46.92,2026-07-07
ORD001836,Walmart Marketplace,243.87,0,29.26,214.61,2025-12-26
ORD001837,TikTok Payments,187.3,3.75,11.24,172.31,2025-09-08
ORD001838,TikTok Payments,331.6,6.63,19.9,305.07,2026-04-24
ORD001839,Shopify Payments,60.48,2.05,0,58.43,2025-12-17
ORD001840,Amazon Marketplace,257.43,0,38.61,218.82,2026-03-09
ORD001841,TikTok Payments,215.57,4.31,12.93,198.33,2026-07-17
ORD001842,Walmart Marketplace,28.42,0,3.41,25.01,2026-04-16
ORD001843,TikTok Payments,211.24,4.22,12.67,194.35,2025-12-20
ORD001844,Walmart Marketplace,147.79,0,17.73,130.06,2025-09-01
ORD001845,Walmart Marketplace,363.76,0,43.65,320.11,2026-01-11
ORD001848,Shopify Payments,256.17,7.73,0,248.44,2025-09-12
ORD001849,Amazon Marketplace,133.36,0,20,113.36,2026-07-05
ORD001850,TikTok Payments,157.1,3.14,9.43,144.53,2026-06-19
ORD001851,Shopify Payments,149.83,4.65,0,145.18,2026-01-20
ORD001852,TikTok Payments,328.2,6.56,19.69,301.95,2025-09-05
ORD001853,Amazon Marketplace,83.58,0,12.54,71.04,2026-04-24
ORD001854,Walmart Marketplace,266.8,0,32.02,234.78,2025-10-30
ORD001856,Amazon Marketplace,198.34,0,29.75,168.59,2026-04-13
ORD001857,Walmart Marketplace,143.1,0,17.17,125.93,2026-03-27
ORD001858,Amazon Marketplace,77.67,0,11.65,66.02,2025-08-16
ORD001859,TikTok Payments,166.24,3.32,9.97,152.95,2025-08-20
ORD001860,TikTok Payments,175.95,3.52,10.56,161.87,2026-06-04
ORD001861,Shopify Payments,135.74,4.24,0,131.5,2025-12-05
ORD001862,Walmart Marketplace,368.69,0,44.24,324.45,2025-11-10
ORD001863,Amazon Marketplace,50.22,0,7.53,42.69,2025-09-27
ORD001864,Shopify Payments,388.85,11.58,0,377.27,2026-05-30
ORD001866,TikTok Payments,185.8,3.72,11.15,170.93,2025-10-19
ORD001868,Walmart Marketplace,168.21,0,20.19,148.02,2026-06-27
ORD001869,TikTok Payments,203.4,4.07,12.2,187.13,2026-05-25
ORD001872,Shopify Payments,328.83,9.84,0,318.99,2026-03-12
ORD001873,Shopify Payments,90.57,2.93,0,87.64,2025-10-18
ORD001874,Shopify Payments,203.75,6.21,0,197.54,2026-06-07
ORD001875,TikTok Payments,434.71,8.69,26.08,399.94,2026-07-05
ORD001876,Walmart Marketplace,275.76,0,33.09,242.67,2025-11-06
ORD001877,TikTok Payments,265.14,5.3,15.91,243.93,2025-12-07
ORD001878,Walmart Marketplace,33.48,0,4.02,29.46,2026-06-05
ORD001879,Shopify Payments,140.92,4.39,0,136.53,2025-09-24
ORD001880,Amazon Marketplace,277.26,0,41.59,235.67,2026-06-11
ORD001881,Amazon Marketplace,164.4,0,24.66,139.74,2026-07-23
ORD001882,Shopify Payments,222.62,6.76,0,215.86,2026-03-15
ORD001883,Shopify Payments,197.76,6.04,0,191.72,2025-07-28
ORD001884,Shopify Payments,140.72,4.38,0,136.34,2025-11-12
ORD001885,Shopify Payments,237.78,7.2,0,230.58,2026-06-26
ORD001888,Amazon Marketplace,190.04,0,28.51,161.53,2026-03-05
ORD001889,Amazon Marketplace,75.51,0,11.33,64.18,2025-11-14
ORD001890,Walmart Marketplace,54.88,0,6.59,48.29,2026-06-16
ORD001891,Shopify Payments,12.29,0.66,0,11.63,2025-10-04
ORD001892,Walmart Marketplace,52.98,0,6.36,46.62,2025-09-20
ORD001893,TikTok Payments,218.01,4.36,13.08,200.57,2026-04-16
ORD001895,Amazon Marketplace,164.16,0,24.62,139.54,2025-08-18
ORD001896,Shopify Payments,232.34,7.04,0,225.3,2025-09-16
ORD001897,Shopify Payments,68.8,2.3,0,66.5,2025-08-01
ORD001899,TikTok Payments,316.44,6.33,18.99,291.12,2026-06-05
ORD001901,Shopify Payments,232.87,7.05,0,225.82,2025-10-29
ORD001902,Amazon Marketplace,30.24,0,4.54,25.7,2026-03-24
ORD001903,Shopify Payments,112.9,3.57,0,109.33,2025-11-30
ORD001904,Walmart Marketplace,358.51,0,43.02,315.49,2025-08-15
ORD001905,Amazon Marketplace,225.55,0,33.83,191.72,2025-10-14
ORD001907,Shopify Payments,56.84,1.95,0,54.89,2025-08-17
ORD001908,Amazon Marketplace,217.01,0,32.55,184.46,2025-09-27
ORD001909,Amazon Marketplace,54.88,0,8.23,46.65,2026-05-24
ORD001910,Walmart Marketplace,177.16,0,21.26,155.9,2026-01-20
ORD001911,Walmart Marketplace,114.27,0,13.71,100.56,2026-02-28
ORD001913,Amazon Marketplace,264.69,0,39.7,224.99,2026-05-24
ORD001914,Walmart Marketplace,245.21,0,29.43,215.78,2025-09-01
ORD001915,TikTok Payments,280.89,5.62,16.85,258.42,2026-02-02
ORD001916,Shopify Payments,110.4,3.5,0,106.9,2026-01-18
ORD001917,Walmart Marketplace,78.32,0,9.4,68.92,2026-06-08
ORD001918,TikTok Payments,50.47,1.01,3.03,46.43,2025-12-21
ORD001919,Shopify Payments,215.49,6.55,0,208.94,2026-02-11
ORD001920,Amazon Marketplace,179.68,0,26.95,152.73,2026-03-26
ORD001921,Shopify Payments,279.73,8.41,0,271.32,2025-09-08
ORD001922,TikTok Payments,203.93,4.08,12.24,187.61,2026-01-24
ORD001923,TikTok Payments,443.01,8.86,26.58,407.57,2026-02-12
ORD001924,Walmart Marketplace,195.22,0,23.43,171.79,2025-11-03
ORD001925,Walmart Marketplace,51.78,0,6.21,45.57,2026-04-03
ORD001926,TikTok Payments,249.9,5,14.99,229.91,2025-08-18
ORD001927,TikTok Payments,342.09,6.84,20.53,314.72,2026-05-10
ORD001928,Amazon Marketplace,110.4,0,16.56,93.84,2026-06-09
ORD001930,Shopify Payments,303,9.09,0,293.91,2026-06-30
ORD001931,TikTok Payments,237.52,4.75,14.25,218.52,2026-04-15
ORD001932,Shopify Payments,111.41,3.53,0,107.88,2026-02-14
ORD001935,TikTok Payments,331.08,6.62,19.86,304.6,2026-04-07
ORD001936,TikTok Payments,52.98,1.06,3.18,48.74,2025-08-14
ORD001938,Walmart Marketplace,134.58,0,16.15,118.43,2026-02-11
ORD001939,Amazon Marketplace,340.41,0,51.06,289.35,2026-07-05
ORD001940,TikTok Payments,49.77,1,2.99,45.78,2026-01-03
ORD001942,Amazon Marketplace,180.31,0,27.05,153.26,2026-05-01
ORD001943,Amazon Marketplace,271.21,0,40.68,230.53,2025-09-18
ORD001945,Amazon Marketplace,110.4,0,16.56,93.84,2026-05-11
ORD001946,Shopify Payments,138.78,4.32,0,134.46,2026-07-16
ORD001948,Shopify Payments,31.61,1.22,0,30.39,2025-08-26
ORD001950,Amazon Marketplace,177.55,0,26.63,150.92,2025-09-09
ORD001951,Shopify Payments,138.51,4.32,0,134.19,2025-11-30
ORD001952,Shopify Payments,42.07,1.52,0,40.55,2026-03-20
ORD001953,Walmart Marketplace,287.88,0,34.55,253.33,2025-10-05
ORD001954,Shopify Payments,132.3,4.14,0,128.16,2025-08-21
ORD001957,Walmart Marketplace,295.1,0,35.41,259.69,2026-04-09
ORD001958,Walmart Marketplace,161.33,0,19.36,141.97,2026-04-10
ORD001959,TikTok Payments,418.86,8.38,25.13,385.35,2026-03-18
ORD001960,Amazon Marketplace,47.7,0,7.16,40.54,2026-03-09
ORD001961,Shopify Payments,167.16,5.15,0,162.01,2026-05-01
ORD001962,Amazon Marketplace,181.06,0,27.16,153.9,2025-12-13
ORD001963,Shopify Payments,81.84,2.67,0,79.17,2025-12-22
ORD001964,Walmart Marketplace,97.47,0,11.7,85.77,2026-03-30
ORD001965,Amazon Marketplace,176.06,0,26.41,149.65,2026-03-02
ORD001966,Walmart Marketplace,187.85,0,22.54,165.31,2025-12-02
ORD001967,Shopify Payments,217.7,6.61,0,211.09,2026-01-20
ORD001968,Walmart Marketplace,102.27,0,12.27,90,2026-02-21
ORD001969,Walmart Marketplace,82.8,0,9.94,72.86,2026-03-31
ORD001972,Amazon Marketplace,83.58,0,12.54,71.04,2026-06-12
ORD001973,TikTok Payments,255.99,5.12,15.36,235.51,2026-04-30
ORD001974,Walmart Marketplace,116.06,0,13.93,102.13,2025-09-23
ORD001975,Amazon Marketplace,175.7,0,26.35,149.35,2026-07-06
ORD001977,Walmart Marketplace,345.18,0,41.42,303.76,2026-04-17
ORD001978,Amazon Marketplace,182.65,0,27.4,155.25,2026-07-15
ORD001979,Walmart Marketplace,177,0,21.24,155.76,2026-06-02
ORD001980,Amazon Marketplace,96.7,0,14.5,82.2,2026-03-10
ORD001981,Walmart Marketplace,146.55,0,17.59,128.96,2026-05-14
ORD001982,Shopify Payments,218.77,6.64,0,212.13,2026-06-30
ORD001984,Amazon Marketplace,240.02,0,36,204.02,2026-01-24
ORD001987,TikTok Payments,300.19,6,18.01,276.18,2025-10-30
ORD001988,Amazon Marketplace,157.01,0,23.55,133.46,2026-01-15
ORD001989,Amazon Marketplace,88.84,0,13.33,75.51,2025-12-17
ORD001990,Shopify Payments,68.66,2.29,0,66.37,2026-06-14
ORD001991,Shopify Payments,149.82,4.64,0,145.18,2026-01-20
ORD001992,Shopify Payments,92.52,2.98,0,89.54,2025-12-29
ORD001993,Shopify Payments,197.25,6.02,0,191.23,2026-01-04
ORD001994,Amazon Marketplace,355.8,0,53.37,302.43,2026-05-20
ORD001995,TikTok Payments,283.64,5.67,17.02,260.95,2025-09-08
ORD001996,Amazon Marketplace,209.92,0,31.49,178.43,2025-12-09
ORD001997,Walmart Marketplace,27.39,0,3.29,24.1,2026-01-20
ORD001998,Amazon Marketplace,193.92,0,29.09,164.83,2025-12-08
ORD001999,Walmart Marketplace,397.17,0,47.66,349.51,2026-04-25
ORD002000,Walmart Marketplace,169.46,0,20.34,149.12,2025-11-14
ORD002001,Shopify Payments,265.51,8,0,257.51,2025-12-21
ORD002002,Walmart Marketplace,316.23,0,37.95,278.28,2025-10-07
ORD002004,Walmart Marketplace,200.11,0,24.01,176.1,2026-08-03
ORD002005,Walmart Marketplace,144.08,0,17.29,126.79,2026-02-09
ORD002006,Amazon Marketplace,119.94,0,17.99,101.95,2025-09-03
ORD002007,TikTok Payments,263,5.26,15.78,241.96,2025-09-05
ORD002008,Amazon Marketplace,66.7,0,10.01,56.69,2026-06-29
ORD002009,Walmart Marketplace,48.48,0,5.82,42.66,2025-09-11
ORD002010,TikTok Payments,202.79,4.06,12.17,186.56,2025-09-06
ORD002011,Walmart Marketplace,251.74,0,30.21,221.53,2026-01-23
ORD002012,TikTok Payments,84.59,1.69,5.08,77.82,2025-09-08
ORD002013,Amazon Marketplace,138.78,0,20.82,117.96,2026-05-24
ORD002015,Shopify Payments,140.92,4.39,0,136.53,2025-12-19
ORD002016,TikTok Payments,108.6,2.17,6.52,99.91,2026-06-12
ORD002017,TikTok Payments,55.2,1.1,3.31,50.79,2025-09-21
ORD002018,Walmart Marketplace,97.7,0,11.72,85.98,2026-03-12
ORD002019,TikTok Payments,127.32,2.55,7.64,117.13,2025-08-24
ORD002020,Walmart Marketplace,93.96,0,11.28,82.68,2026-03-23
ORD002021,Shopify Payments,287.68,8.64,0,279.04,2026-03-03
ORD002023,TikTok Payments,138.14,2.76,8.29,127.09,2025-12-09
ORD002024,Amazon Marketplace,153.88,0,23.08,130.8,2026-04-27
ORD002026,TikTok Payments,85.26,1.71,5.12,78.43,2026-01-09
ORD002028,Amazon Marketplace,195.4,0,29.31,166.09,2026-07-13
ORD002030,Amazon Marketplace,258.42,0,38.76,219.66,2026-08-09
ORD002031,Walmart Marketplace,284.59,0,34.15,250.44,2026-05-28
ORD002033,TikTok Payments,56.14,1.12,3.37,51.65,2026-07-06
ORD002035,Walmart Marketplace,102.34,0,12.28,90.06,2026-05-15
ORD002036,Walmart Marketplace,218.47,0,26.22,192.25,2025-08-28
ORD002037,TikTok Payments,341.34,6.83,20.48,314.03,2025-11-21
ORD002038,Walmart Marketplace,38.63,0,4.64,33.99,2026-03-30
ORD002039,TikTok Payments,82.17,1.64,4.93,75.6,2025-11-30
ORD002040,Amazon Marketplace,183.01,0,27.45,155.56,2025-12-23
ORD002041,Amazon Marketplace,105.69,0,15.85,89.84,2025-09-17
ORD002042,Amazon Marketplace,224.56,0,33.68,190.88,2026-03-22
ORD002043,Shopify Payments,38.63,1.42,0,37.21,2026-02-10
ORD002044,Shopify Payments,328.68,9.83,0,318.85,2025-10-17
ORD002047,Shopify Payments,287.04,8.62,0,278.42,2026-02-01
ORD002049,Walmart Marketplace,281.61,0,33.79,247.82,2026-07-03
ORD002051,TikTok Payments,84.96,1.7,5.1,78.16,2025-12-16
ORD002052,TikTok Payments,371.76,7.44,22.31,342.01,2026-06-25
ORD002053,Amazon Marketplace,110.4,0,16.56,93.84,2026-03-12
ORD002055,Shopify Payments,120.12,3.78,0,116.34,2025-09-10
ORD002057,Shopify Payments,293.11,8.8,0,284.31,2025-11-13
ORD002058,Amazon Marketplace,56.84,0,8.53,48.31,2026-03-18
ORD002059,Shopify Payments,41.84,1.51,0,40.33,2025-10-23
ORD002060,Shopify Payments,284.8,8.56,0,276.24,2026-06-06
ORD002061,TikTok Payments,24.58,0.49,1.47,22.62,2026-01-15
ORD002062,Walmart Marketplace,59.25,0,7.11,52.14,2026-07-03
ORD002064,Walmart Marketplace,221.06,0,26.53,194.53,2026-06-02
ORD002065,Walmart Marketplace,427.06,0,51.25,375.81,2026-06-22
ORD002066,Amazon Marketplace,39,0,5.85,33.15,2026-04-06
ORD002067,Amazon Marketplace,199.43,0,29.91,169.52,2026-04-04
ORD002068,TikTok Payments,61.27,1.23,3.68,56.36,2026-04-20
ORD002069,Amazon Marketplace,79.17,0,11.88,67.29,2026-04-15
ORD002070,Walmart Marketplace,55.04,0,6.6,48.44,2026-03-14
ORD002071,Amazon Marketplace,43.02,0,6.45,36.57,2025-08-19
ORD002072,Shopify Payments,234.75,7.11,0,227.64,2026-03-20
ORD002075,Shopify Payments,85.21,2.77,0,82.44,2026-06-14
ORD002076,Shopify Payments,183.72,5.63,0,178.09,2026-04-22
ORD002077,Amazon Marketplace,41.16,0,6.17,34.99,2025-11-20
ORD002079,Amazon Marketplace,217.99,0,32.7,185.29,2025-10-18
ORD002080,TikTok Payments,22.21,0.44,1.33,20.44,2025-11-15
ORD002081,Shopify Payments,73.39,2.43,0,70.96,2026-04-27
ORD002082,Shopify Payments,231.91,7.03,0,224.88,2026-05-21
ORD002083,TikTok Payments,223.3,4.47,13.4,205.43,2025-11-29
ORD002084,TikTok Payments,221.41,4.43,13.28,203.7,2026-07-25
ORD002085,Shopify Payments,226.12,6.86,0,219.26,2025-12-05
ORD002086,TikTok Payments,248.44,4.97,14.91,228.56,2025-12-17
ORD002087,Walmart Marketplace,29.66,0,3.56,26.1,2025-08-11
ORD002088,TikTok Payments,203.24,4.06,12.19,186.99,2025-10-10
ORD002089,Walmart Marketplace,193.41,0,23.21,170.2,2026-07-13
ORD002090,Shopify Payments,27.44,1.1,0,26.34,2025-09-22
ORD002091,Shopify Payments,168.42,5.18,0,163.24,2026-03-03
ORD002092,Walmart Marketplace,124.85,0,14.98,109.87,2026-04-20
ORD002093,Shopify Payments,176.76,5.43,0,171.33,2025-12-29
ORD002094,TikTok Payments,51.78,1.04,3.11,47.63,2025-08-28
ORD002095,TikTok Payments,168.28,3.37,10.1,154.81,2025-09-27
ORD002096,Shopify Payments,41.84,1.51,0,40.33,2026-05-10
ORD002098,Shopify Payments,224,6.8,0,217.2,2025-08-09
ORD002099,TikTok Payments,90.87,1.82,5.45,83.6,2025-09-06
ORD002100,Amazon Marketplace,82.8,0,12.42,70.38,2026-05-26
ORD002101,Shopify Payments,15.12,0.74,0,14.38,2026-02-18
ORD002102,TikTok Payments,268.09,5.36,16.09,246.64,2025-10-25
ORD002103,Amazon Marketplace,44.42,0,6.66,37.76,2026-01-02
ORD002104,Walmart Marketplace,395.06,0,47.41,347.65,2026-01-18
ORD002105,Amazon Marketplace,198.77,0,29.82,168.95,2026-01-31
ORD002106,Walmart Marketplace,148.53,0,17.82,130.71,2025-12-19
ORD002107,Walmart Marketplace,348.33,0,41.8,306.53,2025-10-08
ORD002108,TikTok Payments,164.53,3.29,9.87,151.37,2025-12-24
ORD002109,Walmart Marketplace,77.67,0,9.32,68.35,2025-12-07
ORD002110,TikTok Payments,207.88,4.16,12.47,191.25,2026-05-10
ORD002111,Shopify Payments,105.06,3.35,0,101.71,2025-11-30
ORD002112,Walmart Marketplace,58.98,0,7.08,51.9,2026-06-06
ORD002113,TikTok Payments,313.41,6.27,18.8,288.34,2026-08-03
ORD002114,Walmart Marketplace,90.64,0,10.88,79.76,2026-03-17
ORD002116,Walmart Marketplace,439.99,0,52.8,387.19,2025-09-09
ORD002117,Walmart Marketplace,115.89,0,13.91,101.98,2026-07-18
ORD002119,Amazon Marketplace,83.03,0,12.45,70.58,2025-10-09
ORD002120,Shopify Payments,44.42,1.59,0,42.83,2025-09-27
ORD002121,Amazon Marketplace,93.96,0,14.09,79.87,2026-05-27
ORD002123,TikTok Payments,197.14,3.94,11.83,181.37,2025-08-21
ORD002124,Amazon Marketplace,99.84,0,14.98,84.86,2026-04-26
ORD002125,Shopify Payments,326.34,9.76,0,316.58,2025-08-28
ORD002126,Walmart Marketplace,109.49,0,13.14,96.35,2025-11-23
ORD002128,TikTok Payments,139.68,2.79,8.38,128.51,2026-04-15
ORD002129,TikTok Payments,44.49,0.89,2.67,40.93,2026-01-13
ORD002132,Walmart Marketplace,321.36,0,38.56,282.8,2026-01-27
ORD002133,TikTok Payments,236.2,4.72,14.17,217.31,2026-01-10
ORD002134,TikTok Payments,290.88,5.82,17.45,267.61,2025-11-16
ORD002136,Amazon Marketplace,224.08,0,33.61,190.47,2026-05-28
ORD002137,Walmart Marketplace,212.7,0,25.52,187.18,2026-02-24
ORD002138,Amazon Marketplace,128.63,0,19.29,109.34,2025-09-21
ORD002139,Amazon Marketplace,198.38,0,29.76,168.62,2025-12-21
ORD002140,Amazon Marketplace,91.21,0,13.68,77.53,2026-01-22
ORD002141,Amazon Marketplace,175.8,0,26.37,149.43,2025-09-21
ORD002142,Shopify Payments,340.6,10.18,0,330.42,2025-11-16
ORD002143,Shopify Payments,230.48,6.98,0,223.5,2026-04-17
ORD002145,Shopify Payments,123.21,3.87,0,119.34,2026-03-15
ORD002146,TikTok Payments,174.08,3.48,10.44,160.16,2026-02-07
ORD002147,Shopify Payments,227.17,6.89,0,220.28,2026-02-18
ORD002148,Shopify Payments,298.41,8.95,0,289.46,2026-04-14
ORD002151,Amazon Marketplace,365.15,0,54.77,310.38,2025-11-03
ORD002152,Walmart Marketplace,169.92,0,20.39,149.53,2026-01-09
ORD002153,Shopify Payments,212.03,6.45,0,205.58,2026-03-16
ORD002154,Amazon Marketplace,322.26,0,48.34,273.92,2025-08-30
ORD002155,TikTok Payments,81.09,1.62,4.87,74.6,2025-08-03
ORD002156,TikTok Payments,182.47,3.65,10.95,167.87,2025-10-21
ORD002157,TikTok Payments,66.63,1.33,4,61.3,2025-11-27
ORD002158,Amazon Marketplace,221.91,0,33.29,188.62,2025-10-31
ORD002159,Walmart Marketplace,140.92,0,16.91,124.01,2026-06-02
ORD002160,TikTok Payments,188.82,3.78,11.33,173.71,2025-09-25
ORD002161,TikTok Payments,230.58,4.61,13.83,212.14,2026-05-24
ORD002163,Walmart Marketplace,199.24,0,23.91,175.33,2025-11-29
ORD002164,TikTok Payments,232.38,4.65,13.94,213.79,2025-12-06
ORD002165,Amazon Marketplace,22.21,0,3.33,18.88,2025-09-25
ORD002167,Walmart Marketplace,193.92,0,23.27,170.65,2026-02-18
ORD002169,Shopify Payments,129.37,4.05,0,125.32,2026-01-10
ORD002170,Amazon Marketplace,154.43,0,23.16,131.27,2025-10-15
ORD002171,Shopify Payments,301.3,9.04,0,292.26,2025-09-17
ORD002172,Walmart Marketplace,177.75,0,21.33,156.42,2026-01-04
ORD002173,Shopify Payments,225.89,6.85,0,219.04,2026-02-20
ORD002176,Shopify Payments,201.29,6.14,0,195.15,2026-02-07
ORD002177,Amazon Marketplace,207.88,0,31.18,176.7,2026-03-14
ORD002178,Shopify Payments,218.2,6.63,0,211.57,2026-06-16
ORD002179,Amazon Marketplace,90.57,0,13.59,76.98,2026-04-26
ORD002180,Shopify Payments,178.24,5.47,0,172.77,2026-06-06
ORD002181,Shopify Payments,15.12,0.74,0,14.38,2025-12-13
ORD002182,Shopify Payments,168.05,5.17,0,162.88,2025-08-23
ORD002183,Walmart Marketplace,201.31,0,24.16,177.15,2026-01-10
ORD002185,Amazon Marketplace,60.48,0,9.07,51.41,2026-05-23
ORD002186,Walmart Marketplace,31.61,0,3.79,27.82,2025-08-25
ORD002187,TikTok Payments,394.23,7.88,23.65,362.7,2026-01-19
ORD002188,Amazon Marketplace,82.56,0,12.38,70.18,2025-08-17
ORD002189,Shopify Payments,77.42,2.55,0,74.87,2026-01-22
ORD002190,Shopify Payments,86.04,2.8,0,83.24,2026-07-20
ORD002191,Walmart Marketplace,333.06,0,39.97,293.09,2025-09-08
ORD002192,Amazon Marketplace,78.32,0,11.75,66.57,2026-07-10
ORD002193,Walmart Marketplace,193.92,0,23.27,170.65,2025-12-09
ORD002194,Walmart Marketplace,31.32,0,3.76,27.56,2026-03-21
ORD002195,Amazon Marketplace,226.01,0,33.9,192.11,2026-01-21
ORD002196,Shopify Payments,456.08,13.53,0,442.55,2026-03-07
ORD002197,Shopify Payments,133.36,4.17,0,129.19,2026-01-01
ORD002198,Walmart Marketplace,167.39,0,20.09,147.3,2026-05-12
ORD002199,Walmart Marketplace,178.81,0,21.46,157.35,2026-04-13
ORD002200,Walmart Marketplace,239.74,0,28.77,210.97,2026-01-18
ORD002201,Shopify Payments,202.06,6.16,0,195.9,2025-11-16
ORD002202,Amazon Marketplace,215.39,0,32.31,183.08,2025-09-23
ORD002203,Shopify Payments,22.39,0.95,0,21.44,2026-01-01
ORD002206,Walmart Marketplace,220.24,0,26.43,193.81,2025-10-14
ORD002207,Shopify Payments,222.15,6.74,0,215.41,2026-06-05
ORD002208,Shopify Payments,187.02,5.72,0,181.3,2026-03-24
ORD002209,Shopify Payments,36.35,1.35,0,35,2026-01-22
ORD002210,Amazon Marketplace,102.74,0,15.41,87.33,2026-06-29
ORD002211,Amazon Marketplace,264.6,0,39.69,224.91,2026-05-03
ORD002212,Amazon Marketplace,157.59,0,23.64,133.95,2026-08-01
ORD002213,Walmart Marketplace,250.06,0,30.01,220.05,2025-12-28
ORD002214,TikTok Payments,242.31,4.85,14.54,222.92,2025-09-04
ORD002215,Walmart Marketplace,139.03,0,16.68,122.35,2026-01-25
ORD002216,Walmart Marketplace,170.42,0,20.45,149.97,2026-07-01
ORD002217,TikTok Payments,327.73,6.55,19.66,301.52,2025-09-12
ORD002218,Shopify Payments,62.64,2.12,0,60.52,2025-10-31
ORD002221,Shopify Payments,83.34,2.72,0,80.62,2025-12-30
ORD002222,Walmart Marketplace,222.73,0,26.73,196,2026-02-28
ORD002223,Amazon Marketplace,449.85,0,67.48,382.37,2025-09-07
ORD002224,TikTok Payments,227.28,4.55,13.64,209.09,2026-01-03
ORD002225,Shopify Payments,35.23,1.32,0,33.91,2026-06-30
ORD002226,Walmart Marketplace,132.09,0,15.85,116.24,2025-12-07
ORD002229,TikTok Payments,71.45,1.43,4.29,65.73,2025-10-26
ORD002230,Amazon Marketplace,60.38,0,9.06,51.32,2025-12-17
ORD002231,Shopify Payments,328.65,9.83,0,318.82,2026-05-26
ORD002232,Shopify Payments,127.4,3.99,0,123.41,2025-09-30
ORD002233,Shopify Payments,14.83,0.73,0,14.1,2025-08-26
ORD002234,TikTok Payments,159.75,3.2,9.58,146.97,2026-02-15
ORD002235,TikTok Payments,75.8,1.52,4.55,69.73,2026-04-04
ORD002236,Walmart Marketplace,201.26,0,24.15,177.11,2025-09-21
ORD002240,Shopify Payments,281.61,8.47,0,273.14,2026-07-15
ORD002241,Walmart Marketplace,110.68,0,13.28,97.4,2026-06-07
ORD002242,Walmart Marketplace,411.22,0,49.35,361.87,2025-12-23
ORD002244,Walmart Marketplace,512.69,0,61.52,451.17,2026-05-18
ORD002245,TikTok Payments,229.92,4.6,13.8,211.52,2026-06-15
ORD002247,Amazon Marketplace,97.17,0,14.58,82.59,2026-06-20
ORD002248,TikTok Payments,180.3,3.61,10.82,165.87,2025-09-27
ORD002249,TikTok Payments,49.16,0.98,2.95,45.23,2025-10-31
ORD002250,TikTok Payments,261.18,5.22,15.67,240.29,2025-09-09
ORD002251,TikTok Payments,194.6,3.89,11.68,179.03,2025-09-26
ORD002252,Shopify Payments,224.9,6.82,0,218.08,2025-11-05
ORD002253,Walmart Marketplace,187.12,0,22.45,164.67,2025-10-24
ORD002254,TikTok Payments,226.72,4.53,13.6,208.59,2025-10-07
ORD002255,Shopify Payments,225.38,6.84,0,218.54,2026-03-18
ORD002256,Shopify Payments,199.68,6.09,0,193.59,2025-09-25
ORD002258,Shopify Payments,27.67,1.1,0,26.57,2026-05-17
ORD002259,Amazon Marketplace,136.62,0,20.49,116.13,2026-04-20
ORD002260,Walmart Marketplace,30.19,0,3.62,26.57,2025-09-08
ORD002261,Amazon Marketplace,266.54,0,39.98,226.56,2025-10-16
ORD002262,Shopify Payments,168.42,5.18,0,163.24,2026-05-25
ORD002266,Walmart Marketplace,54.88,0,6.59,48.29,2026-05-29
ORD002267,Shopify Payments,207.68,6.32,0,201.36,2026-03-03
ORD002268,TikTok Payments,41.16,0.82,2.47,37.87,2026-05-24
ORD002269,Walmart Marketplace,220.81,0,26.5,194.31,2026-03-22
ORD002270,Walmart Marketplace,313.4,0,37.61,275.79,2026-01-31
ORD002271,Amazon Marketplace,191.6,0,28.74,162.86,2026-04-30
ORD002272,TikTok Payments,225.08,4.5,13.5,207.08,2026-07-25
ORD002273,TikTok Payments,138.24,2.76,8.29,127.19,2026-07-10
ORD002274,TikTok Payments,180.56,3.61,10.83,166.12,2026-03-09
ORD002275,Walmart Marketplace,60.38,0,7.25,53.13,2026-04-15
ORD002276,Amazon Marketplace,268.21,0,40.23,227.98,2026-04-11
ORD002277,Amazon Marketplace,342,0,51.3,290.7,2026-04-07
ORD002278,TikTok Payments,197.25,3.95,11.83,181.47,2025-12-06
ORD002279,TikTok Payments,19.5,0.39,1.17,17.94,2026-07-04
ORD002281,Shopify Payments,83.55,2.72,0,80.83,2025-11-28
ORD002283,TikTok Payments,67.17,1.34,4.03,61.8,2026-01-19
ORD002284,Shopify Payments,49.94,1.75,0,48.19,2025-08-23
ORD002286,Shopify Payments,35.23,1.32,0,33.91,2026-01-15
ORD002287,Amazon Marketplace,132.96,0,19.94,113.02,2026-04-12
ORD002288,Shopify Payments,218.61,6.64,0,211.97,2025-11-22
ORD002290,Walmart Marketplace,41.16,0,4.94,36.22,2025-11-24
ORD002292,Shopify Payments,155.34,4.8,0,150.54,2025-08-19
ORD002293,TikTok Payments,498.88,9.98,29.93,458.97,2025-12-17
ORD002295,Shopify Payments,58.74,2,0,56.74,2025-08-26
ORD002296,TikTok Payments,243.44,4.87,14.61,223.96,2025-12-01
ORD002297,TikTok Payments,33.48,0.67,2.01,30.8,2026-01-29
ORD002298,Walmart Marketplace,153,0,18.36,134.64,2026-02-01
ORD002299,Shopify Payments,199.76,6.09,0,193.67,2025-08-12
ORD002300,TikTok Payments,169.02,3.38,10.14,155.5,2025-08-24
ORD002301,Walmart Marketplace,81.19,0,9.74,71.45,2025-12-29
ORD002302,TikTok Payments,154.52,3.09,9.27,142.16,2026-06-21
ORD002303,Walmart Marketplace,105.69,0,12.68,93.01,2025-11-28
ORD002304,TikTok Payments,214.95,4.3,12.9,197.75,2025-08-31
ORD002305,Shopify Payments,219.52,6.67,0,212.85,2026-04-04
ORD002306,Amazon Marketplace,142.83,0,21.42,121.41,2026-07-10
ORD002308,Amazon Marketplace,339.03,0,50.85,288.18,2025-09-13
ORD002310,Shopify Payments,172.08,5.29,0,166.79,2026-03-16
ORD002311,TikTok Payments,54.55,1.09,3.27,50.19,2026-02-15
ORD002312,TikTok Payments,103.56,2.07,6.21,95.28,2025-12-29
ORD002314,Shopify Payments,9.75,0.58,0,9.17,2026-03-11
ORD002315,TikTok Payments,199.76,4,11.99,183.77,2026-03-06
ORD002316,Shopify Payments,172.08,5.29,0,166.79,2026-06-01
ORD002317,TikTok Payments,108.18,2.16,6.49,99.53,2026-05-16
ORD002319,TikTok Payments,214.09,4.28,12.85,196.96,2025-08-16
ORD002320,TikTok Payments,97.7,1.95,5.86,89.89,2026-01-24
ORD002321,Shopify Payments,154.78,4.79,0,149.99,2026-07-15
ORD002322,Walmart Marketplace,105.69,0,12.68,93.01,2026-06-20
ORD002323,Shopify Payments,276.81,8.33,0,268.48,2026-03-08
ORD002324,Walmart Marketplace,86.4,0,10.37,76.03,2026-04-19
ORD002325,Amazon Marketplace,193.92,0,29.09,164.83,2025-10-21
ORD002326,Walmart Marketplace,148.9,0,17.87,131.03,2025-12-10
ORD002328,Amazon Marketplace,43.02,0,6.45,36.57,2026-02-09
ORD002329,Shopify Payments,70.69,2.35,0,68.34,2026-02-07
ORD002330,Amazon Marketplace,109.1,0,16.36,92.74,2025-10-07
ORD002331,TikTok Payments,193.09,3.86,11.59,177.64,2025-08-27
ORD002332,Amazon Marketplace,150.94,0,22.64,128.3,2026-01-31
ORD002333,Walmart Marketplace,197.25,0,23.67,173.58,2025-09-18
ORD002335,Shopify Payments,115.44,3.65,0,111.79,2026-07-13
ORD002336,Walmart Marketplace,108.02,0,12.96,95.06,2026-06-30
ORD002337,Walmart Marketplace,145.84,0,17.5,128.34,2025-12-21
ORD002338,TikTok Payments,56.84,1.14,3.41,52.29,2026-05-05
ORD002339,Shopify Payments,29.49,1.16,0,28.33,2025-08-29
ORD002340,Shopify Payments,142.32,4.43,0,137.89,2026-02-08
ORD002341,TikTok Payments,337.12,6.74,20.23,310.15,2026-04-09
ORD002342,Shopify Payments,280.32,8.43,0,271.89,2025-10-04
ORD002343,Amazon Marketplace,70.64,0,10.6,60.04,2025-08-24
ORD002344,Shopify Payments,129.45,4.05,0,125.4,2025-11-01
ORD002345,TikTok Payments,188.48,3.77,11.31,173.4,2026-05-04
ORD002346,Amazon Marketplace,105.79,0,15.87,89.92,2026-01-25
ORD002348,Amazon Marketplace,175.6,0,26.34,149.26,2026-02-27
ORD002352,Amazon Marketplace,238.34,0,35.75,202.59,2025-12-28
ORD002353,TikTok Payments,162.08,3.24,9.72,149.12,2025-12-24
ORD002355,Amazon Marketplace,180.16,0,27.02,153.14,2025-11-26
ORD002356,Amazon Marketplace,226.98,0,34.05,192.93,2026-01-05
ORD002358,Amazon Marketplace,241.95,0,36.29,205.66,2026-06-05
ORD002359,Amazon Marketplace,24.58,0,3.69,20.89,2025-12-19
ORD002360,Walmart Marketplace,125.37,0,15.04,110.33,2026-04-28
ORD002361,Shopify Payments,130.56,4.09,0,126.47,2026-03-16
ORD002362,TikTok Payments,54.28,1.09,3.26,49.93,2025-08-22
ORD002363,Amazon Marketplace,58.74,0,8.81,49.93,2026-06-12
ORD002364,Shopify Payments,152.41,4.72,0,147.69,2026-03-31
ORD002366,Amazon Marketplace,84.14,0,12.62,71.52,2025-12-16
ORD002368,Shopify Payments,287.19,8.63,0,278.56,2025-12-03
ORD002369,Walmart Marketplace,140.12,0,16.81,123.31,2025-09-14
ORD002370,Shopify Payments,224.56,6.81,0,217.75,2026-03-01
ORD002372,TikTok Payments,218.2,4.36,13.09,200.75,2025-12-30
ORD002373,Shopify Payments,144.03,4.48,0,139.55,2025-11-16
ORD002374,TikTok Payments,41.79,0.84,2.51,38.44,2025-11-06
ORD002376,Amazon Marketplace,140.21,0,21.03,119.18,2026-07-06
ORD002377,Amazon Marketplace,209.51,0,31.43,178.08,2026-04-19
ORD002378,TikTok Payments,137.06,2.74,8.22,126.1,2026-07-18
ORD002379,TikTok Payments,90.33,1.81,5.42,83.1,2026-03-25
ORD002380,Shopify Payments,27.39,1.09,0,26.3,2026-07-01
ORD002381,TikTok Payments,52.98,1.06,3.18,48.74,2025-09-28
ORD002382,TikTok Payments,60.38,1.21,3.62,55.55,2025-12-09
ORD002384,TikTok Payments,402.05,8.04,24.12,369.89,2026-03-16
ORD002385,Amazon Marketplace,194.81,0,29.22,165.59,2026-04-24
ORD002386,Shopify Payments,46.26,1.64,0,44.62,2025-09-19
ORD002387,Amazon Marketplace,148.59,0,22.29,126.3,2026-07-30
ORD002388,Walmart Marketplace,35.32,0,4.24,31.08,2025-12-23
ORD002390,Shopify Payments,118.07,3.72,0,114.35,2026-04-09
ORD002391,Shopify Payments,22.39,0.95,0,21.44,2026-04-24
ORD002393,Shopify Payments,82.17,2.68,0,79.49,2025-12-26
ORD002394,TikTok Payments,323.82,6.48,19.43,297.91,2025-09-21
ORD002395,TikTok Payments,212.04,4.24,12.72,195.08,2026-03-22
ORD002396,Walmart Marketplace,141.96,0,17.04,124.92,2026-05-11
ORD002397,Shopify Payments,201.14,6.13,0,195.01,2026-07-28
ORD002398,Shopify Payments,37.98,1.4,0,36.58,2025-08-30
ORD002399,Amazon Marketplace,24.58,0,3.69,20.89,2025-12-08
ORD002400,Walmart Marketplace,82.56,0,9.91,72.65,2026-03-15
ORD002401,TikTok Payments,167.13,3.34,10.03,153.76,2025-12-27
ORD002402,Shopify Payments,132.14,4.13,0,128.01,2026-04-02
ORD002403,Walmart Marketplace,213.75,0,25.65,188.1,2026-06-12
ORD002404,Walmart Marketplace,117.96,0,14.16,103.8,2025-12-15
ORD002406,TikTok Payments,181.42,3.63,10.89,166.9,2025-09-19
ORD002407,Walmart Marketplace,185.04,0,22.2,162.84,2026-04-27
ORD002408,TikTok Payments,475.55,9.51,28.53,437.51,2026-04-30
ORD002409,TikTok Payments,241.55,4.83,14.49,222.23,2026-06-19
ORD002410,Shopify Payments,182.44,5.59,0,176.85,2026-05-11
ORD002411,TikTok Payments,177,3.54,10.62,162.84,2026-04-25
ORD002412,Walmart Marketplace,30.19,0,3.62,26.57,2026-07-29
ORD002413,Shopify Payments,75.92,2.5,0,73.42,2026-02-16
ORD002414,Shopify Payments,285.97,8.59,0,277.38,2025-09-03
ORD002415,Amazon Marketplace,47.7,0,7.16,40.54,2026-04-17
ORD002416,TikTok Payments,175.99,3.52,10.56,161.91,2026-04-18
ORD002417,Amazon Marketplace,153.44,0,23.02,130.42,2026-01-21
ORD002418,Amazon Marketplace,231.63,0,34.74,196.89,2026-02-21
ORD002419,Walmart Marketplace,68.43,0,8.21,60.22,2025-12-27
ORD002421,Shopify Payments,170.63,5.25,0,165.38,2025-12-16
ORD002422,Shopify Payments,212.24,6.45,0,205.79,2025-11-25
ORD002423,Amazon Marketplace,263,0,39.45,223.55,2025-10-19
ORD002424,Shopify Payments,142.78,4.44,0,138.34,2025-10-18
ORD002426,Amazon Marketplace,67.17,0,10.08,57.09,2026-06-03
ORD002427,Amazon Marketplace,308.37,0,46.26,262.11,2026-02-14
ORD002428,TikTok Payments,114.44,2.29,6.87,105.28,2025-10-16
ORD002430,Shopify Payments,51.78,1.8,0,49.98,2025-09-19
ORD002431,TikTok Payments,84.96,1.7,5.1,78.16,2025-09-30
ORD002433,TikTok Payments,337.12,6.74,20.23,310.15,2025-11-24
ORD002434,Amazon Marketplace,131.49,0,19.72,111.77,2026-07-01
ORD002435,Amazon Marketplace,39.16,0,5.87,33.29,2026-06-11
ORD002436,Walmart Marketplace,297.13,0,35.66,261.47,2025-09-16
ORD002437,Walmart Marketplace,449.1,0,53.89,395.21,2026-02-21
ORD002438,TikTok Payments,103.94,2.08,6.24,95.62,2026-05-29
ORD002439,Walmart Marketplace,219.78,0,26.37,193.41,2026-03-07
ORD002440,Shopify Payments,44.19,1.58,0,42.61,2026-06-17
ORD002444,TikTok Payments,279.74,5.59,16.78,257.37,2025-08-17
ORD002445,Shopify Payments,180.54,5.54,0,175,2026-04-12
ORD002446,Amazon Marketplace,224.56,0,33.68,190.88,2025-12-16
ORD002447,Amazon Marketplace,183.84,0,27.58,156.26,2026-07-14
ORD002448,TikTok Payments,31.32,0.63,1.88,28.81,2026-05-25
ORD002449,Amazon Marketplace,55.2,0,8.28,46.92,2026-04-06
ORD002451,Amazon Marketplace,129.53,0,19.43,110.1,2026-03-28
ORD002452,TikTok Payments,165.9,3.32,9.95,152.63,2025-12-27
ORD002454,Shopify Payments,145.43,4.52,0,140.91,2025-09-30
ORD002455,Walmart Marketplace,251.65,0,30.2,221.45,2025-10-17
ORD002456,Amazon Marketplace,126.21,0,18.93,107.28,2026-06-27
ORD002457,TikTok Payments,136.95,2.74,8.22,125.99,2026-04-28
ORD002458,Walmart Marketplace,231.32,0,27.76,203.56,2026-06-04
ORD002459,TikTok Payments,239.47,4.79,14.37,220.31,2026-04-01
ORD002460,Amazon Marketplace,357.08,0,53.56,303.52,2026-06-20
ORD002461,Walmart Marketplace,201.9,0,24.23,177.67,2026-07-26
ORD002462,Shopify Payments,65.75,2.21,0,63.54,2025-09-30
ORD002463,Amazon Marketplace,76.24,0,11.44,64.8,2026-05-17
ORD002464,TikTok Payments,342.54,6.85,20.55,315.14,2026-01-17
ORD002465,Walmart Marketplace,232.03,0,27.84,204.19,2025-08-25
ORD002466,Shopify Payments,198.4,6.05,0,192.35,2026-01-03
ORD002467,Shopify Payments,44.78,1.6,0,43.18,2025-12-16
ORD002468,TikTok Payments,55.82,1.12,3.35,51.35,2026-04-20
ORD002469,Amazon Marketplace,126.21,0,18.93,107.28,2026-05-16
ORD002470,Walmart Marketplace,192.11,0,23.05,169.06,2025-11-08
ORD002471,Walmart Marketplace,220.45,0,26.45,194,2026-01-27
ORD002472,Amazon Marketplace,193.38,0,29.01,164.37,2026-04-04
ORD002473,TikTok Payments,132.67,2.65,7.96,122.06,2025-11-19
ORD002475,TikTok Payments,115.91,2.32,6.95,106.64,2026-05-19
ORD002476,Shopify Payments,216.45,6.58,0,209.87,2026-05-29
ORD002477,Amazon Marketplace,257.93,0,38.69,219.24,2026-01-31
ORD002479,Shopify Payments,167.16,5.15,0,162.01,2026-02-20
ORD002480,TikTok Payments,22.39,0.45,1.34,20.6,2025-11-03
ORD002481,Amazon Marketplace,376.96,0,56.54,320.42,2025-12-08
ORD002483,Amazon Marketplace,120.09,0,18.01,102.08,2026-06-08
ORD002485,TikTok Payments,192.36,3.85,11.54,176.97,2026-07-19
ORD002487,Amazon Marketplace,196.58,0,29.49,167.09,2025-10-24
ORD002488,Shopify Payments,121.85,3.83,0,118.02,2025-12-16
ORD002491,Walmart Marketplace,68.74,0,8.25,60.49,2026-01-28
ORD002492,TikTok Payments,322.27,6.45,19.34,296.48,2026-01-27
ORD002493,Amazon Marketplace,193.92,0,29.09,164.83,2026-06-04
ORD002494,Walmart Marketplace,159.51,0,19.14,140.37,2025-11-26
ORD002495,Amazon Marketplace,54.78,0,8.22,46.56,2026-06-07
ORD002496,TikTok Payments,102.19,2.04,6.13,94.02,2025-12-27
ORD002497,Shopify Payments,55.2,1.9,0,53.3,2026-02-07
ORD002498,Amazon Marketplace,52.98,0,7.95,45.03,2026-03-01
ORD002499,TikTok Payments,119.98,2.4,7.2,110.38,2026-01-11
ORD002500,Walmart Marketplace,209.98,0,25.2,184.78,2025-10-11
ORD002504,Shopify Payments,167.84,5.17,0,162.67,2026-03-19
ORD002505,Amazon Marketplace,161.64,0,24.25,137.39,2025-10-02
ORD002506,Amazon Marketplace,151.84,0,22.78,129.06,2026-07-14
ORD002508,Shopify Payments,245.42,7.42,0,238,2025-08-16
ORD002509,Shopify Payments,205.43,6.26,0,199.17,2026-04-04
ORD002510,Shopify Payments,95.4,3.07,0,92.33,2026-01-30
ORD002511,TikTok Payments,37.22,0.74,2.23,34.25,2026-07-06
ORD002513,Walmart Marketplace,84.96,0,10.2,74.76,2026-03-13
ORD002514,Shopify Payments,210.12,6.39,0,203.73,2026-07-24
ORD002516,Shopify Payments,227.73,6.9,0,220.83,2026-04-29
ORD002521,TikTok Payments,288.29,5.77,17.3,265.22,2025-11-20
ORD002522,Amazon Marketplace,99.06,0,14.86,84.2,2025-09-10
ORD002523,Amazon Marketplace,323.11,0,48.47,274.64,2026-06-01
ORD002524,Amazon Marketplace,89.64,0,13.45,76.19,2025-10-10
ORD002525,Shopify Payments,29.49,1.16,0,28.33,2025-11-11
ORD002526,Walmart Marketplace,168.42,0,20.21,148.21,2026-01-29
ORD002527,Amazon Marketplace,176.51,0,26.48,150.03,2026-07-26
ORD002528,Shopify Payments,185.04,5.67,0,179.37,2026-02-13
ORD002529,Walmart Marketplace,55.34,0,6.64,48.7,2025-10-05
ORD002530,TikTok Payments,193.92,3.88,11.64,178.4,2026-06-19
ORD002531,Walmart Marketplace,94.71,0,11.37,83.34,2026-01-25
ORD002532,Walmart Marketplace,171.06,0,20.53,150.53,2025-09-14
ORD002533,Walmart Marketplace,89.17,0,10.7,78.47,2026-07-27
ORD002534,TikTok Payments,121.33,2.43,7.28,111.62,2025-10-27
ORD002535,Shopify Payments,175.31,5.38,0,169.93,2026-06-11
ORD002536,TikTok Payments,154.52,3.09,9.27,142.16,2026-01-23
ORD002537,Amazon Marketplace,244.47,0,36.67,207.8,2026-07-17
ORD002538,Amazon Marketplace,42.07,0,6.31,35.76,2025-12-22
ORD002539,Shopify Payments,105.09,3.35,0,101.74,2026-07-24
ORD002540,Shopify Payments,174.64,5.36,0,169.28,2025-08-06
ORD002541,Shopify Payments,104.1,3.32,0,100.78,2026-01-06
ORD002544,TikTok Payments,84.96,1.7,5.1,78.16,2026-02-12
ORD002545,TikTok Payments,138.37,2.77,8.3,127.3,2025-12-25
ORD002546,Walmart Marketplace,47.7,0,5.72,41.98,2025-11-07
ORD002547,Amazon Marketplace,327.82,0,49.17,278.65,2026-01-05
ORD002548,TikTok Payments,223.17,4.46,13.39,205.32,2025-09-01
ORD002549,Shopify Payments,88.38,2.86,0,85.52,2025-12-20
ORD002550,Amazon Marketplace,132.57,0,19.89,112.68,2025-11-03
ORD002551,Walmart Marketplace,266.72,0,32.01,234.71,2025-08-19
ORD002553,Walmart Marketplace,29.66,0,3.56,26.1,2026-08-04
ORD002554,Amazon Marketplace,84.14,0,12.62,71.52,2025-09-16
ORD002555,Amazon Marketplace,149.82,0,22.47,127.35,2026-06-30
ORD002556,TikTok Payments,44.49,0.89,2.67,40.93,2026-05-06
ORD002557,Amazon Marketplace,173.5,0,26.02,147.48,2026-04-19
ORD002558,Amazon Marketplace,218.48,0,32.77,185.71,2025-12-16
ORD002559,Walmart Marketplace,362.08,0,43.45,318.63,2026-06-11
ORD002561,TikTok Payments,410.54,8.21,24.63,377.7,2025-09-23
ORD002562,Shopify Payments,295.87,8.88,0,286.99,2025-08-11
ORD002564,Shopify Payments,279.38,8.4,0,270.98,2026-07-18
ORD002565,Amazon Marketplace,98.21,0,14.73,83.48,2026-06-28
ORD002566,Walmart Marketplace,485.46,0,58.26,427.2,2026-02-07
ORD002569,Amazon Marketplace,110.68,0,16.6,94.08,2025-09-30
ORD002570,Walmart Marketplace,74.41,0,8.93,65.48,2026-05-30
ORD002572,Walmart Marketplace,125.37,0,15.04,110.33,2026-02-06
ORD002575,TikTok Payments,17.66,0.35,1.06,16.25,2025-08-04
ORD002576,TikTok Payments,276.4,5.53,16.58,254.29,2026-07-19
ORD002580,Walmart Marketplace,195.66,0,23.48,172.18,2025-10-30
ORD002581,TikTok Payments,77.67,1.55,4.66,71.46,2026-06-23
ORD002583,Shopify Payments,82.17,2.68,0,79.49,2026-02-27
ORD002585,Walmart Marketplace,82.8,0,9.94,72.86,2026-05-17
ORD002586,Walmart Marketplace,118.42,0,14.21,104.21,2026-04-02
ORD002587,Shopify Payments,146.25,4.54,0,141.71,2026-02-18
ORD002588,Walmart Marketplace,50.22,0,6.03,44.19,2026-01-20
ORD002589,Shopify Payments,120.28,3.79,0,116.49,2025-09-10
ORD002590,Walmart Marketplace,261.28,0,31.35,229.93,2026-06-07
ORD002592,Shopify Payments,301.58,9.05,0,292.53,2025-10-29
ORD002594,Walmart Marketplace,216.75,0,26.01,190.74,2025-09-24
ORD002595,Walmart Marketplace,354.48,0,42.54,311.94,2025-08-28
ORD002596,TikTok Payments,278.94,5.58,16.74,256.62,2025-11-02
ORD002597,Amazon Marketplace,64.8,0,9.72,55.08,2026-01-20
ORD002598,Amazon Marketplace,147.86,0,22.18,125.68,2026-04-14
ORD002599,Amazon Marketplace,82.56,0,12.38,70.18,2026-06-14
ORD002600,TikTok Payments,93.96,1.88,5.64,86.44,2026-03-30
ORD002601,TikTok Payments,54.78,1.1,3.29,50.39,2026-01-27
ORD002602,Walmart Marketplace,219.41,0,26.33,193.08,2025-09-02
ORD002603,Walmart Marketplace,96.96,0,11.64,85.32,2025-09-21
ORD002604,Walmart Marketplace,234.86,0,28.18,206.68,2026-06-28
ORD002605,TikTok Payments,117.47,2.35,7.05,108.07,2026-07-18
ORD002606,Shopify Payments,83.58,2.72,0,80.86,2026-02-08
ORD002607,Amazon Marketplace,70.46,0,10.57,59.89,2026-03-28
ORD002608,Amazon Marketplace,171.13,0,25.67,145.46,2026-03-05
ORD002609,Walmart Marketplace,214.9,0,25.79,189.11,2025-08-16
ORD002610,TikTok Payments,110.67,2.21,6.64,101.82,2026-04-05
ORD002611,Shopify Payments,138.24,4.31,0,133.93,2026-02-12
ORD002613,TikTok Payments,382.66,7.65,22.96,352.05,2025-11-02
ORD002614,Amazon Marketplace,42.48,0,6.37,36.11,2026-05-15
ORD002615,Walmart Marketplace,56.84,0,6.82,50.02,2025-10-02
ORD002616,Shopify Payments,166.54,5.13,0,161.41,2025-11-18
ORD002617,Shopify Payments,283.5,8.52,0,274.98,2026-01-10
ORD002618,TikTok Payments,30.24,0.6,1.81,27.83,2025-08-02
ORD002620,TikTok Payments,373.24,7.46,22.39,343.39,2025-12-18
ORD002621,Amazon Marketplace,258.05,0,38.71,219.34,2025-11-10
ORD002622,Shopify Payments,163.65,5.05,0,158.6,2026-03-06
ORD002623,Shopify Payments,308.06,9.23,0,298.83,2026-01-04
ORD002624,Walmart Marketplace,88.47,0,10.62,77.85,2025-10-21
ORD002625,Shopify Payments,145.52,4.52,0,141,2026-04-11
ORD002627,TikTok Payments,270.33,5.41,16.22,248.7,2025-09-03
ORD002629,Shopify Payments,232.14,7.03,0,225.11,2025-12-15
ORD002630,TikTok Payments,42.07,0.84,2.52,38.71,2025-08-28
ORD002632,Shopify Payments,124.05,3.9,0,120.15,2026-02-25
ORD002635,Amazon Marketplace,91.37,0,13.71,77.66,2026-02-21
ORD002636,Amazon Marketplace,14.83,0,2.22,12.61,2026-03-12
ORD002637,Shopify Payments,20.92,0.91,0,20.01,2025-08-03
ORD002638,Amazon Marketplace,86.33,0,12.95,73.38,2026-01-07
ORD002640,Walmart Marketplace,47.7,0,5.72,41.98,2026-02-07
ORD002641,Amazon Marketplace,234.93,0,35.24,199.69,2025-08-26
ORD002642,Shopify Payments,259.2,7.82,0,251.38,2026-03-31
ORD002643,TikTok Payments,175.29,3.51,10.52,161.26,2025-12-31
ORD002644,Shopify Payments,31.61,1.22,0,30.39,2025-12-18
ORD002645,TikTok Payments,132.52,2.65,7.95,121.92,2025-11-07
ORD002646,Shopify Payments,232.43,7.04,0,225.39,2026-05-13
ORD002647,TikTok Payments,195.28,3.91,11.72,179.65,2025-08-08
ORD002648,Shopify Payments,216.5,6.58,0,209.92,2025-12-12
ORD002649,Amazon Marketplace,219.45,0,32.92,186.53,2026-06-10
ORD002651,TikTok Payments,229.01,4.58,13.74,210.69,2025-12-14
ORD002652,Amazon Marketplace,304.51,0,45.68,258.83,2025-11-11
ORD002653,Shopify Payments,222,6.74,0,215.26,2026-05-09
ORD002654,Walmart Marketplace,125.37,0,15.04,110.33,2026-04-22
ORD002656,Shopify Payments,13.72,0.7,0,13.02,2025-09-05
ORD002657,Amazon Marketplace,415.28,0,62.29,352.99,2026-06-03
ORD002658,TikTok Payments,210.45,4.21,12.63,193.61,2026-03-16
ORD002659,Walmart Marketplace,70.64,0,8.48,62.16,2026-05-22
ORD002660,Amazon Marketplace,145,0,21.75,123.25,2026-05-30
ORD002661,Amazon Marketplace,27.52,0,4.13,23.39,2025-12-16
ORD002662,Amazon Marketplace,44.78,0,6.72,38.06,2025-09-29
ORD002663,Amazon Marketplace,162.71,0,24.41,138.3,2025-08-25
ORD002664,Walmart Marketplace,44.19,0,5.3,38.89,2025-12-24
ORD002666,Amazon Marketplace,239.03,0,35.85,203.18,2025-12-19
ORD002667,Walmart Marketplace,13.72,0,1.65,12.07,2026-06-21
ORD002668,Walmart Marketplace,116.61,0,13.99,102.62,2026-04-14
ORD002670,Amazon Marketplace,66.96,0,10.04,56.92,2026-06-26
ORD002671,Shopify Payments,401.85,11.95,0,389.9,2026-05-27
ORD002672,Walmart Marketplace,27.52,0,3.3,24.22,2026-04-30
ORD002673,TikTok Payments,213.2,4.26,12.79,196.15,2026-01-30
ORD002674,Walmart Marketplace,129.06,0,15.49,113.57,2026-05-06
ORD002676,TikTok Payments,95.28,1.91,5.72,87.65,2026-04-03
ORD002678,Walmart Marketplace,96.3,0,11.56,84.74,2026-06-20
ORD002680,TikTok Payments,124.1,2.48,7.45,114.17,2025-08-25
ORD002682,Shopify Payments,237.73,7.19,0,230.54,2026-05-25
ORD002683,Amazon Marketplace,105.06,0,15.76,89.3,2026-02-03
ORD002684,TikTok Payments,176.03,3.52,10.56,161.95,2025-08-15
ORD002685,Shopify Payments,200.49,6.11,0,194.38,2025-11-18
ORD002687,Amazon Marketplace,168.64,0,25.3,143.34,2025-08-25
ORD002688,Walmart Marketplace,110.84,0,13.3,97.54,2026-06-13
ORD002689,Shopify Payments,103.01,3.29,0,99.72,2025-10-14
ORD002691,Amazon Marketplace,252.13,0,37.82,214.31,2025-08-24
ORD002692,TikTok Payments,270.92,5.42,16.26,249.24,2025-12-02
ORD002694,TikTok Payments,89.56,1.79,5.37,82.4,2025-12-01
ORD002695,TikTok Payments,219.79,4.4,13.19,202.2,2026-02-19
ORD002696,TikTok Payments,86.04,1.72,5.16,79.16,2026-01-03
ORD002698,Walmart Marketplace,254.06,0,30.49,223.57,2026-03-07
ORD002699,Shopify Payments,254.64,7.68,0,246.96,2026-01-28
ORD002700,Walmart Marketplace,288.5,0,34.62,253.88,2025-11-15
ORD002701,TikTok Payments,402.47,8.05,24.15,370.27,2025-08-17
ORD002704,Amazon Marketplace,127.3,0,19.1,108.2,2025-10-22
ORD002705,Walmart Marketplace,146.55,0,17.59,128.96,2025-11-27
ORD002706,Amazon Marketplace,29.25,0,4.39,24.86,2025-12-24
ORD002708,TikTok Payments,144.52,2.89,8.67,132.96,2026-05-31
ORD002709,Walmart Marketplace,148.16,0,17.78,130.38,2025-08-26
ORD002712,Shopify Payments,153.46,4.75,0,148.71,2025-12-03
ORD002713,Amazon Marketplace,198.12,0,29.72,168.4,2025-11-24
ORD002714,Amazon Marketplace,13.72,0,2.06,11.66,2025-09-25
ORD002715,TikTok Payments,113,2.26,6.78,103.96,2026-06-07
ORD002716,TikTok Payments,114.62,2.29,6.88,105.45,2025-12-22
ORD002718,TikTok Payments,217.41,4.35,13.04,200.02,2026-07-14
ORD002721,Walmart Marketplace,177.21,0,21.27,155.94,2026-01-26
ORD002725,Amazon Marketplace,256.88,0,38.53,218.35,2025-10-20
ORD002726,Walmart Marketplace,77.05,0,9.25,67.8,2026-02-17
ORD002727,Walmart Marketplace,140.92,0,16.91,124.01,2026-05-03
ORD002728,Shopify Payments,96.67,3.1,0,93.57,2026-02-07
ORD002730,Walmart Marketplace,29.49,0,3.54,25.95,2026-08-01
ORD002732,Shopify Payments,431.28,12.81,0,418.47,2026-02-13
ORD002733,Walmart Marketplace,238.23,0,28.59,209.64,2025-11-20
ORD002734,Shopify Payments,221.08,6.71,0,214.37,2026-06-05
ORD002735,Walmart Marketplace,212.2,0,25.46,186.74,2025-09-09
ORD002737,Walmart Marketplace,190.8,0,22.9,167.9,2026-01-21
ORD002738,TikTok Payments,126.44,2.53,7.59,116.32,2025-09-02
ORD002739,TikTok Payments,29.49,0.59,1.77,27.13,2026-01-16
ORD002740,Walmart Marketplace,55.04,0,6.6,48.44,2026-03-30
ORD002741,Shopify Payments,169.92,5.23,0,164.69,2026-06-12
ORD002742,Walmart Marketplace,57.26,0,6.87,50.39,2025-10-19
ORD002743,Walmart Marketplace,86.04,0,10.32,75.72,2026-03-09
ORD002744,TikTok Payments,83.01,1.66,4.98,76.37,2025-11-25
ORD002747,Shopify Payments,90.57,2.93,0,87.64,2025-08-28
ORD002748,Walmart Marketplace,152.13,0,18.26,133.87,2025-12-15
ORD002749,Shopify Payments,22.21,0.94,0,21.27,2026-04-10
ORD002750,Shopify Payments,82.17,2.68,0,79.49,2025-11-19
ORD002751,Shopify Payments,354.28,10.57,0,343.71,2025-11-24
ORD002753,TikTok Payments,30.24,0.6,1.81,27.83,2026-03-23
ORD002754,Amazon Marketplace,268.55,0,40.28,228.27,2026-05-15
ORD002755,Amazon Marketplace,143.48,0,21.52,121.96,2026-01-22
ORD002756,TikTok Payments,19.58,0.39,1.17,18.02,2025-10-05
ORD002757,Shopify Payments,127.44,4,0,123.44,2026-04-20
ORD002759,Shopify Payments,152.31,4.72,0,147.59,2025-12-12
ORD002760,Shopify Payments,82.82,2.7,0,80.12,2026-01-16
ORD002761,Amazon Marketplace,163.65,0,24.55,139.1,2025-08-25
ORD002762,TikTok Payments,84.14,1.68,5.05,77.41,2026-05-12
ORD002763,TikTok Payments,203.49,4.07,12.21,187.21,2026-07-06
ORD002764,TikTok Payments,31.61,0.63,1.9,29.08,2026-07-22
ORD002765,Walmart Marketplace,140.12,0,16.81,123.31,2025-12-23
ORD002766,Walmart Marketplace,197.25,0,23.67,173.58,2026-04-05
ORD002767,TikTok Payments,129.62,2.59,7.78,119.25,2026-01-16
ORD002769,Amazon Marketplace,35.23,0,5.28,29.95,2026-04-13
ORD002770,Shopify Payments,281.85,8.47,0,273.38,2026-05-31
ORD002772,Walmart Marketplace,346.95,0,41.63,305.32,2025-09-06
ORD002773,TikTok Payments,54.55,1.09,3.27,50.19,2026-04-19
ORD002776,Shopify Payments,281.86,8.47,0,273.39,2025-12-16
ORD002777,Shopify Payments,106,3.37,0,102.63,2026-02-13
ORD002778,Amazon Marketplace,99.88,0,14.98,84.9,2026-06-16
ORD002779,Amazon Marketplace,109.56,0,16.43,93.13,2026-05-28
ORD002780,Walmart Marketplace,94.48,0,11.34,83.14,2026-04-28
ORD002781,Walmart Marketplace,48.85,0,5.86,42.99,2025-10-10
ORD002782,TikTok Payments,66.6,1.33,4,61.27,2025-08-13
ORD002783,Shopify Payments,98.22,3.15,0,95.07,2025-09-20
ORD002784,Walmart Marketplace,175.37,0,21.04,154.33,2026-07-03
ORD002785,TikTok Payments,108.04,2.16,6.48,99.4,2026-03-24
ORD002786,Walmart Marketplace,93.96,0,11.28,82.68,2026-04-28
ORD002787,TikTok Payments,239.81,4.8,14.39,220.62,2026-05-31
ORD002788,Amazon Marketplace,234.03,0,35.1,198.93,2026-01-27
ORD002789,Amazon Marketplace,145.65,0,21.85,123.8,2025-08-23
ORD002790,TikTok Payments,259.01,5.18,15.54,238.29,2025-09-21
ORD002792,Walmart Marketplace,343.65,0,41.24,302.41,2025-11-09
ORD002793,Shopify Payments,259.96,7.84,0,252.12,2026-05-25
ORD002795,TikTok Payments,328.14,6.56,19.69,301.89,2025-12-23
ORD002796,Walmart Marketplace,188.95,0,22.67,166.28,2025-12-27
ORD002797,Amazon Marketplace,209.3,0,31.39,177.91,2026-01-03
ORD002798,Walmart Marketplace,133.59,0,16.03,117.56,2026-03-16
ORD002799,Shopify Payments,188.1,5.75,0,182.35,2025-08-08
ORD002800,Amazon Marketplace,171.3,0,25.7,145.6,2026-04-01
ORD002801,Walmart Marketplace,90.04,0,10.8,79.24,2025-10-07
ORD002804,Shopify Payments,140.92,4.39,0,136.53,2025-12-20
ORD002805,TikTok Payments,249.8,5,14.99,229.81,2025-12-23
ORD002806,Shopify Payments,390.22,11.62,0,378.6,2026-01-16
ORD002807,Walmart Marketplace,62.64,0,7.52,55.12,2026-05-31
ORD002808,Shopify Payments,60.81,2.06,0,58.75,2025-08-26
ORD002809,Walmart Marketplace,171.75,0,20.61,151.14,2026-03-19
ORD002810,Shopify Payments,169.12,5.2,0,163.92,2025-09-20
ORD002812,Shopify Payments,193.39,5.91,0,187.48,2025-12-18
ORD002813,Walmart Marketplace,144.86,0,17.38,127.48,2026-01-11
ORD002814,TikTok Payments,174.69,3.49,10.48,160.72,2025-12-03
ORD002815,Walmart Marketplace,362.88,0,43.55,319.33,2026-04-17
ORD002816,TikTok Payments,84.87,1.7,5.09,78.08,2025-11-18
ORD002817,Amazon Marketplace,149.76,0,22.46,127.3,2025-11-14
ORD002818,Amazon Marketplace,122.75,0,18.41,104.34,2025-09-23
ORD002820,Walmart Marketplace,105.69,0,12.68,93.01,2026-05-22
ORD002821,TikTok Payments,22.39,0.45,1.34,20.6,2025-10-14
ORD002823,TikTok Payments,10.46,0.21,0.63,9.62,2026-02-19
ORD002824,Amazon Marketplace,263.62,0,39.54,224.08,2026-01-05
ORD002825,Shopify Payments,85.26,2.77,0,82.49,2026-07-17
ORD002826,Shopify Payments,59.9,2.04,0,57.86,2026-03-03
ORD002827,Walmart Marketplace,44.49,0,5.34,39.15,2025-09-23
ORD002829,Shopify Payments,52.98,1.84,0,51.14,2026-05-25
ORD002831,Shopify Payments,126.21,3.96,0,122.25,2026-04-28
ORD002832,Walmart Marketplace,270.68,0,32.48,238.2,2026-01-29
ORD002833,TikTok Payments,279.1,5.58,16.75,256.77,2025-10-25
ORD002834,TikTok Payments,50.58,1.01,3.03,46.54,2026-03-26
ORD002835,Amazon Marketplace,213.92,0,32.09,181.83,2025-11-27
ORD002836,Amazon Marketplace,31.61,0,4.74,26.87,2026-05-05
ORD002837,Amazon Marketplace,143.93,0,21.59,122.34,2026-07-29
ORD002838,TikTok Payments,204.43,4.09,12.27,188.07,2026-02-08
ORD002840,Amazon Marketplace,86.04,0,12.91,73.13,2025-09-26
ORD002841,Shopify Payments,120.06,3.78,0,116.28,2025-09-17
ORD002842,Shopify Payments,81.67,2.67,0,79,2026-06-24
ORD002843,Shopify Payments,484.42,14.35,0,470.07,2025-08-26
ORD002844,TikTok Payments,178.22,3.56,10.69,163.97,2026-01-23
ORD002845,Walmart Marketplace,115.89,0,13.91,101.98,2025-10-14
ORD002846,Amazon Marketplace,193.92,0,29.09,164.83,2026-07-25
ORD002847,TikTok Payments,46.26,0.93,2.78,42.55,2026-05-06
ORD002848,Amazon Marketplace,83.63,0,12.54,71.09,2026-01-28
ORD002849,Amazon Marketplace,139.41,0,20.91,118.5,2025-09-12
ORD002850,Shopify Payments,322.11,9.64,0,312.47,2026-06-06
ORD002851,TikTok Payments,132.89,2.66,7.97,122.26,2026-04-22
ORD002852,Amazon Marketplace,89.56,0,13.43,76.13,2026-07-03
ORD002855,TikTok Payments,243.55,4.87,14.61,224.07,2025-12-14
ORD002856,Shopify Payments,95.3,3.06,0,92.24,2026-04-28
ORD002857,Amazon Marketplace,142.93,0,21.44,121.49,2025-09-04
ORD002858,TikTok Payments,29.25,0.58,1.75,26.92,2026-03-03
ORD002859,Amazon Marketplace,124.64,0,18.7,105.94,2026-03-08
ORD002860,Shopify Payments,24.53,1.01,0,23.52,2025-11-18
ORD002861,Walmart Marketplace,143.1,0,17.17,125.93,2026-07-21
ORD002862,Shopify Payments,31.87,1.22,0,30.65,2025-11-20
ORD002863,Amazon Marketplace,22.39,0,3.36,19.03,2026-07-05
ORD002864,TikTok Payments,176.76,3.54,10.61,162.61,2025-10-02
ORD002866,Amazon Marketplace,159.2,0,23.88,135.32,2026-05-12
ORD002868,TikTok Payments,86.04,1.72,5.16,79.16,2026-04-30
ORD002870,Shopify Payments,219.55,6.67,0,212.88,2025-10-02
ORD002872,Walmart Marketplace,223.26,0,26.79,196.47,2025-12-27
ORD002873,TikTok Payments,48.85,0.98,2.93,44.94,2026-02-15
ORD002874,Shopify Payments,80.21,2.63,0,77.58,2025-10-23
ORD002875,Amazon Marketplace,234.23,0,35.13,199.1,2025-09-26
ORD002876,Walmart Marketplace,140.12,0,16.81,123.31,2025-10-26
ORD002877,Shopify Payments,151.07,4.68,0,146.39,2026-06-01
ORD002879,Amazon Marketplace,99.06,0,14.86,84.2,2025-11-09
ORD002880,Amazon Marketplace,210.58,0,31.59,178.99,2026-06-11
ORD002881,Shopify Payments,66.36,2.22,0,64.14,2026-02-03
ORD002883,Amazon Marketplace,97.7,0,14.65,83.05,2025-12-28
ORD002885,Amazon Marketplace,166.36,0,24.95,141.41,2026-03-18
ORD002888,Amazon Marketplace,297.92,0,44.69,253.23,2026-06-16
ORD002889,TikTok Payments,227.66,4.55,13.66,209.45,2026-03-04
ORD002891,Walmart Marketplace,88.47,0,10.62,77.85,2026-04-04
ORD002896,Amazon Marketplace,119.48,0,17.92,101.56,2026-01-10
ORD002897,Walmart Marketplace,30.19,0,3.62,26.57,2026-05-13
ORD002898,Shopify Payments,83.51,2.72,0,80.79,2026-05-03
ORD002899,TikTok Payments,388.2,7.76,23.29,357.15,2026-02-02
ORD002900,Shopify Payments,172.08,5.29,0,166.79,2026-02-16
ORD002901,TikTok Payments,45.36,0.91,2.72,41.73,2026-01-09
ORD002902,TikTok Payments,495.55,9.91,29.73,455.91,2026-05-26
ORD002904,Shopify Payments,83.58,2.72,0,80.86,2026-06-12
ORD002905,Walmart Marketplace,76.58,0,9.19,67.39,2026-03-20
ORD002906,TikTok Payments,271.92,5.44,16.32,250.16,2025-08-29
ORD002907,TikTok Payments,35.03,0.7,2.1,32.23,2025-09-19
ORD002909,TikTok Payments,253.91,5.08,15.23,233.6,2026-04-07
ORD002910,Shopify Payments,329.69,9.86,0,319.83,2025-08-24
ORD002912,Shopify Payments,252.34,7.62,0,244.72,2026-01-24
ORD002913,Walmart Marketplace,310.93,0,37.31,273.62,2026-04-30
ORD002915,TikTok Payments,165.56,3.31,9.93,152.32,2025-12-12
ORD002916,TikTok Payments,219.24,4.38,13.15,201.71,2025-09-19
ORD002917,Shopify Payments,86.04,2.8,0,83.24,2026-07-04
ORD002918,TikTok Payments,107.31,2.15,6.44,98.72,2026-06-18
ORD002920,TikTok Payments,276.46,5.53,16.59,254.34,2026-03-05
ORD002921,Shopify Payments,172.66,5.31,0,167.35,2026-04-01
ORD002923,Amazon Marketplace,138.21,0,20.73,117.48,2025-10-17
ORD002924,TikTok Payments,180.38,3.61,10.82,165.95,2026-05-27
ORD002925,Shopify Payments,31.61,1.22,0,30.39,2025-09-17
ORD002926,Amazon Marketplace,211.75,0,31.76,179.99,2026-01-25
ORD002927,Amazon Marketplace,324.46,0,48.67,275.79,2026-02-19
ORD002928,TikTok Payments,83.01,1.66,4.98,76.37,2026-07-21
ORD002929,Shopify Payments,377.75,11.25,0,366.5,2026-06-30
ORD002930,Walmart Marketplace,143.89,0,17.27,126.62,2025-08-30
ORD002931,Shopify Payments,205.72,6.27,0,199.45,2026-06-16
ORD002932,Walmart Marketplace,80.2,0,9.62,70.58,2025-09-27
ORD002933,Amazon Marketplace,163.65,0,24.55,139.1,2026-02-25
ORD002934,Shopify Payments,129.98,4.07,0,125.91,2025-09-26
ORD002935,Amazon Marketplace,99.06,0,14.86,84.2,2025-12-04
ORD002936,Shopify Payments,199.94,6.1,0,193.84,2025-09-28
ORD002937,Amazon Marketplace,105.69,0,15.85,89.84,2025-10-10
ORD002938,Shopify Payments,166.83,5.14,0,161.69,2025-11-29
ORD002939,Amazon Marketplace,103.56,0,15.53,88.03,2026-08-07
ORD002942,Shopify Payments,19.5,0.87,0,18.63,2025-12-10
ORD002943,Walmart Marketplace,261.02,0,31.32,229.7,2026-08-08
ORD002944,TikTok Payments,449.46,8.99,26.97,413.5,2026-02-20
ORD002945,Walmart Marketplace,279.77,0,33.57,246.2,2026-07-22
ORD002947,Walmart Marketplace,70.06,0,8.41,61.65,2026-07-02
ORD002948,Shopify Payments,31.61,1.22,0,30.39,2025-08-26
ORD002949,Walmart Marketplace,14.83,0,1.78,13.05,2025-11-14
ORD002950,TikTok Payments,97.7,1.95,5.86,89.89,2025-10-17
ORD002951,Amazon Marketplace,341.65,0,51.25,290.4,2026-04-13
ORD002952,Shopify Payments,79.74,2.61,0,77.13,2026-02-26
ORD002953,Shopify Payments,9.75,0.58,0,9.17,2025-11-12
ORD002954,Amazon Marketplace,164.33,0,24.65,139.68,2025-09-26
ORD002955,Shopify Payments,415.58,12.35,0,403.23,2026-03-27
ORD002956,Shopify Payments,186.56,5.71,0,180.85,2025-11-23
ORD002957,Amazon Marketplace,263,0,39.45,223.55,2026-04-05
ORD002958,Walmart Marketplace,13.72,0,1.65,12.07,2026-03-03
ORD002959,Walmart Marketplace,146.55,0,17.59,128.96,2025-09-15
ORD002960,Amazon Marketplace,61.37,0,9.21,52.16,2026-02-20
ORD002961,Walmart Marketplace,118.13,0,14.18,103.95,2026-04-15
ORD002963,Amazon Marketplace,65.36,0,9.8,55.56,2026-03-25
ORD002964,TikTok Payments,124.49,2.49,7.47,114.53,2026-08-01
ORD002965,TikTok Payments,137.5,2.75,8.25,126.5,2026-03-16
ORD002967,Amazon Marketplace,41.79,0,6.27,35.52,2025-10-15
ORD002968,TikTok Payments,88.07,1.76,5.28,81.03,2026-04-13
ORD002969,Amazon Marketplace,152.94,0,22.94,130,2026-04-07
ORD002970,Walmart Marketplace,191.59,0,22.99,168.6,2026-05-14
ORD002972,Walmart Marketplace,86.04,0,10.32,75.72,2026-04-01
ORD002973,Shopify Payments,248.09,7.49,0,240.6,2025-12-06
ORD002975,Shopify Payments,234.84,7.11,0,227.73,2026-07-20
ORD002977,Shopify Payments,302.88,9.08,0,293.8,2025-08-13
ORD002978,TikTok Payments,164.28,3.29,9.86,151.13,2026-06-17
ORD002979,Shopify Payments,335.8,10.04,0,325.76,2026-06-27
ORD002980,Walmart Marketplace,305.8,0,36.7,269.1,2025-08-20
ORD002981,TikTok Payments,258.08,5.16,15.48,237.44,2025-09-01
ORD002982,Amazon Marketplace,99.33,0,14.9,84.43,2025-08-26
ORD002983,TikTok Payments,410.69,8.21,24.64,377.84,2026-04-07
ORD002984,TikTok Payments,225.96,4.52,13.56,207.88,2026-05-27
ORD002985,Amazon Marketplace,407.55,0,61.13,346.42,2026-03-21
ORD002986,Shopify Payments,256.33,7.73,0,248.6,2025-11-08
ORD002987,Amazon Marketplace,233.54,0,35.03,198.51,2026-04-17
ORD002988,Shopify Payments,250.59,7.57,0,243.02,2025-10-16
ORD002990,TikTok Payments,94.42,1.89,5.67,86.86,2026-03-12
ORD002991,Amazon Marketplace,240.92,0,36.14,204.78,2026-01-16
ORD002992,TikTok Payments,344.43,6.89,20.67,316.87,2026-03-30
ORD002993,Amazon Marketplace,230.59,0,34.59,196,2026-04-13
ORD002995,Shopify Payments,205.54,6.26,0,199.28,2026-02-05
ORD002996,Amazon Marketplace,89.49,0,13.42,76.07,2026-07-20
ORD002997,Walmart Marketplace,164.97,0,19.8,145.17,2026-04-09
ORD002998,Shopify Payments,208.85,6.36,0,202.49,2026-02-25
ORD002999,Shopify Payments,31.32,1.21,0,30.11,2025-11-18
