order_id,product_id,qty,line_total
ORD000000,SKU0010,4,39.0
ORD000000,SKU0000,3,93.96
ORD000001,SKU0006,3,94.83
ORD000001,SKU0032,2,70.06
ORD000001,SKU0009,3,66.63
ORD000002,SKU0000,3,93.96
ORD000002,SKU0031,1,48.48
ORD000002,SKU0007,3,82.56
ORD000003,SKU0015,1,13.72
ORD000004,SKU0034,2,88.38
ORD000005,SKU0010,3,29.25
ORD000005,SKU0033,4,109.56
ORD000005,SKU0013,2,20.92
ORD000006,SKU0023,4,110.68
ORD000006,SKU0033,4,109.56
ORD000006,SKU0007,2,55.04
ORD000007,SKU0001,2,33.48
ORD000007,SKU0037,2,92.52
ORD000008,SKU0003,2,58.98
ORD000008,SKU0004,1,19.58
ORD000008,SKU0021,1,12.29
ORD000009,SKU0031,2,96.96
ORD000009,SKU0034,2,88.38
ORD000010,SKU0015,4,54.88
ORD000010,SKU0026,2,44.78
ORD000011,SKU0027,3,149.76
ORD000011,SKU0027,4,199.68
ORD000011,SKU0029,1,28.42
ORD000012,SKU0021,1,12.29
ORD000012,SKU0015,2,27.44
ORD000013,SKU0008,4,167.16
ORD000013,SKU0011,3,143.1
ORD000014,SKU0028,1,42.48
ORD000015,SKU0005,2,86.04
ORD000016,SKU0030,2,99.06
ORD000016,SKU0025,1,14.83
ORD000017,SKU0024,3,126.21
ORD000018,SKU0035,4,195.4
ORD000018,SKU0009,2,44.42
ORD000019,SKU0037,1,46.26
ORD000020,SKU0037,4,185.04
ORD000021,SKU0003,1,29.49
ORD000022,SKU0004,2,39.16
ORD000022,SKU0025,1,14.83
ORD000022,SKU0036,2,60.38
ORD000023,SKU0005,4,172.08
ORD000023,SKU0037,3,138.78
ORD000023,SKU0016,2,35.32
ORD000024,SKU0025,2,29.66
ORD000024,SKU0019,4,60.48
ORD000025,SKU0029,1,28.42
ORD000026,SKU0032,3,105.09
ORD000027,SKU0015,3,41.16
ORD000028,SKU0034,3,132.57
ORD000028,SKU0039,1,56.14
ORD000029,SKU0006,2,63.22
ORD000029,SKU0016,1,17.66
ORD000029,SKU0006,2,63.22
ORD000030,SKU0013,3,31.38
ORD000030,SKU0013,3,31.38
ORD000030,SKU0032,4,140.12
ORD000031,SKU0027,3,149.76
ORD000032,SKU0008,3,125.37
ORD000032,SKU0010,4,39.0
ORD000033,SKU0000,1,31.32
ORD000033,SKU0004,2,39.16
ORD000033,SKU0034,1,44.19
ORD000034,SKU0009,4,88.84
ORD000034,SKU0008,1,41.79
ORD000034,SKU0019,3,45.36
ORD000035,SKU0015,1,13.72
ORD000036,SKU0039,2,112.28
ORD000036,SKU0015,2,27.44
ORD000037,SKU0011,3,143.1
ORD000038,SKU0010,1,9.75
ORD000038,SKU0024,1,42.07
ORD000039,SKU0029,3,85.26
ORD000040,SKU0001,2,33.48
ORD000041,SKU0004,3,58.74
ORD000041,SKU0022,4,154.52
ORD000042,SKU0007,3,82.56
ORD000043,SKU0002,1,54.55
ORD000043,SKU0038,4,140.92
ORD000044,SKU0038,1,35.23
ORD000044,SKU0024,2,84.14
ORD000045,SKU0027,1,49.92
ORD000045,SKU0033,2,54.78
ORD000045,SKU0023,4,110.68
ORD000046,SKU0020,1,27.6
ORD000046,SKU0019,3,45.36
ORD000046,SKU0026,3,67.17
ORD000047,SKU0008,2,83.58
ORD000047,SKU0026,4,89.56
ORD000047,SKU0011,3,143.1
ORD000048,SKU0019,3,45.36
ORD000049,SKU0038,3,105.69
ORD000049,SKU0029,4,113.68
ORD000049,SKU0028,2,84.96
ORD000050,SKU0010,1,9.75
ORD000050,SKU0018,3,73.59
ORD000050,SKU0005,2,86.04
ORD000051,SKU0009,1,22.21
ORD000052,SKU0039,1,56.14
ORD000052,SKU0029,4,113.68
ORD000053,SKU0024,4,168.28
ORD000053,SKU0025,2,29.66
ORD000053,SKU0009,1,22.21
ORD000054,SKU0011,4,190.8
ORD000055,SKU0007,4,110.08
ORD000056,SKU0033,3,82.17
ORD000056,SKU0028,4,169.92
ORD000056,SKU0035,4,195.4
ORD000057,SKU0016,2,35.32
ORD000057,SKU0017,4,263.0
ORD000058,SKU0004,3,58.74
ORD000058,SKU0015,3,41.16
ORD000059,SKU0005,2,86.04
ORD000059,SKU0009,2,44.42
ORD000059,SKU0024,2,84.14
ORD000060,SKU0026,3,67.17
ORD000060,SKU0034,4,176.76
ORD000061,SKU0026,4,89.56
ORD000062,SKU0024,4,168.28
ORD000062,SKU0000,3,93.96
ORD000062,SKU0019,4,60.48
ORD000063,SKU0034,2,88.38
ORD000063,SKU0031,2,96.96
ORD000063,SKU0017,4,263.0
ORD000064,SKU0021,4,49.16
ORD000064,SKU0010,4,39.0
ORD000065,SKU0025,1,14.83
ORD000066,SKU0029,2,56.84
ORD000067,SKU0020,2,55.2
ORD000067,SKU0029,3,85.26
ORD000068,SKU0026,3,67.17
ORD000068,SKU0005,4,172.08
ORD000069,SKU0022,2,77.26
ORD000070,SKU0015,2,27.44
ORD000071,SKU0008,4,167.16
ORD000072,SKU0029,3,85.26
ORD000073,SKU0038,1,35.23
ORD000073,SKU0010,3,29.25
ORD000073,SKU0006,1,31.61
ORD000074,SKU0024,4,168.28
ORD000074,SKU0012,1,25.89
ORD000074,SKU0037,2,92.52
ORD000075,SKU0038,1,35.23
ORD000075,SKU0036,1,30.19
ORD000075,SKU0022,4,154.52
ORD000076,SKU0021,1,12.29
ORD000076,SKU0026,4,89.56
ORD000076,SKU0006,4,126.44
ORD000077,SKU0009,4,88.84
ORD000077,SKU0011,3,143.1
ORD000077,SKU0039,4,224.56
ORD000078,SKU0037,3,138.78
ORD000078,SKU0020,2,55.2
ORD000078,SKU0005,3,129.06
ORD000079,SKU0036,4,120.76
ORD000079,SKU0021,1,12.29
ORD000080,SKU0031,2,96.96
ORD000081,SKU0017,3,197.25
ORD000081,SKU0035,1,48.85
ORD000082,SKU0015,4,54.88
ORD000083,SKU0030,4,198.12
ORD000084,SKU0018,2,49.06
ORD000085,SKU0037,3,138.78
ORD000085,SKU0030,3,148.59
ORD000086,SKU0022,4,154.52
ORD000086,SKU0017,3,197.25
ORD000087,SKU0012,3,77.67
ORD000088,SKU0011,2,95.4
ORD000088,SKU0013,4,41.84
ORD000088,SKU0017,3,197.25
ORD000089,SKU0014,3,149.82
ORD000089,SKU0011,3,143.1
ORD000090,SKU0017,1,65.75
ORD000091,SKU0008,4,167.16
ORD000091,SKU0006,1,31.61
ORD000092,SKU0030,4,198.12
ORD000092,SKU0021,2,24.58
ORD000093,SKU0007,1,27.52
ORD000093,SKU0025,4,59.32
ORD000094,SKU0003,2,58.98
ORD000094,SKU0009,3,66.63
ORD000094,SKU0005,2,86.04
ORD000095,SKU0038,2,70.46
ORD000095,SKU0033,4,109.56
ORD000096,SKU0037,4,185.04
ORD000096,SKU0019,1,15.12
ORD000097,SKU0013,3,31.38
ORD000098,SKU0011,1,47.7
ORD000099,SKU0028,4,169.92
ORD000099,SKU0018,1,24.53
ORD000100,SKU0018,4,98.12
ORD000100,SKU0004,2,39.16
ORD000100,SKU0016,2,35.32
ORD000101,SKU0014,2,99.88
ORD000101,SKU0017,2,131.5
ORD000101,SKU0004,1,19.58
ORD000102,SKU0036,3,90.57
ORD000102,SKU0028,1,42.48
ORD000102,SKU0029,3,85.26
ORD000103,SKU0034,4,176.76
ORD000103,SKU0028,1,42.48
ORD000103,SKU0038,1,35.23
ORD000104,SKU0016,1,17.66
ORD000104,SKU0005,2,86.04
ORD000104,SKU0036,1,30.19
ORD000105,SKU0011,4,190.8
ORD000106,SKU0011,4,190.8
ORD000106,SKU0031,1,48.48
ORD000107,SKU0021,3,36.87
ORD000107,SKU0006,2,63.22
ORD000108,SKU0031,3,145.44
ORD000108,SKU0025,1,14.83
ORD000108,SKU0029,1,28.42
ORD000109,SKU0007,4,110.08
ORD000109,SKU0032,1,35.03
ORD000110,SKU0003,2,58.98
ORD000110,SKU0033,3,82.17
ORD000111,SKU0028,1,42.48
ORD000111,SKU0013,3,31.38
ORD000111,SKU0035,2,97.7
ORD000112,SKU0031,1,48.48
ORD000112,SKU0001,2,33.48
ORD000112,SKU0010,3,29.25
ORD000113,SKU0026,1,22.39
ORD000113,SKU0014,1,49.94
ORD000113,SKU0029,1,28.42
ORD000114,SKU0018,3,73.59
ORD000114,SKU0026,4,89.56
ORD000114,SKU0030,2,99.06
ORD000115,SKU0024,2,84.14
ORD000116,SKU0008,1,41.79
ORD000116,SKU0017,4,263.0
ORD000116,SKU0021,3,36.87
ORD000117,SKU0019,4,60.48
ORD000117,SKU0009,4,88.84
ORD000117,SKU0034,4,176.76
ORD000118,SKU0034,4,176.76
ORD000118,SKU0029,3,85.26
ORD000118,SKU0012,2,51.78
ORD000119,SKU0026,1,22.39
ORD000120,SKU0024,4,168.28
ORD000120,SKU0009,4,88.84
ORD000120,SKU0002,2,109.1
ORD000121,SKU0028,1,42.48
ORD000122,SKU0009,4,88.84
ORD000123,SKU0016,3,52.98
ORD000123,SKU0039,4,224.56
ORD000124,SKU0034,4,176.76
ORD000124,SKU0020,4,110.4
ORD000124,SKU0034,1,44.19
ORD000125,SKU0018,2,49.06
ORD000126,SKU0006,4,126.44
ORD000127,SKU0002,3,163.65
ORD000128,SKU0023,4,110.68
ORD000128,SKU0009,2,44.42
ORD000129,SKU0011,2,95.4
ORD000129,SKU0011,1,47.7
ORD000129,SKU0039,4,224.56
ORD000130,SKU0037,2,92.52
ORD000130,SKU0014,4,199.76
ORD000131,SKU0000,4,125.28
ORD000131,SKU0018,2,49.06
ORD000132,SKU0037,3,138.78
ORD000132,SKU0027,3,149.76
ORD000133,SKU0024,4,168.28
ORD000134,SKU0036,3,90.57
ORD000134,SKU0036,3,90.57
ORD000135,SKU0025,3,44.49
ORD000135,SKU0000,1,31.32
ORD000135,SKU0038,4,140.92
ORD000136,SKU0022,2,77.26
ORD000136,SKU0012,3,77.67
ORD000136,SKU0008,1,41.79
ORD000137,SKU0002,3,163.65
ORD000137,SKU0008,1,41.79
ORD000138,SKU0026,2,44.78
ORD000138,SKU0012,2,51.78
ORD000138,SKU0034,3,132.57
ORD000139,SKU0010,3,29.25
ORD000139,SKU0030,3,148.59
ORD000140,SKU0004,2,39.16
ORD000140,SKU0014,4,199.76
ORD000141,SKU0025,1,14.83
ORD000142,SKU0029,3,85.26
ORD000143,SKU0023,1,27.67
ORD000143,SKU0014,4,199.76
ORD000144,SKU0039,2,112.28
ORD000144,SKU0004,4,78.32
ORD000145,SKU0008,1,41.79
ORD000146,SKU0007,1,27.52
ORD000146,SKU0015,2,27.44
ORD000147,SKU0034,4,176.76
ORD000147,SKU0037,2,92.52
ORD000148,SKU0039,4,224.56
ORD000148,SKU0017,1,65.75
ORD000149,SKU0028,2,84.96
ORD000149,SKU0023,1,27.67
ORD000150,SKU0022,1,38.63
ORD000150,SKU0025,3,44.49
ORD000150,SKU0012,1,25.89
ORD000151,SKU0013,1,10.46
ORD000151,SKU0003,3,88.47
ORD000151,SKU0015,2,27.44
ORD000152,SKU0035,2,97.7
ORD000153,SKU0021,2,24.58
ORD000154,SKU0009,2,44.42
ORD000154,SKU0034,3,132.57
ORD000155,SKU0001,2,33.48
ORD000155,SKU0000,3,93.96
ORD000155,SKU0015,3,41.16
ORD000156,SKU0003,2,58.98
ORD000156,SKU0026,1,22.39
ORD000157,SKU0023,1,27.67
ORD000157,SKU0028,2,84.96
ORD000158,SKU0033,3,82.17
ORD000158,SKU0029,1,28.42
ORD000158,SKU0003,4,117.96
ORD000159,SKU0006,4,126.44
ORD000159,SKU0028,1,42.48
ORD000159,SKU0005,3,129.06
ORD000160,SKU0008,3,125.37
ORD000161,SKU0020,4,110.4
ORD000161,SKU0038,3,105.69
ORD000161,SKU0029,4,113.68
ORD000162,SKU0035,2,97.7
ORD000162,SKU0027,4,199.68
ORD000162,SKU0014,4,199.76
ORD000163,SKU0026,1,22.39
ORD000163,SKU0020,4,110.4
ORD000164,SKU0009,4,88.84
ORD000164,SKU0004,1,19.58
ORD000165,SKU0006,3,94.83
ORD000165,SKU0008,1,41.79
ORD000166,SKU0021,1,12.29
ORD000166,SKU0026,3,67.17
ORD000166,SKU0027,1,49.92
ORD000167,SKU0006,2,63.22
ORD000167,SKU0009,4,88.84
ORD000168,SKU0035,3,146.55
ORD000168,SKU0007,3,82.56
ORD000169,SKU0035,1,48.85
ORD000169,SKU0038,3,105.69
ORD000170,SKU0019,3,45.36
ORD000170,SKU0022,1,38.63
ORD000171,SKU0025,1,14.83
ORD000171,SKU0009,1,22.21
ORD000171,SKU0005,2,86.04
ORD000172,SKU0021,2,24.58
ORD000172,SKU0023,3,83.01
ORD000173,SKU0005,1,43.02
ORD000173,SKU0009,2,44.42
ORD000173,SKU0039,1,56.14
ORD000174,SKU0027,4,199.68
ORD000174,SKU0038,4,140.92
ORD000175,SKU0032,1,35.03
ORD000176,SKU0018,4,98.12
ORD000177,SKU0014,4,199.76
ORD000178,SKU0013,3,31.38
ORD000179,SKU0018,3,73.59
ORD000179,SKU0007,1,27.52
ORD000180,SKU0008,4,167.16
ORD000181,SKU0035,3,146.55
ORD000181,SKU0004,4,78.32
ORD000181,SKU0002,4,218.2
ORD000182,SKU0020,4,110.4
ORD000183,SKU0026,3,67.17
ORD000183,SKU0007,4,110.08
ORD000183,SKU0001,3,50.22
ORD000184,SKU0023,1,27.67
ORD000184,SKU0027,1,49.92
ORD000184,SKU0015,4,54.88
ORD000185,SKU0005,4,172.08
ORD000185,SKU0019,3,45.36
ORD000185,SKU0014,3,149.82
ORD000186,SKU0007,2,55.04
ORD000186,SKU0022,3,115.89
ORD000186,SKU0009,2,44.42
ORD000187,SKU0012,2,51.78
ORD000187,SKU0038,2,70.46
ORD000188,SKU0031,4,193.92
ORD000188,SKU0036,4,120.76
ORD000188,SKU0036,3,90.57
ORD000189,SKU0004,4,78.32
ORD000189,SKU0028,3,127.44
ORD000190,SKU0032,1,35.03
ORD000190,SKU0019,4,60.48
ORD000191,SKU0023,3,83.01
ORD000192,SKU0038,4,140.92
ORD000192,SKU0029,1,28.42
ORD000192,SKU0028,2,84.96
ORD000193,SKU0009,1,22.21
ORD000193,SKU0028,1,42.48
ORD000193,SKU0021,1,12.29
ORD000194,SKU0015,4,54.88
ORD000195,SKU0039,2,112.28
ORD000195,SKU0023,3,83.01
ORD000195,SKU0018,4,98.12
ORD000196,SKU0038,1,35.23
ORD000196,SKU0021,1,12.29
ORD000196,SKU0021,1,12.29
ORD000197,SKU0016,2,35.32
ORD000197,SKU0021,1,12.29
ORD000198,SKU0019,4,60.48
ORD000198,SKU0008,1,41.79
ORD000199,SKU0021,2,24.58
ORD000199,SKU0033,1,27.39
ORD000200,SKU0001,3,50.22
ORD000200,SKU0019,2,30.24
ORD000201,SKU0012,2,51.78
ORD000201,SKU0008,2,83.58
ORD000202,SKU0032,1,35.03
ORD000203,SKU0024,2,84.14
ORD000203,SKU0010,2,19.5
ORD000203,SKU0039,2,112.28
ORD000204,SKU0023,2,55.34
ORD000204,SKU0028,3,127.44
ORD000205,SKU0015,3,41.16
ORD000205,SKU0030,2,99.06
ORD000205,SKU0023,4,110.68
ORD000206,SKU0032,4,140.12
ORD000206,SKU0010,2,19.5
ORD000207,SKU0003,4,117.96
ORD000207,SKU0023,1,27.67
ORD000208,SKU0005,2,86.04
ORD000208,SKU0017,4,263.0
ORD000209,SKU0005,2,86.04
ORD000209,SKU0028,3,127.44
ORD000210,SKU0025,3,44.49
ORD000211,SKU0023,2,55.34
ORD000212,SKU0021,2,24.58
ORD000213,SKU0030,2,99.06
ORD000213,SKU0030,4,198.12
ORD000214,SKU0001,3,50.22
ORD000215,SKU0038,4,140.92
ORD000215,SKU0007,3,82.56
ORD000215,SKU0015,3,41.16
ORD000216,SKU0026,4,89.56
ORD000217,SKU0038,1,35.23
ORD000217,SKU0032,2,70.06
ORD000218,SKU0000,3,93.96
ORD000218,SKU0015,4,54.88
ORD000219,SKU0023,1,27.67
ORD000219,SKU0033,1,27.39
ORD000219,SKU0024,4,168.28
ORD000220,SKU0016,1,17.66
ORD000220,SKU0022,1,38.63
ORD000221,SKU0006,3,94.83
ORD000221,SKU0008,1,41.79
ORD000221,SKU0022,3,115.89
ORD000222,SKU0030,2,99.06
ORD000222,SKU0008,1,41.79
ORD000222,SKU0029,1,28.42
ORD000223,SKU0012,1,25.89
ORD000224,SKU0025,4,59.32
ORD000224,SKU0016,1,17.66
ORD000224,SKU0012,3,77.67
ORD000225,SKU0021,3,36.87
ORD000225,SKU0007,3,82.56
ORD000225,SKU0027,4,199.68
ORD000226,SKU0011,4,190.8
ORD000226,SKU0031,3,145.44
ORD000227,SKU0027,1,49.92
ORD000228,SKU0018,3,73.59
ORD000228,SKU0006,1,31.61
ORD000228,SKU0020,3,82.8
ORD000229,SKU0027,2,99.84
ORD000229,SKU0028,3,127.44
ORD000229,SKU0028,1,42.48
ORD000230,SKU0003,1,29.49
ORD000230,SKU0025,3,44.49
ORD000231,SKU0009,4,88.84
ORD000232,SKU0015,3,41.16
ORD000233,SKU0002,2,109.1
ORD000233,SKU0028,3,127.44
ORD000233,SKU0023,4,110.68
ORD000234,SKU0033,3,82.17
ORD000235,SKU0017,2,131.5
ORD000235,SKU0007,1,27.52
ORD000235,SKU0011,4,190.8
ORD000236,SKU0007,3,82.56
ORD000236,SKU0016,4,70.64
ORD000236,SKU0013,3,31.38
ORD000237,SKU0008,1,41.79
ORD000238,SKU0028,1,42.48
ORD000238,SKU0020,3,82.8
ORD000238,SKU0004,3,58.74
ORD000239,SKU0011,3,143.1
ORD000239,SKU0032,2,70.06
ORD000239,SKU0007,2,55.04
ORD000240,SKU0001,3,50.22
ORD000240,SKU0035,3,146.55
ORD000241,SKU0039,1,56.14
ORD000242,SKU0030,4,198.12
ORD000242,SKU0026,1,22.39
ORD000243,SKU0004,4,78.32
ORD000243,SKU0029,3,85.26
ORD000243,SKU0008,2,83.58
ORD000244,SKU0003,1,29.49
ORD000244,SKU0033,2,54.78
ORD000244,SKU0019,2,30.24
ORD000245,SKU0014,3,149.82
ORD000245,SKU0033,3,82.17
ORD000245,SKU0005,3,129.06
ORD000246,SKU0008,3,125.37
ORD000246,SKU0039,1,56.14
ORD000247,SKU0037,2,92.52
ORD000247,SKU0010,3,29.25
ORD000247,SKU0036,1,30.19
ORD000248,SKU0036,3,90.57
ORD000249,SKU0039,1,56.14
ORD000249,SKU0031,3,145.44
ORD000250,SKU0025,3,44.49
ORD000251,SKU0003,2,58.98
ORD000251,SKU0028,4,169.92
ORD000251,SKU0030,4,198.12
ORD000252,SKU0009,3,66.63
ORD000252,SKU0020,3,82.8
ORD000252,SKU0025,2,29.66
ORD000253,SKU0006,3,94.83
ORD000253,SKU0015,4,54.88
ORD000253,SKU0007,3,82.56
ORD000254,SKU0006,1,31.61
ORD000255,SKU0026,2,44.78
ORD000255,SKU0010,3,29.25
ORD000255,SKU0036,3,90.57
ORD000256,SKU0032,4,140.12
ORD000256,SKU0031,3,145.44
ORD000257,SKU0025,4,59.32
ORD000258,SKU0022,1,38.63
ORD000258,SKU0003,3,88.47
ORD000258,SKU0031,4,193.92
ORD000259,SKU0006,4,126.44
ORD000260,SKU0023,4,110.68
ORD000260,SKU0023,1,27.67
ORD000260,SKU0025,1,14.83
ORD000261,SKU0023,3,83.01
ORD000262,SKU0028,3,127.44
ORD000262,SKU0039,1,56.14
ORD000262,SKU0008,1,41.79
ORD000263,SKU0035,3,146.55
ORD000263,SKU0009,2,44.42
ORD000264,SKU0032,1,35.03
ORD000264,SKU0002,1,54.55
ORD000265,SKU0033,4,109.56
ORD000265,SKU0009,2,44.42
ORD000266,SKU0025,3,44.49
ORD000267,SKU0032,4,140.12
ORD000267,SKU0036,3,90.57
ORD000267,SKU0030,1,49.53
ORD000268,SKU0007,4,110.08
ORD000268,SKU0037,3,138.78
ORD000268,SKU0001,4,66.96
ORD000269,SKU0014,1,49.94
ORD000269,SKU0037,4,185.04
ORD000269,SKU0010,4,39.0
ORD000270,SKU0036,1,30.19
ORD000271,SKU0020,4,110.4
ORD000271,SKU0009,4,88.84
ORD000272,SKU0039,4,224.56
ORD000272,SKU0003,2,58.98
ORD000272,SKU0033,2,54.78
ORD000273,SKU0030,4,198.12
ORD000273,SKU0020,2,55.2
ORD000273,SKU0029,3,85.26
ORD000274,SKU0016,4,70.64
ORD000274,SKU0012,2,51.78
ORD000274,SKU0017,3,197.25
ORD000275,SKU0013,4,41.84
ORD000275,SKU0020,4,110.4
ORD000276,SKU0017,3,197.25
ORD000276,SKU0007,4,110.08
ORD000276,SKU0025,3,44.49
ORD000277,SKU0018,1,24.53
ORD000278,SKU0016,4,70.64
ORD000278,SKU0013,2,20.92
ORD000278,SKU0034,3,132.57
ORD000279,SKU0006,2,63.22
ORD000280,SKU0033,2,54.78
ORD000280,SKU0014,1,49.94
ORD000280,SKU0006,4,126.44
ORD000281,SKU0008,1,41.79
ORD000282,SKU0030,4,198.12
ORD000282,SKU0012,3,77.67
ORD000283,SKU0003,1,29.49
ORD000283,SKU0036,2,60.38
ORD000283,SKU0034,1,44.19
ORD000284,SKU0002,4,218.2
ORD000285,SKU0018,1,24.53
ORD000285,SKU0000,3,93.96
ORD000285,SKU0036,1,30.19
ORD000286,SKU0034,4,176.76
ORD000286,SKU0008,4,167.16
ORD000287,SKU0021,2,24.58
ORD000288,SKU0011,1,47.7
ORD000288,SKU0021,3,36.87
ORD000288,SKU0036,2,60.38
ORD000289,SKU0032,3,105.09
ORD000289,SKU0005,4,172.08
ORD000290,SKU0030,3,148.59
ORD000291,SKU0024,2,84.14
ORD000291,SKU0028,3,127.44
ORD000292,SKU0036,1,30.19
ORD000292,SKU0016,3,52.98
ORD000292,SKU0015,1,13.72
ORD000293,SKU0010,4,39.0
ORD000293,SKU0032,3,105.09
ORD000294,SKU0039,2,112.28
ORD000294,SKU0014,2,99.88
ORD000295,SKU0038,3,105.69
ORD000295,SKU0026,4,89.56
ORD000296,SKU0038,1,35.23
ORD000297,SKU0023,1,27.67
ORD000297,SKU0036,1,30.19
ORD000297,SKU0003,2,58.98
ORD000298,SKU0010,3,29.25
ORD000299,SKU0013,4,41.84
ORD000300,SKU0003,4,117.96
ORD000300,SKU0008,4,167.16
ORD000301,SKU0035,4,195.4
ORD000302,SKU0016,1,17.66
ORD000302,SKU0013,1,10.46
ORD000303,SKU0004,1,19.58
ORD000303,SKU0004,4,78.32
ORD000304,SKU0011,2,95.4
ORD000304,SKU0026,3,67.17
ORD000305,SKU0024,1,42.07
ORD000305,SKU0034,2,88.38
ORD000306,SKU0034,4,176.76
ORD000307,SKU0014,1,49.94
ORD000307,SKU0001,3,50.22
ORD000307,SKU0029,4,113.68
ORD000308,SKU0015,4,54.88
ORD000309,SKU0012,1,25.89
ORD000309,SKU0002,4,218.2
ORD000310,SKU0013,1,10.46
ORD000311,SKU0038,1,35.23
ORD000311,SKU0015,1,13.72
ORD000312,SKU0034,2,88.38
ORD000313,SKU0018,2,49.06
ORD000313,SKU0036,3,90.57
ORD000313,SKU0036,3,90.57
ORD000314,SKU0033,2,54.78
ORD000315,SKU0003,2,58.98
ORD000315,SKU0027,4,199.68
ORD000316,SKU0024,3,126.21
ORD000316,SKU0026,4,89.56
ORD000316,SKU0009,3,66.63
ORD000317,SKU0030,2,99.06
ORD000317,SKU0014,3,149.82
ORD000317,SKU0009,4,88.84
ORD000318,SKU0026,2,44.78
ORD000318,SKU0024,2,84.14
ORD000319,SKU0005,4,172.08
ORD000319,SKU0023,1,27.67
ORD000320,SKU0017,4,263.0
ORD000321,SKU0012,2,51.78
ORD000322,SKU0019,1,15.12
ORD000322,SKU0013,2,20.92
ORD000323,SKU0038,2,70.46
ORD000324,SKU0020,3,82.8
ORD000324,SKU0024,4,168.28
ORD000324,SKU0034,3,132.57
ORD000325,SKU0032,4,140.12
ORD000325,SKU0029,1,28.42
ORD000326,SKU0023,3,83.01
ORD000327,SKU0014,2,99.88
ORD000327,SKU0001,3,50.22
ORD000327,SKU0035,4,195.4
ORD000328,SKU0021,2,24.58
ORD000329,SKU0031,3,145.44
ORD000330,SKU0031,4,193.92
ORD000330,SKU0010,3,29.25
ORD000330,SKU0010,2,19.5
ORD000331,SKU0034,1,44.19
ORD000332,SKU0003,1,29.49
ORD000333,SKU0014,1,49.94
ORD000333,SKU0009,1,22.21
ORD000333,SKU0013,4,41.84
ORD000334,SKU0039,4,224.56
ORD000334,SKU0031,1,48.48
ORD000334,SKU0000,4,125.28
ORD000335,SKU0017,3,197.25
ORD000335,SKU0001,4,66.96
ORD000335,SKU0011,1,47.7
ORD000336,SKU0015,2,27.44
ORD000337,SKU0022,3,115.89
ORD000337,SKU0025,1,14.83
ORD000338,SKU0036,2,60.38
ORD000338,SKU0014,3,149.82
ORD000339,SKU0025,4,59.32
ORD000340,SKU0003,1,29.49
ORD000340,SKU0010,1,9.75
ORD000341,SKU0021,1,12.29
ORD000341,SKU0033,1,27.39
ORD000341,SKU0014,2,99.88
ORD000342,SKU0002,1,54.55
ORD000342,SKU0017,1,65.75
ORD000343,SKU0013,2,20.92
ORD000344,SKU0010,2,19.5
ORD000344,SKU0036,4,120.76
ORD000345,SKU0008,1,41.79
ORD000345,SKU0032,3,105.09
ORD000346,SKU0014,1,49.94
ORD000346,SKU0021,4,49.16
ORD000347,SKU0017,4,263.0
ORD000347,SKU0031,2,96.96
ORD000347,SKU0022,4,154.52
ORD000348,SKU0037,4,185.04
ORD000348,SKU0005,3,129.06
ORD000348,SKU0015,1,13.72
ORD000349,SKU0024,2,84.14
ORD000350,SKU0006,1,31.61
ORD000350,SKU0000,3,93.96
ORD000351,SKU0006,2,63.22
ORD000351,SKU0005,2,86.04
ORD000352,SKU0035,4,195.4
ORD000352,SKU0006,1,31.61
ORD000352,SKU0005,3,129.06
ORD000353,SKU0038,3,105.69
ORD000353,SKU0024,1,42.07
ORD000353,SKU0018,4,98.12
ORD000354,SKU0035,2,97.7
ORD000354,SKU0036,2,60.38
ORD000354,SKU0024,2,84.14
ORD000355,SKU0017,4,263.0
ORD000355,SKU0009,1,22.21
ORD000356,SKU0026,3,67.17
ORD000356,SKU0030,1,49.53
ORD000357,SKU0031,2,96.96
ORD000358,SKU0019,1,15.12
ORD000359,SKU0024,3,126.21
ORD000359,SKU0028,3,127.44
ORD000359,SKU0027,2,99.84
ORD000360,SKU0012,4,103.56
ORD000360,SKU0020,2,55.2
ORD000360,SKU0025,3,44.49
ORD000361,SKU0015,3,41.16
ORD000361,SKU0024,3,126.21
ORD000361,SKU0025,3,44.49
ORD000362,SKU0037,2,92.52
ORD000363,SKU0029,2,56.84
ORD000363,SKU0028,3,127.44
ORD000363,SKU0004,4,78.32
ORD000364,SKU0019,2,30.24
ORD000364,SKU0016,2,35.32
ORD000364,SKU0027,4,199.68
ORD000365,SKU0030,4,198.12
ORD000365,SKU0034,4,176.76
ORD000365,SKU0034,1,44.19
ORD000366,SKU0005,1,43.02
ORD000366,SKU0015,3,41.16
ORD000366,SKU0010,1,9.75
ORD000367,SKU0027,1,49.92
ORD000367,SKU0000,1,31.32
ORD000368,SKU0033,2,54.78
ORD000368,SKU0028,3,127.44
ORD000368,SKU0025,4,59.32
ORD000369,SKU0022,1,38.63
ORD000370,SKU0026,1,22.39
ORD000370,SKU0007,2,55.04
ORD000371,SKU0029,2,56.84
ORD000371,SKU0033,4,109.56
ORD000372,SKU0028,4,169.92
ORD000373,SKU0002,1,54.55
ORD000373,SKU0001,3,50.22
ORD000374,SKU0015,2,27.44
ORD000374,SKU0035,2,97.7
ORD000374,SKU0021,4,49.16
ORD000375,SKU0011,2,95.4
ORD000375,SKU0027,4,199.68
ORD000376,SKU0037,4,185.04
ORD000376,SKU0024,1,42.07
ORD000377,SKU0004,1,19.58
ORD000377,SKU0034,2,88.38
ORD000378,SKU0029,1,28.42
ORD000379,SKU0020,4,110.4
ORD000379,SKU0039,4,224.56
ORD000379,SKU0037,1,46.26
ORD000380,SKU0039,2,112.28
ORD000380,SKU0019,1,15.12
ORD000381,SKU0015,3,41.16
ORD000382,SKU0009,4,88.84
ORD000382,SKU0026,2,44.78
ORD000383,SKU0011,4,190.8
ORD000383,SKU0034,2,88.38
ORD000384,SKU0018,2,49.06
ORD000384,SKU0011,3,143.1
ORD000385,SKU0000,4,125.28
ORD000385,SKU0008,2,83.58
ORD000386,SKU0031,4,193.92
ORD000386,SKU0031,4,193.92
ORD000386,SKU0028,4,169.92
ORD000387,SKU0001,2,33.48
ORD000387,SKU0018,1,24.53
ORD000387,SKU0017,2,131.5
ORD000388,SKU0029,4,113.68
ORD000389,SKU0036,1,30.19
ORD000390,SKU0034,1,44.19
ORD000390,SKU0028,2,84.96
ORD000391,SKU0015,3,41.16
ORD000391,SKU0002,4,218.2
ORD000391,SKU0016,3,52.98
ORD000392,SKU0015,2,27.44
ORD000393,SKU0039,4,224.56
ORD000393,SKU0010,2,19.5
ORD000393,SKU0013,2,20.92
ORD000394,SKU0034,3,132.57
ORD000394,SKU0038,2,70.46
ORD000395,SKU0036,3,90.57
ORD000395,SKU0032,1,35.03
ORD000396,SKU0017,2,131.5
ORD000397,SKU0020,2,55.2
ORD000398,SKU0036,3,90.57
ORD000399,SKU0004,1,19.58
ORD000399,SKU0025,3,44.49
ORD000400,SKU0020,1,27.6
ORD000400,SKU0005,4,172.08
ORD000401,SKU0025,2,29.66
ORD000401,SKU0027,2,99.84
ORD000401,SKU0031,3,145.44
ORD000402,SKU0035,2,97.7
ORD000402,SKU0036,4,120.76
ORD000403,SKU0006,4,126.44
ORD000404,SKU0028,4,169.92
ORD000405,SKU0008,3,125.37
ORD000406,SKU0023,3,83.01
ORD000407,SKU0010,1,9.75
ORD000407,SKU0025,3,44.49
ORD000407,SKU0014,4,199.76
ORD000408,SKU0013,4,41.84
ORD000409,SKU0014,4,199.76
ORD000409,SKU0000,1,31.32
ORD000409,SKU0021,1,12.29
ORD000410,SKU0004,2,39.16
ORD000410,SKU0024,1,42.07
ORD000411,SKU0023,3,83.01
ORD000411,SKU0008,4,167.16
ORD000412,SKU0033,1,27.39
ORD000413,SKU0022,2,77.26
ORD000413,SKU0009,4,88.84
ORD000414,SKU0005,1,43.02
ORD000415,SKU0024,3,126.21
ORD000415,SKU0027,3,149.76
ORD000415,SKU0008,2,83.58
ORD000416,SKU0035,3,146.55
ORD000417,SKU0033,2,54.78
ORD000418,SKU0003,2,58.98
ORD000418,SKU0031,4,193.92
ORD000418,SKU0007,2,55.04
ORD000419,SKU0000,3,93.96
ORD000419,SKU0020,2,55.2
ORD000419,SKU0024,4,168.28
ORD000420,SKU0011,4,190.8
ORD000420,SKU0004,1,19.58
ORD000420,SKU0037,1,46.26
ORD000421,SKU0002,1,54.55
ORD000422,SKU0032,4,140.12
ORD000422,SKU0027,4,199.68
ORD000423,SKU0039,2,112.28
ORD000423,SKU0017,1,65.75
ORD000423,SKU0019,1,15.12
ORD000424,SKU0034,3,132.57
ORD000425,SKU0027,2,99.84
ORD000425,SKU0003,2,58.98
ORD000426,SKU0029,1,28.42
ORD000427,SKU0000,2,62.64
ORD000428,SKU0022,3,115.89
ORD000428,SKU0010,3,29.25
ORD000429,SKU0007,1,27.52
ORD000429,SKU0021,4,49.16
ORD000429,SKU0017,1,65.75
ORD000430,SKU0004,4,78.32
ORD000430,SKU0029,3,85.26
ORD000430,SKU0003,4,117.96
ORD000431,SKU0010,3,29.25
ORD000431,SKU0006,1,31.61
ORD000432,SKU0002,1,54.55
ORD000433,SKU0023,4,110.68
ORD000433,SKU0009,2,44.42
ORD000434,SKU0026,2,44.78
ORD000434,SKU0020,2,55.2
ORD000434,SKU0026,3,67.17
ORD000435,SKU0023,1,27.67
ORD000435,SKU0032,1,35.03
ORD000435,SKU0011,2,95.4
ORD000436,SKU0004,4,78.32
ORD000436,SKU0018,3,73.59
ORD000437,SKU0029,1,28.42
ORD000437,SKU0023,2,55.34
ORD000437,SKU0018,3,73.59
ORD000438,SKU0023,4,110.68
ORD000438,SKU0012,2,51.78
ORD000439,SKU0001,2,33.48
ORD000439,SKU0034,3,132.57
ORD000440,SKU0024,3,126.21
ORD000441,SKU0015,4,54.88
ORD000441,SKU0031,1,48.48
ORD000441,SKU0009,3,66.63
ORD000442,SKU0033,4,109.56
ORD000443,SKU0005,1,43.02
ORD000443,SKU0032,2,70.06
ORD000443,SKU0025,1,14.83
ORD000444,SKU0027,2,99.84
ORD000445,SKU0020,4,110.4
ORD000445,SKU0020,3,82.8
ORD000446,SKU0004,2,39.16
ORD000447,SKU0009,1,22.21
ORD000448,SKU0020,4,110.4
ORD000448,SKU0007,3,82.56
ORD000449,SKU0029,3,85.26
ORD000449,SKU0007,1,27.52
ORD000450,SKU0038,1,35.23
ORD000450,SKU0013,3,31.38
ORD000450,SKU0009,1,22.21
ORD000451,SKU0032,1,35.03
ORD000451,SKU0019,3,45.36
ORD000452,SKU0028,2,84.96
ORD000452,SKU0006,4,126.44
ORD000453,SKU0000,1,31.32
ORD000454,SKU0025,3,44.49
ORD000455,SKU0016,1,17.66
ORD000455,SKU0001,1,16.74
ORD000455,SKU0012,4,103.56
ORD000456,SKU0007,1,27.52
ORD000456,SKU0029,1,28.42
ORD000457,SKU0025,4,59.32
ORD000457,SKU0001,4,66.96
ORD000458,SKU0013,2,20.92
ORD000458,SKU0017,3,197.25
ORD000459,SKU0039,2,112.28
ORD000460,SKU0035,4,195.4
ORD000460,SKU0003,1,29.49
ORD000461,SKU0026,2,44.78
ORD000462,SKU0034,1,44.19
ORD000462,SKU0024,3,126.21
ORD000462,SKU0030,4,198.12
ORD000463,SKU0020,4,110.4
ORD000463,SKU0017,2,131.5
ORD000463,SKU0001,3,50.22
ORD000464,SKU0017,1,65.75
ORD000465,SKU0037,2,92.52
ORD000465,SKU0010,1,9.75
ORD000466,SKU0034,1,44.19
ORD000466,SKU0014,4,199.76
ORD000467,SKU0015,3,41.16
ORD000468,SKU0022,2,77.26
ORD000468,SKU0036,2,60.38
ORD000468,SKU0031,3,145.44
ORD000469,SKU0005,1,43.02
ORD000470,SKU0033,4,109.56
ORD000471,SKU0012,2,51.78
ORD000471,SKU0021,2,24.58
ORD000471,SKU0020,1,27.6
ORD000472,SKU0009,1,22.21
ORD000472,SKU0033,3,82.17
ORD000472,SKU0004,3,58.74
ORD000473,SKU0019,3,45.36
ORD000473,SKU0008,2,83.58
ORD000474,SKU0020,2,55.2
ORD000474,SKU0035,3,146.55
ORD000474,SKU0014,2,99.88
ORD000475,SKU0018,2,49.06
ORD000475,SKU0011,1,47.7
ORD000475,SKU0036,4,120.76
ORD000476,SKU0038,3,105.69
ORD000477,SKU0036,1,30.19
ORD000477,SKU0031,2,96.96
ORD000477,SKU0021,1,12.29
ORD000478,SKU0010,1,9.75
ORD000478,SKU0021,4,49.16
ORD000479,SKU0015,1,13.72
ORD000480,SKU0000,1,31.32
ORD000481,SKU0026,2,44.78
ORD000481,SKU0026,4,89.56
ORD000481,SKU0024,3,126.21
ORD000482,SKU0030,2,99.06
ORD000483,SKU0002,3,163.65
ORD000484,SKU0006,1,31.61
ORD000484,SKU0021,2,24.58
ORD000485,SKU0004,1,19.58
ORD000485,SKU0021,4,49.16
ORD000485,SKU0001,4,66.96
ORD000486,SKU0003,1,29.49
ORD000487,SKU0026,3,67.17
ORD000488,SKU0006,1,31.61
ORD000489,SKU0031,2,96.96
ORD000489,SKU0003,3,88.47
ORD000489,SKU0000,4,125.28
ORD000490,SKU0038,4,140.92
ORD000490,SKU0012,1,25.89
ORD000490,SKU0001,2,33.48
ORD000491,SKU0030,1,49.53
ORD000492,SKU0031,3,145.44
ORD000492,SKU0005,4,172.08
ORD000493,SKU0023,2,55.34
ORD000493,SKU0028,1,42.48
ORD000494,SKU0016,2,35.32
ORD000494,SKU0017,1,65.75
ORD000495,SKU0022,4,154.52
ORD000496,SKU0003,4,117.96
ORD000496,SKU0033,4,109.56
ORD000496,SKU0034,4,176.76
ORD000497,SKU0019,1,15.12
ORD000497,SKU0025,1,14.83
ORD000498,SKU0036,2,60.38
ORD000498,SKU0007,4,110.08
ORD000498,SKU0011,2,95.4
ORD000499,SKU0002,4,218.2
ORD000500,SKU0009,3,66.63
ORD000501,SKU0024,4,168.28
ORD000502,SKU0033,4,109.56
ORD000502,SKU0000,4,125.28
ORD000503,SKU0009,1,22.21
ORD000504,SKU0018,3,73.59
ORD000505,SKU0031,4,193.92
ORD000505,SKU0002,2,109.1
ORD000506,SKU0039,4,224.56
ORD000507,SKU0015,1,13.72
ORD000507,SKU0030,3,148.59
ORD000508,SKU0019,3,45.36
ORD000508,SKU0017,4,263.0
ORD000509,SKU0019,4,60.48
ORD000510,SKU0026,1,22.39
ORD000510,SKU0012,4,103.56
ORD000510,SKU0013,4,41.84
ORD000511,SKU0003,2,58.98
ORD000511,SKU0004,3,58.74
ORD000512,SKU0033,1,27.39
ORD000513,SKU0003,2,58.98
ORD000514,SKU0023,2,55.34
ORD000515,SKU0032,4,140.12
ORD000515,SKU0007,1,27.52
ORD000516,SKU0038,4,140.92
ORD000516,SKU0011,4,190.8
ORD000517,SKU0022,2,77.26
ORD000517,SKU0016,1,17.66
ORD000518,SKU0003,2,58.98
ORD000518,SKU0036,2,60.38
ORD000519,SKU0013,3,31.38
ORD000519,SKU0026,1,22.39
ORD000519,SKU0000,4,125.28
ORD000520,SKU0000,2,62.64
ORD000520,SKU0016,3,52.98
ORD000520,SKU0017,4,263.0
ORD000521,SKU0016,2,35.32
ORD000521,SKU0029,3,85.26
ORD000522,SKU0006,1,31.61
ORD000522,SKU0032,3,105.09
ORD000522,SKU0035,3,146.55
ORD000523,SKU0004,3,58.74
ORD000523,SKU0017,3,197.25
ORD000524,SKU0019,2,30.24
ORD000524,SKU0009,2,44.42
ORD000524,SKU0003,4,117.96
ORD000525,SKU0001,4,66.96
ORD000525,SKU0018,3,73.59
ORD000525,SKU0026,4,89.56
ORD000526,SKU0036,2,60.38
ORD000526,SKU0021,2,24.58
ORD000526,SKU0034,4,176.76
ORD000527,SKU0010,2,19.5
ORD000527,SKU0018,1,24.53
ORD000528,SKU0016,2,35.32
ORD000528,SKU0021,1,12.29
ORD000528,SKU0014,3,149.82
ORD000529,SKU0021,3,36.87
ORD000529,SKU0016,3,52.98
ORD000530,SKU0003,1,29.49
ORD000530,SKU0030,2,99.06
ORD000531,SKU0024,3,126.21
ORD000531,SKU0026,1,22.39
ORD000531,SKU0009,2,44.42
ORD000532,SKU0036,4,120.76
ORD000532,SKU0009,3,66.63
ORD000533,SKU0021,2,24.58
ORD000533,SKU0020,1,27.6
ORD000534,SKU0013,2,20.92
ORD000534,SKU0036,2,60.38
ORD000535,SKU0039,4,224.56
ORD000536,SKU0030,4,198.12
ORD000536,SKU0000,1,31.32
ORD000537,SKU0023,1,27.67
ORD000537,SKU0020,2,55.2
ORD000537,SKU0001,1,16.74
ORD000538,SKU0022,3,115.89
ORD000538,SKU0008,1,41.79
ORD000538,SKU0024,3,126.21
ORD000539,SKU0019,3,45.36
ORD000540,SKU0033,3,82.17
ORD000540,SKU0027,2,99.84
ORD000540,SKU0021,4,49.16
ORD000541,SKU0025,1,14.83
ORD000542,SKU0008,2,83.58
ORD000542,SKU0001,2,33.48
ORD000542,SKU0007,3,82.56
ORD000543,SKU0016,1,17.66
ORD000543,SKU0038,1,35.23
ORD000543,SKU0006,1,31.61
ORD000544,SKU0028,4,169.92
ORD000544,SKU0007,3,82.56
ORD000545,SKU0000,3,93.96
ORD000546,SKU0033,3,82.17
ORD000546,SKU0039,2,112.28
ORD000546,SKU0026,1,22.39
ORD000547,SKU0007,1,27.52
ORD000547,SKU0031,2,96.96
ORD000548,SKU0033,2,54.78
ORD000548,SKU0022,4,154.52
ORD000549,SKU0035,4,195.4
ORD000550,SKU0015,1,13.72
ORD000550,SKU0000,1,31.32
ORD000551,SKU0031,2,96.96
ORD000551,SKU0005,1,43.02
ORD000551,SKU0006,3,94.83
ORD000552,SKU0016,4,70.64
ORD000552,SKU0003,1,29.49
ORD000553,SKU0023,3,83.01
ORD000553,SKU0027,1,49.92
ORD000554,SKU0008,2,83.58
ORD000555,SKU0039,3,168.42
ORD000555,SKU0005,3,129.06
ORD000556,SKU0025,4,59.32
ORD000557,SKU0030,4,198.12
ORD000557,SKU0010,1,9.75
ORD000558,SKU0006,4,126.44
ORD000559,SKU0028,2,84.96
ORD000559,SKU0039,4,224.56
ORD000559,SKU0022,1,38.63
ORD000560,SKU0007,4,110.08
ORD000560,SKU0028,1,42.48
ORD000561,SKU0020,1,27.6
ORD000561,SKU0033,2,54.78
ORD000561,SKU0021,1,12.29
ORD000562,SKU0022,4,154.52
ORD000562,SKU0009,1,22.21
ORD000563,SKU0030,4,198.12
ORD000563,SKU0010,1,9.75
ORD000563,SKU0031,3,145.44
ORD000564,SKU0003,2,58.98
ORD000564,SKU0035,4,195.4
ORD000565,SKU0029,4,113.68
ORD000566,SKU0031,4,193.92
ORD000567,SKU0001,1,16.74
ORD000567,SKU0025,4,59.32
ORD000568,SKU0000,1,31.32
ORD000568,SKU0038,3,105.69
ORD000568,SKU0032,2,70.06
ORD000569,SKU0003,2,58.98
ORD000569,SKU0029,3,85.26
ORD000570,SKU0023,4,110.68
ORD000570,SKU0007,1,27.52
ORD000570,SKU0014,1,49.94
ORD000571,SKU0018,3,73.59
ORD000571,SKU0006,1,31.61
ORD000571,SKU0010,4,39.0
ORD000572,SKU0016,2,35.32
ORD000573,SKU0013,4,41.84
ORD000573,SKU0012,3,77.67
ORD000574,SKU0037,1,46.26
ORD000575,SKU0037,2,92.52
ORD000575,SKU0031,1,48.48
ORD000575,SKU0033,1,27.39
ORD000576,SKU0030,2,99.06
ORD000576,SKU0037,2,92.52
ORD000576,SKU0008,1,41.79
ORD000577,SKU0024,4,168.28
ORD000577,SKU0038,2,70.46
ORD000577,SKU0017,4,263.0
ORD000578,SKU0008,2,83.58
ORD000578,SKU0026,3,67.17
ORD000579,SKU0035,2,97.7
ORD000579,SKU0012,2,51.78
ORD000579,SKU0039,3,168.42
ORD000580,SKU0011,3,143.1
ORD000580,SKU0007,3,82.56
ORD000580,SKU0035,4,195.4
ORD000581,SKU0026,3,67.17
ORD000581,SKU0027,1,49.92
ORD000581,SKU0033,1,27.39
ORD000582,SKU0003,1,29.49
ORD000583,SKU0018,3,73.59
ORD000584,SKU0018,2,49.06
ORD000584,SKU0034,1,44.19
ORD000584,SKU0022,4,154.52
ORD000585,SKU0035,4,195.4
ORD000586,SKU0018,1,24.53
ORD000586,SKU0024,4,168.28
ORD000586,SKU0026,3,67.17
ORD000587,SKU0016,2,35.32
ORD000588,SKU0023,2,55.34
ORD000589,SKU0011,1,47.7
ORD000589,SKU0011,2,95.4
ORD000590,SKU0002,4,218.2
ORD000590,SKU0017,3,197.25
ORD000591,SKU0016,1,17.66
ORD000591,SKU0021,4,49.16
ORD000591,SKU0009,1,22.21
ORD000592,SKU0003,3,88.47
ORD000592,SKU0031,3,145.44
ORD000592,SKU0004,3,58.74
ORD000593,SKU0033,1,27.39
ORD000594,SKU0034,4,176.76
ORD000594,SKU0005,3,129.06
ORD000595,SKU0021,3,36.87
ORD000595,SKU0023,3,83.01
ORD000595,SKU0013,4,41.84
ORD000596,SKU0022,4,154.52
ORD000597,SKU0020,4,110.4
ORD000598,SKU0034,3,132.57
ORD000598,SKU0001,3,50.22
ORD000599,SKU0031,1,48.48
ORD000599,SKU0018,2,49.06
ORD000600,SKU0006,2,63.22
ORD000601,SKU0004,2,39.16
ORD000602,SKU0013,4,41.84
ORD000603,SKU0029,3,85.26
ORD000604,SKU0003,2,58.98
ORD000605,SKU0036,2,60.38
ORD000606,SKU0028,4,169.92
ORD000606,SKU0027,3,149.76
ORD000607,SKU0007,1,27.52
ORD000607,SKU0039,1,56.14
ORD000607,SKU0037,1,46.26
ORD000608,SKU0006,3,94.83
ORD000608,SKU0019,1,15.12
ORD000608,SKU0018,4,98.12
ORD000609,SKU0001,4,66.96
ORD000609,SKU0010,2,19.5
ORD000609,SKU0008,4,167.16
ORD000610,SKU0009,3,66.63
ORD000610,SKU0023,1,27.67
ORD000610,SKU0035,2,97.7
ORD000611,SKU0036,4,120.76
ORD000612,SKU0019,2,30.24
ORD000613,SKU0032,2,70.06
ORD000613,SKU0010,2,19.5
ORD000614,SKU0007,2,55.04
ORD000615,SKU0029,1,28.42
ORD000615,SKU0018,1,24.53
ORD000615,SKU0016,1,17.66
ORD000616,SKU0021,3,36.87
ORD000616,SKU0008,2,83.58
ORD000617,SKU0004,2,39.16
ORD000617,SKU0020,4,110.4
ORD000617,SKU0028,3,127.44
ORD000618,SKU0037,2,92.52
ORD000618,SKU0036,3,90.57
ORD000618,SKU0020,4,110.4
ORD000619,SKU0015,2,27.44
ORD000619,SKU0027,3,149.76
ORD000620,SKU0021,4,49.16
ORD000620,SKU0029,4,113.68
ORD000620,SKU0022,3,115.89
ORD000621,SKU0011,1,47.7
ORD000622,SKU0012,3,77.67
ORD000622,SKU0004,1,19.58
ORD000622,SKU0001,1,16.74
ORD000623,SKU0037,2,92.52
ORD000623,SKU0002,3,163.65
ORD000624,SKU0009,3,66.63
ORD000624,SKU0025,2,29.66
ORD000625,SKU0029,1,28.42
ORD000626,SKU0000,2,62.64
ORD000626,SKU0039,2,112.28
ORD000626,SKU0032,2,70.06
ORD000627,SKU0036,2,60.38
ORD000628,SKU0014,4,199.76
ORD000629,SKU0023,2,55.34
ORD000629,SKU0002,2,109.1
ORD000630,SKU0030,4,198.12
ORD000630,SKU0002,1,54.55
ORD000631,SKU0033,3,82.17
ORD000631,SKU0016,2,35.32
ORD000631,SKU0024,4,168.28
ORD000632,SKU0016,4,70.64
ORD000632,SKU0014,4,199.76
ORD000632,SKU0022,3,115.89
ORD000633,SKU0000,2,62.64
ORD000633,SKU0028,2,84.96
ORD000633,SKU0014,1,49.94
ORD000634,SKU0009,2,44.42
ORD000635,SKU0007,2,55.04
ORD000635,SKU0026,3,67.17
ORD000635,SKU0007,4,110.08
ORD000636,SKU0037,2,92.52
ORD000637,SKU0002,2,109.1
ORD000638,SKU0032,1,35.03
ORD000639,SKU0010,3,29.25
ORD000640,SKU0038,1,35.23
ORD000640,SKU0018,1,24.53
ORD000641,SKU0030,4,198.12
ORD000641,SKU0010,2,19.5
ORD000641,SKU0026,2,44.78
ORD000642,SKU0032,3,105.09
ORD000642,SKU0010,3,29.25
ORD000642,SKU0029,1,28.42
ORD000643,SKU0008,1,41.79
ORD000643,SKU0001,2,33.48
ORD000644,SKU0026,2,44.78
ORD000644,SKU0038,1,35.23
ORD000644,SKU0011,4,190.8
ORD000645,SKU0032,1,35.03
ORD000645,SKU0005,4,172.08
ORD000645,SKU0008,1,41.79
ORD000646,SKU0023,1,27.67
ORD000646,SKU0033,4,109.56
ORD000647,SKU0022,1,38.63
ORD000647,SKU0027,2,99.84
ORD000648,SKU0005,3,129.06
ORD000649,SKU0016,2,35.32
ORD000649,SKU0000,1,31.32
ORD000650,SKU0033,1,27.39
ORD000651,SKU0020,4,110.4
ORD000651,SKU0023,1,27.67
ORD000651,SKU0009,4,88.84
ORD000652,SKU0034,4,176.76
ORD000652,SKU0036,3,90.57
ORD000653,SKU0025,2,29.66
ORD000653,SKU0026,4,89.56
ORD000653,SKU0011,3,143.1
ORD000654,SKU0016,3,52.98
ORD000654,SKU0036,3,90.57
ORD000655,SKU0007,2,55.04
ORD000655,SKU0028,2,84.96
ORD000655,SKU0006,2,63.22
ORD000656,SKU0035,1,48.85
ORD000656,SKU0010,4,39.0
ORD000657,SKU0030,4,198.12
ORD000658,SKU0014,3,149.82
ORD000658,SKU0005,1,43.02
ORD000659,SKU0033,3,82.17
ORD000659,SKU0038,1,35.23
ORD000659,SKU0011,4,190.8
ORD000660,SKU0033,3,82.17
ORD000661,SKU0032,2,70.06
ORD000661,SKU0039,2,112.28
ORD000661,SKU0002,3,163.65
ORD000662,SKU0005,3,129.06
ORD000663,SKU0025,4,59.32
ORD000663,SKU0037,2,92.52
ORD000663,SKU0033,1,27.39
ORD000664,SKU0018,3,73.59
ORD000664,SKU0022,3,115.89
ORD000664,SKU0014,2,99.88
ORD000665,SKU0000,3,93.96
ORD000665,SKU0011,4,190.8
ORD000665,SKU0032,1,35.03
ORD000666,SKU0018,3,73.59
ORD000666,SKU0007,3,82.56
ORD000666,SKU0034,3,132.57
ORD000667,SKU0030,2,99.06
ORD000667,SKU0021,4,49.16
ORD000667,SKU0029,1,28.42
ORD000668,SKU0004,4,78.32
ORD000668,SKU0014,2,99.88
ORD000669,SKU0033,1,27.39
ORD000669,SKU0016,2,35.32
ORD000670,SKU0021,1,12.29
ORD000670,SKU0035,2,97.7
ORD000671,SKU0013,3,31.38
ORD000671,SKU0011,2,95.4
ORD000672,SKU0015,3,41.16
ORD000673,SKU0015,3,41.16
ORD000674,SKU0005,4,172.08
ORD000675,SKU0002,4,218.2
ORD000675,SKU0023,3,83.01
ORD000675,SKU0031,3,145.44
ORD000676,SKU0017,4,263.0
ORD000676,SKU0014,2,99.88
ORD000676,SKU0003,4,117.96
ORD000677,SKU0032,3,105.09
ORD000678,SKU0007,4,110.08
ORD000678,SKU0020,1,27.6
ORD000679,SKU0037,1,46.26
ORD000679,SKU0020,3,82.8
ORD000680,SKU0035,3,146.55
ORD000681,SKU0039,3,168.42
ORD000681,SKU0023,2,55.34
ORD000682,SKU0026,3,67.17
ORD000683,SKU0028,2,84.96
ORD000683,SKU0036,2,60.38
ORD000684,SKU0017,2,131.5
ORD000685,SKU0012,2,51.78
ORD000685,SKU0009,4,88.84
ORD000686,SKU0031,2,96.96
ORD000686,SKU0033,3,82.17
ORD000687,SKU0035,1,48.85
ORD000687,SKU0025,1,14.83
ORD000688,SKU0016,4,70.64
ORD000689,SKU0021,3,36.87
ORD000689,SKU0023,3,83.01
ORD000689,SKU0035,3,146.55
ORD000690,SKU0007,3,82.56
ORD000690,SKU0038,2,70.46
ORD000691,SKU0034,2,88.38
ORD000691,SKU0018,3,73.59
ORD000691,SKU0020,4,110.4
ORD000692,SKU0039,3,168.42
ORD000692,SKU0029,2,56.84
ORD000693,SKU0039,4,224.56
ORD000693,SKU0004,1,19.58
ORD000694,SKU0020,3,82.8
ORD000695,SKU0025,3,44.49
ORD000695,SKU0028,3,127.44
ORD000695,SKU0037,4,185.04
ORD000696,SKU0001,2,33.48
ORD000697,SKU0005,2,86.04
ORD000697,SKU0010,4,39.0
ORD000697,SKU0006,1,31.61
ORD000698,SKU0003,1,29.49
ORD000698,SKU0025,1,14.83
ORD000698,SKU0006,3,94.83
ORD000699,SKU0024,3,126.21
ORD000700,SKU0018,4,98.12
ORD000700,SKU0008,2,83.58
ORD000700,SKU0033,2,54.78
ORD000701,SKU0022,3,115.89
ORD000701,SKU0030,4,198.12
ORD000701,SKU0034,3,132.57
ORD000702,SKU0034,2,88.38
ORD000703,SKU0036,4,120.76
ORD000703,SKU0033,3,82.17
ORD000703,SKU0022,4,154.52
ORD000704,SKU0028,3,127.44
ORD000705,SKU0009,3,66.63
ORD000705,SKU0000,1,31.32
ORD000706,SKU0018,4,98.12
ORD000706,SKU0034,1,44.19
ORD000707,SKU0000,4,125.28
ORD000707,SKU0018,2,49.06
ORD000708,SKU0012,4,103.56
ORD000708,SKU0035,4,195.4
ORD000709,SKU0024,4,168.28
ORD000710,SKU0027,2,99.84
ORD000711,SKU0034,3,132.57
ORD000711,SKU0026,2,44.78
ORD000712,SKU0018,1,24.53
ORD000713,SKU0039,4,224.56
ORD000713,SKU0012,3,77.67
ORD000714,SKU0034,1,44.19
ORD000715,SKU0017,2,131.5
ORD000715,SKU0028,1,42.48
ORD000716,SKU0000,4,125.28
ORD000717,SKU0019,4,60.48
ORD000717,SKU0023,4,110.68
ORD000718,SKU0009,1,22.21
ORD000719,SKU0034,4,176.76
ORD000720,SKU0024,1,42.07
ORD000720,SKU0007,2,55.04
ORD000721,SKU0002,2,109.1
ORD000722,SKU0013,4,41.84
ORD000722,SKU0024,3,126.21
ORD000722,SKU0020,2,55.2
ORD000723,SKU0007,3,82.56
ORD000723,SKU0030,3,148.59
ORD000723,SKU0012,3,77.67
ORD000724,SKU0015,4,54.88
ORD000725,SKU0017,1,65.75
ORD000726,SKU0002,4,218.2
ORD000727,SKU0005,2,86.04
ORD000727,SKU0010,4,39.0
ORD000728,SKU0003,1,29.49
ORD000728,SKU0022,2,77.26
ORD000728,SKU0034,1,44.19
ORD000729,SKU0020,3,82.8
ORD000730,SKU0024,3,126.21
ORD000731,SKU0031,4,193.92
ORD000732,SKU0031,2,96.96
ORD000732,SKU0036,2,60.38
ORD000732,SKU0034,3,132.57
ORD000733,SKU0038,2,70.46
ORD000733,SKU0004,2,39.16
ORD000734,SKU0034,3,132.57
ORD000734,SKU0029,1,28.42
ORD000735,SKU0011,1,47.7
ORD000735,SKU0039,3,168.42
ORD000735,SKU0039,2,112.28
ORD000736,SKU0034,4,176.76
ORD000736,SKU0012,4,103.56
ORD000736,SKU0035,2,97.7
ORD000737,SKU0026,3,67.17
ORD000737,SKU0007,1,27.52
ORD000738,SKU0008,2,83.58
ORD000739,SKU0031,2,96.96
ORD000740,SKU0024,4,168.28
ORD000740,SKU0033,3,82.17
ORD000740,SKU0003,3,88.47
ORD000741,SKU0013,4,41.84
ORD000742,SKU0003,3,88.47
ORD000742,SKU0035,4,195.4
ORD000742,SKU0023,1,27.67
ORD000743,SKU0002,1,54.55
ORD000743,SKU0019,1,15.12
ORD000743,SKU0013,1,10.46
ORD000744,SKU0024,2,84.14
ORD000744,SKU0012,2,51.78
ORD000744,SKU0036,2,60.38
ORD000745,SKU0006,3,94.83
ORD000745,SKU0029,4,113.68
ORD000746,SKU0035,4,195.4
ORD000747,SKU0010,4,39.0
ORD000747,SKU0022,3,115.89
ORD000747,SKU0035,3,146.55
ORD000748,SKU0027,3,149.76
ORD000748,SKU0038,2,70.46
ORD000748,SKU0036,2,60.38
ORD000749,SKU0016,3,52.98
ORD000749,SKU0028,4,169.92
ORD000749,SKU0025,1,14.83
ORD000750,SKU0001,2,33.48
ORD000750,SKU0019,1,15.12
ORD000750,SKU0019,2,30.24
ORD000751,SKU0017,2,131.5
ORD000752,SKU0022,2,77.26
ORD000752,SKU0008,3,125.37
ORD000753,SKU0014,3,149.82
ORD000754,SKU0025,2,29.66
ORD000754,SKU0004,3,58.74
ORD000754,SKU0030,2,99.06
ORD000755,SKU0038,3,105.69
ORD000756,SKU0005,1,43.02
ORD000756,SKU0021,3,36.87
ORD000757,SKU0014,1,49.94
ORD000758,SKU0033,1,27.39
ORD000758,SKU0020,2,55.2
ORD000759,SKU0014,2,99.88
ORD000759,SKU0003,4,117.96
ORD000759,SKU0028,1,42.48
ORD000760,SKU0025,2,29.66
ORD000760,SKU0008,3,125.37
ORD000761,SKU0003,4,117.96
ORD000761,SKU0016,1,17.66
ORD000761,SKU0025,4,59.32
ORD000762,SKU0035,2,97.7
ORD000762,SKU0031,4,193.92
ORD000763,SKU0039,2,112.28
ORD000763,SKU0015,1,13.72
ORD000763,SKU0017,4,263.0
ORD000764,SKU0007,4,110.08
ORD000765,SKU0012,3,77.67
ORD000765,SKU0022,1,38.63
ORD000766,SKU0039,4,224.56
ORD000766,SKU0039,2,112.28
ORD000767,SKU0012,3,77.67
ORD000768,SKU0003,2,58.98
ORD000769,SKU0000,3,93.96
ORD000769,SKU0007,3,82.56
ORD000770,SKU0021,2,24.58
ORD000771,SKU0034,3,132.57
ORD000772,SKU0009,1,22.21
ORD000772,SKU0024,1,42.07
ORD000772,SKU0016,2,35.32
ORD000773,SKU0039,3,168.42
ORD000774,SKU0000,1,31.32
ORD000774,SKU0024,3,126.21
ORD000774,SKU0023,1,27.67
ORD000775,SKU0024,2,84.14
ORD000775,SKU0024,1,42.07
ORD000775,SKU0020,4,110.4
ORD000776,SKU0011,2,95.4
ORD000777,SKU0001,1,16.74
ORD000777,SKU0015,3,41.16
ORD000777,SKU0021,4,49.16
ORD000778,SKU0022,3,115.89
ORD000779,SKU0032,3,105.09
ORD000780,SKU0001,3,50.22
ORD000780,SKU0014,2,99.88
ORD000781,SKU0008,1,41.79
ORD000781,SKU0024,2,84.14
ORD000781,SKU0026,2,44.78
ORD000782,SKU0019,3,45.36
ORD000782,SKU0028,2,84.96
ORD000783,SKU0034,2,88.38
ORD000783,SKU0008,3,125.37
ORD000783,SKU0033,2,54.78
ORD000784,SKU0036,2,60.38
ORD000784,SKU0020,1,27.6
ORD000784,SKU0035,1,48.85
ORD000785,SKU0001,3,50.22
ORD000786,SKU0028,3,127.44
ORD000786,SKU0009,2,44.42
ORD000787,SKU0001,3,50.22
ORD000788,SKU0014,2,99.88
ORD000788,SKU0014,1,49.94
ORD000788,SKU0022,1,38.63
ORD000789,SKU0038,4,140.92
ORD000789,SKU0023,2,55.34
ORD000789,SKU0024,4,168.28
ORD000790,SKU0012,2,51.78
ORD000791,SKU0017,4,263.0
ORD000792,SKU0004,2,39.16
ORD000793,SKU0020,4,110.4
ORD000793,SKU0015,4,54.88
ORD000793,SKU0025,1,14.83
ORD000794,SKU0020,4,110.4
ORD000794,SKU0039,1,56.14
ORD000794,SKU0033,1,27.39
ORD000795,SKU0015,4,54.88
ORD000796,SKU0033,1,27.39
ORD000796,SKU0012,3,77.67
ORD000797,SKU0018,4,98.12
ORD000797,SKU0010,4,39.0
ORD000798,SKU0033,2,54.78
ORD000798,SKU0029,4,113.68
ORD000798,SKU0005,1,43.02
ORD000799,SKU0034,2,88.38
ORD000799,SKU0025,4,59.32
ORD000799,SKU0020,4,110.4
ORD000800,SKU0037,2,92.52
ORD000800,SKU0029,1,28.42
ORD000801,SKU0010,1,9.75
ORD000801,SKU0005,1,43.02
ORD000801,SKU0028,3,127.44
ORD000802,SKU0024,2,84.14
ORD000802,SKU0024,4,168.28
ORD000802,SKU0002,2,109.1
ORD000803,SKU0009,2,44.42
ORD000803,SKU0009,2,44.42
ORD000803,SKU0003,4,117.96
ORD000804,SKU0028,3,127.44
ORD000804,SKU0011,1,47.7
ORD000804,SKU0008,2,83.58
ORD000805,SKU0029,4,113.68
ORD000806,SKU0038,4,140.92
ORD000807,SKU0030,4,198.12
ORD000807,SKU0026,4,89.56
ORD000807,SKU0005,1,43.02
ORD000808,SKU0039,2,112.28
ORD000808,SKU0003,2,58.98
ORD000809,SKU0022,1,38.63
ORD000809,SKU0009,1,22.21
ORD000809,SKU0036,3,90.57
ORD000810,SKU0006,4,126.44
ORD000811,SKU0018,2,49.06
ORD000811,SKU0029,3,85.26
ORD000811,SKU0002,1,54.55
ORD000812,SKU0024,1,42.07
ORD000812,SKU0027,1,49.92
ORD000813,SKU0007,3,82.56
ORD000814,SKU0033,2,54.78
ORD000814,SKU0013,1,10.46
ORD000815,SKU0033,1,27.39
ORD000815,SKU0030,3,148.59
ORD000815,SKU0027,3,149.76
ORD000816,SKU0039,3,168.42
ORD000816,SKU0008,4,167.16
ORD000816,SKU0033,4,109.56
ORD000817,SKU0014,3,149.82
ORD000817,SKU0012,1,25.89
ORD000817,SKU0007,1,27.52
ORD000818,SKU0013,4,41.84
ORD000818,SKU0026,1,22.39
ORD000818,SKU0021,3,36.87
ORD000819,SKU0012,3,77.67
ORD000820,SKU0019,3,45.36
ORD000820,SKU0000,1,31.32
ORD000821,SKU0036,1,30.19
ORD000821,SKU0011,2,95.4
ORD000822,SKU0030,4,198.12
ORD000822,SKU0002,2,109.1
ORD000822,SKU0030,2,99.06
ORD000823,SKU0029,4,113.68
ORD000823,SKU0003,3,88.47
ORD000824,SKU0034,1,44.19
ORD000824,SKU0013,3,31.38
ORD000824,SKU0022,1,38.63
ORD000825,SKU0021,4,49.16
ORD000826,SKU0038,4,140.92
ORD000826,SKU0011,1,47.7
ORD000826,SKU0019,3,45.36
ORD000827,SKU0005,4,172.08
ORD000827,SKU0015,3,41.16
ORD000828,SKU0033,3,82.17
ORD000829,SKU0002,2,109.1
ORD000829,SKU0005,4,172.08
ORD000830,SKU0032,2,70.06
ORD000830,SKU0012,3,77.67
ORD000831,SKU0020,2,55.2
ORD000831,SKU0006,2,63.22
ORD000832,SKU0024,1,42.07
ORD000832,SKU0000,3,93.96
ORD000833,SKU0029,1,28.42
ORD000833,SKU0006,3,94.83
ORD000834,SKU0013,3,31.38
ORD000834,SKU0012,2,51.78
ORD000835,SKU0020,4,110.4
ORD000835,SKU0007,3,82.56
ORD000835,SKU0009,2,44.42
ORD000836,SKU0039,1,56.14
ORD000837,SKU0035,3,146.55
ORD000837,SKU0017,2,131.5
ORD000838,SKU0010,1,9.75
ORD000839,SKU0028,1,42.48
ORD000839,SKU0008,1,41.79
ORD000839,SKU0030,1,49.53
ORD000840,SKU0005,4,172.08
ORD000841,SKU0038,4,140.92
ORD000841,SKU0039,3,168.42
ORD000841,SKU0019,3,45.36
ORD000842,SKU0029,2,56.84
ORD000843,SKU0029,3,85.26
ORD000844,SKU0014,2,99.88
ORD000845,SKU0025,2,29.66
ORD000845,SKU0021,3,36.87
ORD000846,SKU0004,4,78.32
ORD000847,SKU0029,2,56.84
ORD000847,SKU0018,3,73.59
ORD000848,SKU0032,1,35.03
ORD000849,SKU0035,1,48.85
ORD000849,SKU0019,4,60.48
ORD000850,SKU0039,2,112.28
ORD000851,SKU0024,1,42.07
ORD000851,SKU0021,2,24.58
ORD000852,SKU0036,3,90.57
ORD000852,SKU0034,2,88.38
ORD000853,SKU0036,4,120.76
ORD000853,SKU0007,4,110.08
ORD000853,SKU0020,1,27.6
ORD000854,SKU0025,1,14.83
ORD000854,SKU0038,1,35.23
ORD000855,SKU0031,1,48.48
ORD000855,SKU0005,2,86.04
ORD000856,SKU0000,2,62.64
ORD000856,SKU0009,4,88.84
ORD000856,SKU0034,3,132.57
ORD000857,SKU0012,2,51.78
ORD000857,SKU0020,3,82.8
ORD000858,SKU0022,1,38.63
ORD000858,SKU0037,1,46.26
ORD000859,SKU0008,3,125.37
ORD000859,SKU0003,3,88.47
ORD000860,SKU0035,3,146.55
ORD000861,SKU0015,4,54.88
ORD000862,SKU0020,4,110.4
ORD000862,SKU0025,4,59.32
ORD000862,SKU0027,2,99.84
ORD000863,SKU0012,4,103.56
ORD000864,SKU0018,2,49.06
ORD000865,SKU0001,2,33.48
ORD000866,SKU0005,2,86.04
ORD000867,SKU0038,4,140.92
ORD000867,SKU0039,2,112.28
ORD000867,SKU0029,4,113.68
ORD000868,SKU0022,2,77.26
ORD000868,SKU0011,4,190.8
ORD000869,SKU0031,2,96.96
ORD000869,SKU0032,3,105.09
ORD000869,SKU0026,3,67.17
ORD000870,SKU0030,3,148.59
ORD000870,SKU0007,4,110.08
ORD000870,SKU0005,2,86.04
ORD000871,SKU0033,1,27.39
ORD000871,SKU0033,1,27.39
ORD000872,SKU0004,3,58.74
ORD000872,SKU0039,1,56.14
ORD000872,SKU0021,1,12.29
ORD000873,SKU0030,3,148.59
ORD000873,SKU0026,3,67.17
ORD000873,SKU0018,3,73.59
ORD000874,SKU0038,3,105.69
ORD000874,SKU0036,3,90.57
ORD000874,SKU0003,4,117.96
ORD000875,SKU0003,3,88.47
ORD000875,SKU0039,1,56.14
ORD000875,SKU0018,4,98.12
ORD000876,SKU0004,3,58.74
ORD000876,SKU0016,2,35.32
ORD000876,SKU0039,3,168.42
ORD000877,SKU0007,2,55.04
ORD000878,SKU0028,3,127.44
ORD000878,SKU0011,3,143.1
ORD000878,SKU0015,4,54.88
ORD000879,SKU0021,1,12.29
ORD000880,SKU0026,4,89.56
ORD000880,SKU0015,4,54.88
ORD000881,SKU0022,1,38.63
ORD000881,SKU0016,1,17.66
ORD000881,SKU0003,2,58.98
ORD000882,SKU0019,4,60.48
ORD000882,SKU0034,2,88.38
ORD000883,SKU0016,2,35.32
ORD000883,SKU0033,4,109.56
ORD000884,SKU0024,3,126.21
ORD000884,SKU0033,1,27.39
ORD000885,SKU0022,4,154.52
ORD000885,SKU0039,3,168.42
ORD000885,SKU0021,3,36.87
ORD000886,SKU0037,4,185.04
ORD000886,SKU0029,2,56.84
ORD000887,SKU0021,2,24.58
ORD000887,SKU0020,1,27.6
ORD000887,SKU0000,1,31.32
ORD000888,SKU0033,1,27.39
ORD000889,SKU0018,3,73.59
ORD000890,SKU0039,1,56.14
ORD000891,SKU0007,1,27.52
ORD000891,SKU0005,2,86.04
ORD000891,SKU0024,2,84.14
ORD000892,SKU0018,4,98.12
ORD000892,SKU0004,4,78.32
ORD000893,SKU0020,3,82.8
ORD000893,SKU0010,1,9.75
ORD000893,SKU0017,1,65.75
ORD000894,SKU0003,3,88.47
ORD000894,SKU0016,2,35.32
ORD000895,SKU0012,4,103.56
ORD000895,SKU0011,4,190.8
ORD000896,SKU0027,2,99.84
ORD000896,SKU0039,1,56.14
ORD000896,SKU0028,3,127.44
ORD000897,SKU0004,3,58.74
ORD000898,SKU0009,1,22.21
ORD000898,SKU0002,4,218.2
ORD000899,SKU0021,4,49.16
ORD000899,SKU0036,1,30.19
ORD000899,SKU0032,4,140.12
ORD000900,SKU0004,2,39.16
ORD000900,SKU0000,4,125.28
ORD000901,SKU0034,3,132.57
ORD000901,SKU0021,3,36.87
ORD000901,SKU0025,1,14.83
ORD000902,SKU0021,1,12.29
ORD000902,SKU0029,3,85.26
ORD000902,SKU0012,2,51.78
ORD000903,SKU0012,3,77.67
ORD000903,SKU0024,1,42.07
ORD000904,SKU0028,2,84.96
ORD000905,SKU0001,2,33.48
ORD000906,SKU0034,3,132.57
ORD000907,SKU0001,1,16.74
ORD000907,SKU0021,1,12.29
ORD000908,SKU0007,2,55.04
ORD000908,SKU0033,4,109.56
ORD000909,SKU0037,2,92.52
ORD000909,SKU0004,1,19.58
ORD000909,SKU0009,4,88.84
ORD000910,SKU0002,2,109.1
ORD000910,SKU0008,1,41.79
ORD000910,SKU0011,1,47.7
ORD000911,SKU0039,2,112.28
ORD000911,SKU0037,1,46.26
ORD000912,SKU0038,2,70.46
ORD000912,SKU0004,2,39.16
ORD000913,SKU0025,3,44.49
ORD000913,SKU0007,2,55.04
ORD000913,SKU0020,2,55.2
ORD000914,SKU0004,1,19.58
ORD000914,SKU0017,2,131.5
ORD000915,SKU0023,2,55.34
ORD000915,SKU0028,2,84.96
ORD000915,SKU0037,1,46.26
ORD000916,SKU0039,4,224.56
ORD000916,SKU0010,1,9.75
ORD000916,SKU0031,1,48.48
ORD000917,SKU0005,3,129.06
ORD000918,SKU0008,2,83.58
ORD000918,SKU0009,3,66.63
ORD000918,SKU0033,4,109.56
ORD000919,SKU0039,1,56.14
ORD000920,SKU0031,1,48.48
ORD000920,SKU0019,3,45.36
ORD000920,SKU0026,1,22.39
ORD000921,SKU0007,1,27.52
ORD000922,SKU0032,2,70.06
ORD000922,SKU0029,2,56.84
ORD000922,SKU0017,1,65.75
ORD000923,SKU0030,4,198.12
ORD000924,SKU0002,1,54.55
ORD000924,SKU0023,3,83.01
ORD000924,SKU0013,4,41.84
ORD000925,SKU0029,1,28.42
ORD000925,SKU0006,1,31.61
ORD000925,SKU0034,2,88.38
ORD000926,SKU0032,1,35.03
ORD000926,SKU0004,2,39.16
ORD000927,SKU0026,2,44.78
ORD000927,SKU0020,2,55.2
ORD000928,SKU0006,2,63.22
ORD000929,SKU0014,1,49.94
ORD000929,SKU0030,4,198.12
ORD000930,SKU0013,4,41.84
ORD000931,SKU0008,4,167.16
ORD000931,SKU0012,3,77.67
ORD000932,SKU0008,1,41.79
ORD000932,SKU0036,1,30.19
ORD000933,SKU0029,4,113.68
ORD000934,SKU0014,3,149.82
ORD000934,SKU0038,2,70.46
ORD000935,SKU0035,2,97.7
ORD000935,SKU0005,4,172.08
ORD000935,SKU0033,4,109.56
ORD000936,SKU0017,1,65.75
ORD000936,SKU0027,2,99.84
ORD000937,SKU0037,2,92.52
ORD000937,SKU0037,2,92.52
ORD000938,SKU0002,1,54.55
ORD000938,SKU0030,1,49.53
ORD000939,SKU0030,1,49.53
ORD000939,SKU0028,4,169.92
ORD000940,SKU0000,4,125.28
ORD000940,SKU0013,2,20.92
ORD000940,SKU0022,3,115.89
ORD000941,SKU0030,3,148.59
ORD000942,SKU0037,1,46.26
ORD000942,SKU0029,4,113.68
ORD000942,SKU0008,4,167.16
ORD000943,SKU0029,1,28.42
ORD000943,SKU0004,4,78.32
ORD000943,SKU0021,1,12.29
ORD000944,SKU0039,2,112.28
ORD000944,SKU0005,3,129.06
ORD000945,SKU0023,1,27.67
ORD000945,SKU0007,4,110.08
ORD000945,SKU0023,4,110.68
ORD000946,SKU0023,2,55.34
ORD000946,SKU0035,1,48.85
ORD000947,SKU0021,2,24.58
ORD000948,SKU0030,2,99.06
ORD000948,SKU0014,3,149.82
ORD000948,SKU0022,3,115.89
ORD000949,SKU0003,1,29.49
ORD000949,SKU0023,3,83.01
ORD000950,SKU0033,1,27.39
ORD000950,SKU0030,3,148.59
ORD000950,SKU0028,3,127.44
ORD000951,SKU0005,1,43.02
ORD000951,SKU0025,2,29.66
ORD000952,SKU0010,3,29.25
ORD000953,SKU0009,2,44.42
ORD000953,SKU0033,1,27.39
ORD000954,SKU0034,2,88.38
ORD000954,SKU0030,3,148.59
ORD000954,SKU0026,4,89.56
ORD000955,SKU0004,1,19.58
ORD000956,SKU0021,4,49.16
ORD000956,SKU0037,3,138.78
ORD000956,SKU0020,4,110.4
ORD000957,SKU0028,4,169.92
ORD000957,SKU0019,2,30.24
ORD000957,SKU0019,2,30.24
ORD000958,SKU0023,3,83.01
ORD000958,SKU0003,2,58.98
ORD000959,SKU0010,2,19.5
ORD000959,SKU0034,3,132.57
ORD000960,SKU0009,2,44.42
ORD000960,SKU0015,1,13.72
ORD000960,SKU0002,3,163.65
ORD000961,SKU0016,3,52.98
ORD000961,SKU0011,2,95.4
ORD000962,SKU0020,3,82.8
ORD000962,SKU0009,3,66.63
ORD000962,SKU0028,2,84.96
ORD000963,SKU0001,4,66.96
ORD000964,SKU0020,2,55.2
ORD000964,SKU0000,3,93.96
ORD000965,SKU0036,2,60.38
ORD000965,SKU0036,4,120.76
ORD000966,SKU0030,1,49.53
ORD000966,SKU0008,1,41.79
ORD000966,SKU0019,1,15.12
ORD000967,SKU0022,1,38.63
ORD000967,SKU0020,1,27.6
ORD000968,SKU0033,2,54.78
ORD000968,SKU0017,2,131.5
ORD000968,SKU0001,1,16.74
ORD000969,SKU0005,4,172.08
ORD000969,SKU0012,4,103.56
ORD000969,SKU0020,1,27.6
ORD000970,SKU0027,3,149.76
ORD000971,SKU0018,3,73.59
ORD000972,SKU0035,1,48.85
ORD000972,SKU0013,4,41.84
ORD000973,SKU0010,4,39.0
ORD000973,SKU0026,2,44.78
ORD000974,SKU0013,3,31.38
ORD000975,SKU0004,4,78.32
ORD000975,SKU0005,1,43.02
ORD000976,SKU0011,4,190.8
ORD000976,SKU0036,2,60.38
ORD000977,SKU0018,4,98.12
ORD000977,SKU0002,3,163.65
ORD000978,SKU0035,4,195.4
ORD000978,SKU0014,1,49.94
ORD000979,SKU0019,4,60.48
ORD000979,SKU0007,3,82.56
ORD000980,SKU0015,1,13.72
ORD000980,SKU0007,3,82.56
ORD000981,SKU0023,4,110.68
ORD000981,SKU0036,4,120.76
ORD000981,SKU0016,4,70.64
ORD000982,SKU0036,1,30.19
ORD000982,SKU0016,2,35.32
ORD000982,SKU0037,1,46.26
ORD000983,SKU0008,3,125.37
ORD000983,SKU0010,1,9.75
ORD000984,SKU0022,1,38.63
ORD000984,SKU0018,3,73.59
ORD000985,SKU0012,2,51.78
ORD000985,SKU0006,2,63.22
ORD000985,SKU0034,3,132.57
ORD000986,SKU0023,1,27.67
ORD000986,SKU0034,3,132.57
ORD000987,SKU0033,3,82.17
ORD000988,SKU0021,2,24.58
ORD000988,SKU0006,2,63.22
ORD000989,SKU0012,1,25.89
ORD000990,SKU0007,2,55.04
ORD000991,SKU0019,3,45.36
ORD000991,SKU0008,4,167.16
ORD000992,SKU0011,3,143.1
ORD000992,SKU0001,1,16.74
ORD000993,SKU0009,2,44.42
ORD000993,SKU0019,2,30.24
ORD000993,SKU0013,2,20.92
ORD000994,SKU0007,1,27.52
ORD000994,SKU0001,4,66.96
ORD000994,SKU0027,1,49.92
ORD000995,SKU0032,1,35.03
ORD000996,SKU0002,1,54.55
ORD000996,SKU0019,1,15.12
ORD000997,SKU0013,2,20.92
ORD000997,SKU0011,3,143.1
ORD000997,SKU0001,1,16.74
ORD000998,SKU0022,3,115.89
ORD000998,SKU0010,2,19.5
ORD000998,SKU0032,1,35.03
ORD000999,SKU0033,2,54.78
ORD001000,SKU0034,1,44.19
ORD001001,SKU0030,3,148.59
ORD001001,SKU0037,2,92.52
ORD001001,SKU0028,1,42.48
ORD001002,SKU0027,2,99.84
ORD001002,SKU0032,2,70.06
ORD001003,SKU0007,4,110.08
ORD001003,SKU0007,2,55.04
ORD001004,SKU0018,1,24.53
ORD001004,SKU0005,3,129.06
ORD001004,SKU0031,1,48.48
ORD001005,SKU0038,3,105.69
ORD001005,SKU0028,2,84.96
ORD001006,SKU0027,2,99.84
ORD001006,SKU0004,4,78.32
ORD001007,SKU0031,1,48.48
ORD001008,SKU0005,1,43.02
ORD001008,SKU0009,4,88.84
ORD001008,SKU0025,1,14.83
ORD001009,SKU0012,3,77.67
ORD001009,SKU0012,4,103.56
ORD001010,SKU0031,3,145.44
ORD001010,SKU0037,3,138.78
ORD001011,SKU0038,4,140.92
ORD001011,SKU0031,3,145.44
ORD001012,SKU0007,3,82.56
ORD001013,SKU0008,1,41.79
ORD001014,SKU0031,1,48.48
ORD001015,SKU0020,2,55.2
ORD001015,SKU0019,1,15.12
ORD001015,SKU0004,4,78.32
ORD001016,SKU0031,4,193.92
ORD001016,SKU0032,3,105.09
ORD001017,SKU0034,1,44.19
ORD001017,SKU0002,4,218.2
ORD001017,SKU0007,4,110.08
ORD001018,SKU0028,4,169.92
ORD001018,SKU0002,1,54.55
ORD001019,SKU0019,2,30.24
ORD001019,SKU0031,4,193.92
ORD001019,SKU0008,3,125.37
ORD001020,SKU0036,4,120.76
ORD001021,SKU0030,4,198.12
ORD001021,SKU0035,2,97.7
ORD001021,SKU0032,1,35.03
ORD001022,SKU0037,4,185.04
ORD001022,SKU0039,3,168.42
ORD001023,SKU0001,1,16.74
ORD001024,SKU0037,1,46.26
ORD001024,SKU0021,4,49.16
ORD001025,SKU0022,4,154.52
ORD001025,SKU0022,1,38.63
ORD001026,SKU0019,1,15.12
ORD001027,SKU0021,2,24.58
ORD001028,SKU0002,4,218.2
ORD001028,SKU0027,4,199.68
ORD001029,SKU0030,1,49.53
ORD001029,SKU0020,4,110.4
ORD001029,SKU0036,4,120.76
ORD001030,SKU0031,1,48.48
ORD001031,SKU0032,3,105.09
ORD001031,SKU0010,3,29.25
ORD001032,SKU0031,1,48.48
ORD001033,SKU0016,1,17.66
ORD001033,SKU0019,4,60.48
ORD001034,SKU0037,1,46.26
ORD001034,SKU0037,3,138.78
ORD001034,SKU0017,1,65.75
ORD001035,SKU0027,2,99.84
ORD001035,SKU0022,1,38.63
ORD001036,SKU0027,3,149.76
ORD001036,SKU0012,4,103.56
ORD001037,SKU0032,4,140.12
ORD001037,SKU0035,2,97.7
ORD001037,SKU0001,2,33.48
ORD001038,SKU0029,3,85.26
ORD001039,SKU0003,2,58.98
ORD001039,SKU0023,4,110.68
ORD001039,SKU0009,2,44.42
ORD001040,SKU0026,3,67.17
ORD001040,SKU0004,2,39.16
ORD001041,SKU0010,3,29.25
ORD001041,SKU0038,2,70.46
ORD001042,SKU0009,2,44.42
ORD001043,SKU0029,4,113.68
ORD001043,SKU0035,4,195.4
ORD001044,SKU0010,3,29.25
ORD001045,SKU0017,2,131.5
ORD001045,SKU0002,4,218.2
ORD001046,SKU0020,3,82.8
ORD001047,SKU0005,4,172.08
ORD001047,SKU0008,2,83.58
ORD001048,SKU0032,1,35.03
ORD001048,SKU0033,3,82.17
ORD001048,SKU0031,1,48.48
ORD001049,SKU0021,4,49.16
ORD001049,SKU0015,4,54.88
ORD001050,SKU0011,2,95.4
ORD001051,SKU0016,1,17.66
ORD001051,SKU0031,3,145.44
ORD001052,SKU0027,4,199.68
ORD001052,SKU0015,3,41.16
ORD001052,SKU0009,3,66.63
ORD001053,SKU0001,1,16.74
ORD001053,SKU0003,2,58.98
ORD001054,SKU0019,3,45.36
ORD001054,SKU0007,2,55.04
ORD001055,SKU0025,3,44.49
ORD001056,SKU0019,2,30.24
ORD001057,SKU0020,4,110.4
ORD001057,SKU0002,3,163.65
ORD001057,SKU0005,4,172.08
ORD001058,SKU0027,1,49.92
ORD001058,SKU0010,3,29.25
ORD001059,SKU0026,3,67.17
ORD001059,SKU0029,1,28.42
ORD001060,SKU0028,2,84.96
ORD001060,SKU0000,4,125.28
ORD001060,SKU0012,3,77.67
ORD001061,SKU0007,2,55.04
ORD001062,SKU0008,4,167.16
ORD001062,SKU0020,4,110.4
ORD001062,SKU0030,2,99.06
ORD001063,SKU0037,3,138.78
ORD001063,SKU0018,2,49.06
ORD001063,SKU0005,4,172.08
ORD001064,SKU0024,2,84.14
ORD001064,SKU0001,1,16.74
ORD001065,SKU0029,2,56.84
ORD001066,SKU0025,4,59.32
ORD001067,SKU0005,3,129.06
ORD001068,SKU0000,4,125.28
ORD001069,SKU0014,2,99.88
ORD001070,SKU0031,4,193.92
ORD001070,SKU0008,4,167.16
ORD001071,SKU0012,4,103.56
ORD001071,SKU0011,4,190.8
ORD001072,SKU0016,2,35.32
ORD001072,SKU0039,4,224.56
ORD001073,SKU0029,1,28.42
ORD001073,SKU0000,4,125.28
ORD001073,SKU0008,3,125.37
ORD001074,SKU0024,4,168.28
ORD001074,SKU0038,3,105.69
ORD001074,SKU0004,1,19.58
ORD001075,SKU0021,2,24.58
ORD001076,SKU0038,1,35.23
ORD001076,SKU0000,3,93.96
ORD001076,SKU0032,4,140.12
ORD001077,SKU0023,2,55.34
ORD001077,SKU0035,1,48.85
ORD001077,SKU0037,2,92.52
ORD001078,SKU0031,3,145.44
ORD001078,SKU0029,2,56.84
ORD001078,SKU0005,3,129.06
ORD001079,SKU0016,1,17.66
ORD001080,SKU0031,3,145.44
ORD001081,SKU0016,3,52.98
ORD001081,SKU0033,3,82.17
ORD001082,SKU0031,2,96.96
ORD001082,SKU0035,4,195.4
ORD001083,SKU0003,2,58.98
ORD001084,SKU0016,2,35.32
ORD001084,SKU0029,4,113.68
ORD001085,SKU0028,3,127.44
ORD001086,SKU0031,1,48.48
ORD001086,SKU0009,1,22.21
ORD001087,SKU0018,2,49.06
ORD001088,SKU0036,2,60.38
ORD001088,SKU0037,1,46.26
ORD001089,SKU0026,1,22.39
ORD001090,SKU0006,3,94.83
ORD001090,SKU0001,3,50.22
ORD001090,SKU0007,4,110.08
ORD001091,SKU0009,1,22.21
ORD001091,SKU0005,4,172.08
ORD001092,SKU0017,1,65.75
ORD001092,SKU0021,1,12.29
ORD001092,SKU0039,4,224.56
ORD001093,SKU0013,1,10.46
ORD001094,SKU0004,4,78.32
ORD001095,SKU0011,2,95.4
ORD001095,SKU0025,1,14.83
ORD001096,SKU0024,4,168.28
ORD001097,SKU0019,4,60.48
ORD001098,SKU0038,2,70.46
ORD001098,SKU0022,1,38.63
ORD001098,SKU0023,2,55.34
ORD001099,SKU0030,3,148.59
ORD001099,SKU0036,4,120.76
ORD001100,SKU0039,2,112.28
ORD001100,SKU0027,4,199.68
ORD001101,SKU0021,4,49.16
ORD001101,SKU0014,2,99.88
ORD001101,SKU0031,1,48.48
ORD001102,SKU0005,4,172.08
ORD001102,SKU0019,2,30.24
ORD001103,SKU0033,4,109.56
ORD001104,SKU0035,1,48.85
ORD001105,SKU0032,4,140.12
ORD001106,SKU0036,3,90.57
ORD001106,SKU0022,3,115.89
ORD001107,SKU0001,1,16.74
ORD001107,SKU0029,2,56.84
ORD001107,SKU0011,4,190.8
ORD001108,SKU0019,3,45.36
ORD001108,SKU0037,4,185.04
ORD001109,SKU0011,2,95.4
ORD001109,SKU0011,1,47.7
ORD001110,SKU0006,4,126.44
ORD001110,SKU0034,1,44.19
ORD001110,SKU0000,4,125.28
ORD001111,SKU0030,4,198.12
ORD001112,SKU0039,3,168.42
ORD001112,SKU0025,3,44.49
ORD001113,SKU0000,2,62.64
ORD001114,SKU0012,1,25.89
ORD001114,SKU0013,4,41.84
ORD001114,SKU0009,2,44.42
ORD001115,SKU0005,3,129.06
ORD001116,SKU0027,1,49.92
ORD001116,SKU0007,2,55.04
ORD001117,SKU0030,1,49.53
ORD001117,SKU0028,2,84.96
ORD001118,SKU0025,1,14.83
ORD001118,SKU0021,1,12.29
ORD001118,SKU0006,4,126.44
ORD001119,SKU0037,3,138.78
ORD001119,SKU0002,4,218.2
ORD001119,SKU0025,4,59.32
ORD001120,SKU0003,1,29.49
ORD001121,SKU0035,1,48.85
ORD001121,SKU0017,4,263.0
ORD001122,SKU0039,3,168.42
ORD001122,SKU0028,4,169.92
ORD001123,SKU0012,4,103.56
ORD001123,SKU0022,4,154.52
ORD001124,SKU0037,3,138.78
ORD001125,SKU0018,4,98.12
ORD001126,SKU0010,2,19.5
ORD001126,SKU0018,1,24.53
ORD001127,SKU0012,2,51.78
ORD001128,SKU0026,4,89.56
ORD001129,SKU0035,1,48.85
ORD001130,SKU0022,2,77.26
ORD001130,SKU0011,1,47.7
ORD001131,SKU0007,2,55.04
ORD001131,SKU0007,2,55.04
ORD001132,SKU0022,1,38.63
ORD001132,SKU0035,3,146.55
ORD001133,SKU0006,1,31.61
ORD001133,SKU0028,4,169.92
ORD001133,SKU0007,1,27.52
ORD001134,SKU0002,1,54.55
ORD001134,SKU0010,1,9.75
ORD001134,SKU0013,3,31.38
ORD001135,SKU0028,4,169.92
ORD001135,SKU0006,2,63.22
ORD001135,SKU0023,3,83.01
ORD001136,SKU0028,4,169.92
ORD001137,SKU0021,3,36.87
ORD001137,SKU0032,2,70.06
ORD001138,SKU0026,3,67.17
ORD001138,SKU0015,2,27.44
ORD001139,SKU0008,4,167.16
ORD001140,SKU0033,3,82.17
ORD001140,SKU0001,4,66.96
ORD001141,SKU0033,1,27.39
ORD001141,SKU0005,3,129.06
ORD001141,SKU0020,4,110.4
ORD001142,SKU0025,1,14.83
ORD001143,SKU0033,3,82.17
ORD001144,SKU0035,3,146.55
ORD001144,SKU0020,3,82.8
ORD001144,SKU0000,3,93.96
ORD001145,SKU0025,4,59.32
ORD001145,SKU0013,4,41.84
ORD001145,SKU0022,4,154.52
ORD001146,SKU0002,3,163.65
ORD001147,SKU0034,3,132.57
ORD001147,SKU0013,1,10.46
ORD001147,SKU0032,3,105.09
ORD001148,SKU0010,1,9.75
ORD001148,SKU0001,3,50.22
ORD001148,SKU0015,3,41.16
ORD001149,SKU0003,3,88.47
ORD001150,SKU0007,1,27.52
ORD001150,SKU0007,4,110.08
ORD001151,SKU0000,4,125.28
ORD001151,SKU0021,2,24.58
ORD001151,SKU0037,2,92.52
ORD001152,SKU0036,2,60.38
ORD001152,SKU0024,2,84.14
ORD001153,SKU0037,2,92.52
ORD001153,SKU0023,4,110.68
ORD001153,SKU0006,2,63.22
ORD001154,SKU0005,1,43.02
ORD001155,SKU0013,4,41.84
ORD001155,SKU0004,3,58.74
ORD001156,SKU0035,4,195.4
ORD001156,SKU0016,4,70.64
ORD001156,SKU0027,4,199.68
ORD001157,SKU0009,2,44.42
ORD001158,SKU0032,1,35.03
ORD001159,SKU0002,2,109.1
ORD001159,SKU0035,3,146.55
ORD001160,SKU0007,3,82.56
ORD001161,SKU0033,2,54.78
ORD001162,SKU0023,3,83.01
ORD001162,SKU0018,4,98.12
ORD001163,SKU0037,4,185.04
ORD001164,SKU0013,2,20.92
ORD001164,SKU0031,1,48.48
ORD001165,SKU0004,1,19.58
ORD001165,SKU0026,4,89.56
ORD001166,SKU0028,3,127.44
ORD001166,SKU0024,4,168.28
ORD001166,SKU0038,2,70.46
ORD001167,SKU0029,4,113.68
ORD001167,SKU0028,2,84.96
ORD001167,SKU0020,1,27.6
ORD001168,SKU0014,4,199.76
ORD001168,SKU0021,1,12.29
ORD001169,SKU0005,2,86.04
ORD001169,SKU0001,3,50.22
ORD001169,SKU0035,1,48.85
ORD001170,SKU0039,1,56.14
ORD001171,SKU0030,1,49.53
ORD001172,SKU0001,3,50.22
ORD001173,SKU0037,4,185.04
ORD001173,SKU0005,3,129.06
ORD001173,SKU0025,1,14.83
ORD001174,SKU0027,2,99.84
ORD001174,SKU0026,1,22.39
ORD001175,SKU0016,1,17.66
ORD001175,SKU0007,1,27.52
ORD001176,SKU0009,2,44.42
ORD001176,SKU0016,1,17.66
ORD001177,SKU0010,1,9.75
ORD001177,SKU0039,3,168.42
ORD001178,SKU0003,3,88.47
ORD001178,SKU0024,1,42.07
ORD001178,SKU0020,2,55.2
ORD001179,SKU0024,1,42.07
ORD001179,SKU0003,2,58.98
ORD001180,SKU0032,4,140.12
ORD001180,SKU0007,3,82.56
ORD001181,SKU0035,4,195.4
ORD001181,SKU0004,4,78.32
ORD001182,SKU0014,1,49.94
ORD001182,SKU0017,1,65.75
ORD001182,SKU0015,2,27.44
ORD001183,SKU0028,1,42.48
ORD001183,SKU0032,2,70.06
ORD001184,SKU0010,2,19.5
ORD001184,SKU0034,4,176.76
ORD001184,SKU0035,4,195.4
ORD001185,SKU0039,3,168.42
ORD001185,SKU0010,1,9.75
ORD001186,SKU0038,3,105.69
ORD001186,SKU0024,3,126.21
ORD001187,SKU0018,1,24.53
ORD001187,SKU0010,1,9.75
ORD001187,SKU0019,1,15.12
ORD001188,SKU0035,3,146.55
ORD001189,SKU0032,3,105.09
ORD001189,SKU0021,3,36.87
ORD001189,SKU0028,3,127.44
ORD001190,SKU0013,4,41.84
ORD001190,SKU0038,3,105.69
ORD001191,SKU0000,4,125.28
ORD001191,SKU0000,1,31.32
ORD001191,SKU0011,4,190.8
ORD001192,SKU0034,1,44.19
ORD001192,SKU0004,1,19.58
ORD001193,SKU0024,3,126.21
ORD001193,SKU0024,2,84.14
ORD001194,SKU0023,2,55.34
ORD001194,SKU0028,1,42.48
ORD001195,SKU0022,2,77.26
ORD001195,SKU0005,3,129.06
ORD001196,SKU0023,1,27.67
ORD001196,SKU0017,4,263.0
ORD001197,SKU0012,4,103.56
ORD001198,SKU0032,4,140.12
ORD001198,SKU0010,2,19.5
ORD001198,SKU0036,2,60.38
ORD001199,SKU0004,2,39.16
ORD001199,SKU0016,2,35.32
ORD001199,SKU0033,3,82.17
ORD001200,SKU0034,3,132.57
ORD001200,SKU0035,4,195.4
ORD001200,SKU0000,4,125.28
ORD001201,SKU0026,3,67.17
ORD001201,SKU0007,4,110.08
ORD001202,SKU0002,2,109.1
ORD001202,SKU0003,3,88.47
ORD001202,SKU0026,4,89.56
ORD001203,SKU0012,3,77.67
ORD001203,SKU0005,1,43.02
ORD001204,SKU0015,2,27.44
ORD001205,SKU0004,1,19.58
ORD001205,SKU0001,4,66.96
ORD001206,SKU0021,3,36.87
ORD001206,SKU0015,1,13.72
ORD001206,SKU0030,2,99.06
ORD001207,SKU0033,2,54.78
ORD001207,SKU0004,4,78.32
ORD001208,SKU0007,1,27.52
ORD001208,SKU0003,1,29.49
ORD001208,SKU0024,3,126.21
ORD001209,SKU0028,1,42.48
ORD001210,SKU0006,1,31.61
ORD001211,SKU0024,4,168.28
ORD001211,SKU0006,4,126.44
ORD001212,SKU0024,4,168.28
ORD001212,SKU0027,1,49.92
ORD001213,SKU0033,3,82.17
ORD001213,SKU0037,2,92.52
ORD001214,SKU0038,1,35.23
ORD001215,SKU0008,3,125.37
ORD001215,SKU0022,4,154.52
ORD001215,SKU0030,4,198.12
ORD001216,SKU0002,1,54.55
ORD001217,SKU0027,3,149.76
ORD001217,SKU0019,2,30.24
ORD001217,SKU0009,4,88.84
ORD001218,SKU0023,1,27.67
ORD001218,SKU0033,2,54.78
ORD001219,SKU0035,1,48.85
ORD001219,SKU0027,3,149.76
ORD001219,SKU0012,2,51.78
ORD001220,SKU0012,4,103.56
ORD001220,SKU0029,3,85.26
ORD001221,SKU0039,3,168.42
ORD001221,SKU0026,3,67.17
ORD001222,SKU0002,4,218.2
ORD001222,SKU0014,1,49.94
ORD001223,SKU0039,2,112.28
ORD001223,SKU0015,4,54.88
ORD001224,SKU0025,2,29.66
ORD001225,SKU0004,3,58.74
ORD001226,SKU0009,3,66.63
ORD001227,SKU0037,3,138.78
ORD001227,SKU0002,1,54.55
ORD001227,SKU0012,2,51.78
ORD001228,SKU0016,2,35.32
ORD001229,SKU0011,2,95.4
ORD001230,SKU0006,1,31.61
ORD001230,SKU0008,4,167.16
ORD001231,SKU0019,4,60.48
ORD001232,SKU0010,4,39.0
ORD001232,SKU0004,1,19.58
ORD001233,SKU0012,4,103.56
ORD001234,SKU0027,2,99.84
ORD001234,SKU0002,2,109.1
ORD001234,SKU0034,3,132.57
ORD001235,SKU0003,3,88.47
ORD001236,SKU0031,2,96.96
ORD001236,SKU0005,4,172.08
ORD001236,SKU0039,1,56.14
ORD001237,SKU0032,3,105.09
ORD001237,SKU0031,4,193.92
ORD001238,SKU0023,4,110.68
ORD001238,SKU0031,4,193.92
ORD001238,SKU0017,4,263.0
ORD001239,SKU0014,2,99.88
ORD001240,SKU0013,3,31.38
ORD001240,SKU0027,4,199.68
ORD001241,SKU0016,1,17.66
ORD001241,SKU0008,1,41.79
ORD001242,SKU0022,2,77.26
ORD001242,SKU0037,1,46.26
ORD001242,SKU0029,3,85.26
ORD001243,SKU0027,4,199.68
ORD001243,SKU0023,4,110.68
ORD001244,SKU0001,2,33.48
ORD001244,SKU0028,2,84.96
ORD001245,SKU0005,3,129.06
ORD001245,SKU0032,1,35.03
ORD001246,SKU0007,1,27.52
ORD001247,SKU0012,3,77.67
ORD001247,SKU0012,3,77.67
ORD001247,SKU0016,3,52.98
ORD001248,SKU0038,2,70.46
ORD001248,SKU0034,3,132.57
ORD001248,SKU0000,3,93.96
ORD001249,SKU0025,1,14.83
ORD001249,SKU0030,2,99.06
ORD001250,SKU0013,4,41.84
ORD001251,SKU0035,4,195.4
ORD001251,SKU0029,3,85.26
ORD001251,SKU0005,3,129.06
ORD001252,SKU0026,2,44.78
ORD001252,SKU0028,4,169.92
ORD001252,SKU0035,1,48.85
ORD001253,SKU0008,3,125.37
ORD001253,SKU0000,4,125.28
ORD001253,SKU0022,3,115.89
ORD001254,SKU0025,3,44.49
ORD001254,SKU0020,1,27.6
ORD001255,SKU0009,3,66.63
ORD001256,SKU0024,2,84.14
ORD001256,SKU0025,1,14.83
ORD001257,SKU0030,1,49.53
ORD001258,SKU0019,1,15.12
ORD001258,SKU0010,1,9.75
ORD001259,SKU0038,4,140.92
ORD001260,SKU0004,4,78.32
ORD001261,SKU0018,1,24.53
ORD001262,SKU0033,1,27.39
ORD001262,SKU0010,3,29.25
ORD001263,SKU0007,2,55.04
ORD001264,SKU0004,4,78.32
ORD001264,SKU0013,2,20.92
ORD001265,SKU0030,2,99.06
ORD001265,SKU0038,3,105.69
ORD001266,SKU0029,3,85.26
ORD001266,SKU0012,1,25.89
ORD001266,SKU0009,4,88.84
ORD001267,SKU0015,3,41.16
ORD001267,SKU0036,4,120.76
ORD001267,SKU0029,4,113.68
ORD001268,SKU0005,3,129.06
ORD001268,SKU0029,3,85.26
ORD001268,SKU0019,4,60.48
ORD001269,SKU0015,2,27.44
ORD001269,SKU0039,4,224.56
ORD001270,SKU0011,1,47.7
ORD001270,SKU0025,1,14.83
ORD001270,SKU0015,2,27.44
ORD001271,SKU0004,2,39.16
ORD001271,SKU0031,4,193.92
ORD001272,SKU0004,1,19.58
ORD001272,SKU0032,3,105.09
ORD001273,SKU0016,2,35.32
ORD001274,SKU0001,1,16.74
ORD001274,SKU0029,4,113.68
ORD001275,SKU0025,1,14.83
ORD001276,SKU0008,3,125.37
ORD001277,SKU0004,1,19.58
ORD001277,SKU0035,2,97.7
ORD001278,SKU0017,2,131.5
ORD001278,SKU0010,1,9.75
ORD001279,SKU0018,1,24.53
ORD001280,SKU0004,1,19.58
ORD001281,SKU0022,2,77.26
ORD001281,SKU0013,1,10.46
ORD001282,SKU0003,1,29.49
ORD001282,SKU0024,3,126.21
ORD001283,SKU0000,1,31.32
ORD001283,SKU0024,2,84.14
ORD001283,SKU0015,3,41.16
ORD001284,SKU0001,4,66.96
ORD001285,SKU0012,1,25.89
ORD001285,SKU0014,1,49.94
ORD001286,SKU0026,1,22.39
ORD001287,SKU0012,2,51.78
ORD001287,SKU0034,4,176.76
ORD001287,SKU0027,1,49.92
ORD001288,SKU0022,3,115.89
ORD001289,SKU0020,1,27.6
ORD001289,SKU0024,2,84.14
ORD001290,SKU0017,3,197.25
ORD001291,SKU0026,3,67.17
ORD001292,SKU0034,2,88.38
ORD001293,SKU0020,4,110.4
ORD001293,SKU0008,3,125.37
ORD001293,SKU0011,3,143.1
ORD001294,SKU0001,4,66.96
ORD001294,SKU0024,2,84.14
ORD001295,SKU0001,1,16.74
ORD001296,SKU0027,2,99.84
ORD001296,SKU0039,1,56.14
ORD001296,SKU0003,2,58.98
ORD001297,SKU0012,2,51.78
ORD001297,SKU0024,2,84.14
ORD001298,SKU0038,4,140.92
ORD001298,SKU0021,2,24.58
ORD001298,SKU0017,3,197.25
ORD001299,SKU0018,1,24.53
ORD001299,SKU0014,3,149.82
ORD001300,SKU0034,1,44.19
ORD001301,SKU0024,3,126.21
ORD001301,SKU0011,4,190.8
ORD001301,SKU0000,1,31.32
ORD001302,SKU0003,2,58.98
ORD001303,SKU0011,2,95.4
ORD001304,SKU0027,4,199.68
ORD001305,SKU0012,2,51.78
ORD001305,SKU0027,2,99.84
ORD001305,SKU0038,2,70.46
ORD001306,SKU0028,2,84.96
ORD001306,SKU0017,4,263.0
ORD001306,SKU0005,3,129.06
ORD001307,SKU0030,4,198.12
ORD001308,SKU0027,2,99.84
ORD001308,SKU0030,1,49.53
ORD001308,SKU0024,4,168.28
ORD001309,SKU0034,2,88.38
ORD001309,SKU0035,2,97.7
ORD001309,SKU0016,4,70.64
ORD001310,SKU0018,4,98.12
ORD001310,SKU0035,4,195.4
ORD001311,SKU0030,2,99.06
ORD001312,SKU0000,3,93.96
ORD001313,SKU0025,3,44.49
ORD001313,SKU0024,4,168.28
ORD001314,SKU0002,1,54.55
ORD001314,SKU0024,2,84.14
ORD001315,SKU0022,4,154.52
ORD001315,SKU0023,1,27.67
ORD001316,SKU0015,2,27.44
ORD001316,SKU0030,1,49.53
ORD001316,SKU0023,1,27.67
ORD001317,SKU0029,2,56.84
ORD001317,SKU0016,2,35.32
ORD001317,SKU0038,2,70.46
ORD001318,SKU0024,4,168.28
ORD001319,SKU0012,4,103.56
ORD001319,SKU0010,4,39.0
ORD001319,SKU0016,3,52.98
ORD001320,SKU0024,3,126.21
ORD001320,SKU0026,1,22.39
ORD001320,SKU0006,3,94.83
ORD001321,SKU0013,4,41.84
ORD001321,SKU0019,1,15.12
ORD001321,SKU0010,4,39.0
ORD001322,SKU0026,4,89.56
ORD001323,SKU0011,3,143.1
ORD001324,SKU0031,2,96.96
ORD001325,SKU0036,2,60.38
ORD001325,SKU0011,2,95.4
ORD001326,SKU0016,4,70.64
ORD001327,SKU0010,1,9.75
ORD001327,SKU0018,1,24.53
ORD001327,SKU0024,1,42.07
ORD001328,SKU0001,2,33.48
ORD001328,SKU0030,4,198.12
ORD001329,SKU0017,1,65.75
ORD001330,SKU0013,1,10.46
ORD001331,SKU0031,4,193.92
ORD001331,SKU0021,4,49.16
ORD001332,SKU0021,3,36.87
ORD001332,SKU0015,3,41.16
ORD001332,SKU0025,4,59.32
ORD001333,SKU0021,1,12.29
ORD001333,SKU0000,4,125.28
ORD001334,SKU0038,1,35.23
ORD001335,SKU0015,3,41.16
ORD001335,SKU0028,4,169.92
ORD001335,SKU0032,4,140.12
ORD001336,SKU0020,1,27.6
ORD001336,SKU0023,1,27.67
ORD001336,SKU0020,4,110.4
ORD001337,SKU0039,1,56.14
ORD001337,SKU0022,4,154.52
ORD001338,SKU0024,3,126.21
ORD001338,SKU0038,2,70.46
ORD001338,SKU0009,1,22.21
ORD001339,SKU0019,4,60.48
ORD001340,SKU0030,2,99.06
ORD001341,SKU0005,1,43.02
ORD001342,SKU0020,4,110.4
ORD001343,SKU0016,4,70.64
ORD001343,SKU0007,2,55.04
ORD001343,SKU0034,4,176.76
ORD001344,SKU0036,1,30.19
ORD001345,SKU0024,4,168.28
ORD001345,SKU0014,2,99.88
ORD001345,SKU0016,1,17.66
ORD001346,SKU0005,3,129.06
ORD001347,SKU0007,3,82.56
ORD001347,SKU0008,3,125.37
ORD001347,SKU0024,1,42.07
ORD001348,SKU0034,2,88.38
ORD001348,SKU0024,4,168.28
ORD001348,SKU0020,3,82.8
ORD001349,SKU0038,2,70.46
ORD001349,SKU0006,4,126.44
ORD001349,SKU0000,4,125.28
ORD001350,SKU0014,4,199.76
ORD001350,SKU0029,2,56.84
ORD001351,SKU0002,3,163.65
ORD001352,SKU0007,3,82.56
ORD001352,SKU0036,4,120.76
ORD001352,SKU0013,4,41.84
ORD001353,SKU0021,2,24.58
ORD001354,SKU0003,2,58.98
ORD001354,SKU0031,4,193.92
ORD001354,SKU0019,2,30.24
ORD001355,SKU0021,4,49.16
ORD001355,SKU0030,3,148.59
ORD001356,SKU0033,3,82.17
ORD001357,SKU0035,4,195.4
ORD001357,SKU0006,2,63.22
ORD001357,SKU0020,1,27.6
ORD001358,SKU0010,2,19.5
ORD001358,SKU0028,4,169.92
ORD001358,SKU0018,2,49.06
ORD001359,SKU0012,1,25.89
ORD001359,SKU0023,1,27.67
ORD001359,SKU0009,4,88.84
ORD001360,SKU0006,3,94.83
ORD001361,SKU0007,3,82.56
ORD001362,SKU0025,2,29.66
ORD001363,SKU0025,4,59.32
ORD001364,SKU0024,1,42.07
ORD001364,SKU0029,4,113.68
ORD001364,SKU0017,4,263.0
ORD001365,SKU0007,1,27.52
ORD001366,SKU0032,2,70.06
ORD001366,SKU0001,4,66.96
ORD001366,SKU0017,1,65.75
ORD001367,SKU0030,4,198.12
ORD001367,SKU0019,2,30.24
ORD001368,SKU0034,2,88.38
ORD001369,SKU0035,4,195.4
ORD001369,SKU0004,1,19.58
ORD001370,SKU0038,2,70.46
ORD001371,SKU0020,1,27.6
ORD001371,SKU0002,2,109.1
ORD001372,SKU0010,1,9.75
ORD001372,SKU0035,3,146.55
ORD001372,SKU0002,1,54.55
ORD001373,SKU0023,2,55.34
ORD001373,SKU0027,1,49.92
ORD001374,SKU0033,3,82.17
ORD001375,SKU0036,4,120.76
ORD001376,SKU0038,2,70.46
ORD001376,SKU0006,1,31.61
ORD001377,SKU0009,3,66.63
ORD001378,SKU0035,2,97.7
ORD001378,SKU0037,3,138.78
ORD001378,SKU0017,2,131.5
ORD001379,SKU0035,3,146.55
ORD001380,SKU0010,4,39.0
ORD001380,SKU0029,1,28.42
ORD001380,SKU0016,4,70.64
ORD001381,SKU0004,3,58.74
ORD001382,SKU0032,2,70.06
ORD001382,SKU0026,2,44.78
ORD001382,SKU0020,4,110.4
ORD001383,SKU0015,1,13.72
ORD001383,SKU0017,1,65.75
ORD001383,SKU0034,1,44.19
ORD001384,SKU0021,1,12.29
ORD001385,SKU0009,2,44.42
ORD001385,SKU0017,1,65.75
ORD001386,SKU0024,1,42.07
ORD001387,SKU0019,4,60.48
ORD001387,SKU0006,3,94.83
ORD001387,SKU0036,3,90.57
ORD001388,SKU0006,1,31.61
ORD001388,SKU0010,3,29.25
ORD001388,SKU0024,2,84.14
ORD001389,SKU0038,4,140.92
ORD001389,SKU0030,2,99.06
ORD001389,SKU0016,1,17.66
ORD001390,SKU0008,2,83.58
ORD001390,SKU0024,3,126.21
ORD001390,SKU0003,3,88.47
ORD001391,SKU0029,2,56.84
ORD001391,SKU0028,3,127.44
ORD001391,SKU0029,3,85.26
ORD001392,SKU0014,3,149.82
ORD001392,SKU0005,3,129.06
ORD001392,SKU0026,3,67.17
ORD001393,SKU0015,1,13.72
ORD001394,SKU0005,3,129.06
ORD001395,SKU0027,2,99.84
ORD001396,SKU0034,1,44.19
ORD001396,SKU0025,1,14.83
ORD001396,SKU0039,2,112.28
ORD001397,SKU0034,3,132.57
ORD001397,SKU0015,1,13.72
ORD001397,SKU0038,4,140.92
ORD001398,SKU0011,1,47.7
ORD001399,SKU0022,1,38.63
ORD001399,SKU0027,4,199.68
ORD001399,SKU0024,2,84.14
ORD001400,SKU0015,1,13.72
ORD001400,SKU0018,3,73.59
ORD001401,SKU0013,1,10.46
ORD001401,SKU0036,4,120.76
ORD001402,SKU0032,1,35.03
ORD001402,SKU0029,4,113.68
ORD001402,SKU0003,3,88.47
ORD001403,SKU0019,3,45.36
ORD001403,SKU0006,1,31.61
ORD001404,SKU0022,1,38.63
ORD001404,SKU0006,4,126.44
ORD001405,SKU0033,2,54.78
ORD001406,SKU0000,2,62.64
ORD001406,SKU0016,2,35.32
ORD001407,SKU0019,3,45.36
ORD001407,SKU0027,2,99.84
ORD001408,SKU0028,4,169.92
ORD001409,SKU0027,1,49.92
ORD001409,SKU0022,2,77.26
ORD001410,SKU0002,2,109.1
ORD001410,SKU0025,4,59.32
ORD001411,SKU0012,4,103.56
ORD001412,SKU0031,4,193.92
ORD001412,SKU0008,3,125.37
ORD001413,SKU0024,2,84.14
ORD001413,SKU0007,1,27.52
ORD001413,SKU0001,2,33.48
ORD001414,SKU0000,2,62.64
ORD001414,SKU0003,3,88.47
ORD001414,SKU0027,1,49.92
ORD001415,SKU0018,4,98.12
ORD001415,SKU0005,4,172.08
ORD001416,SKU0032,2,70.06
ORD001416,SKU0015,3,41.16
ORD001416,SKU0007,3,82.56
ORD001417,SKU0030,1,49.53
ORD001418,SKU0037,2,92.52
ORD001419,SKU0025,1,14.83
ORD001420,SKU0027,1,49.92
ORD001421,SKU0003,4,117.96
ORD001422,SKU0014,2,99.88
ORD001422,SKU0021,4,49.16
ORD001423,SKU0027,1,49.92
ORD001423,SKU0019,1,15.12
ORD001423,SKU0017,3,197.25
ORD001424,SKU0026,2,44.78
ORD001424,SKU0020,1,27.6
ORD001424,SKU0011,1,47.7
ORD001425,SKU0020,2,55.2
ORD001425,SKU0018,4,98.12
ORD001425,SKU0017,1,65.75
ORD001426,SKU0031,3,145.44
ORD001426,SKU0021,3,36.87
ORD001427,SKU0000,2,62.64
ORD001427,SKU0021,3,36.87
ORD001427,SKU0023,3,83.01
ORD001428,SKU0037,4,185.04
ORD001429,SKU0038,1,35.23
ORD001430,SKU0028,1,42.48
ORD001431,SKU0021,3,36.87
ORD001431,SKU0030,2,99.06
ORD001431,SKU0034,2,88.38
ORD001432,SKU0026,3,67.17
ORD001433,SKU0028,1,42.48
ORD001433,SKU0027,1,49.92
ORD001434,SKU0032,1,35.03
ORD001434,SKU0010,3,29.25
ORD001434,SKU0008,3,125.37
ORD001435,SKU0012,4,103.56
ORD001436,SKU0004,2,39.16
ORD001436,SKU0028,4,169.92
ORD001436,SKU0035,4,195.4
ORD001437,SKU0011,1,47.7
ORD001438,SKU0037,1,46.26
ORD001439,SKU0033,3,82.17
ORD001439,SKU0019,2,30.24
ORD001439,SKU0018,3,73.59
ORD001440,SKU0014,1,49.94
ORD001441,SKU0002,2,109.1
ORD001441,SKU0017,2,131.5
ORD001442,SKU0015,2,27.44
ORD001442,SKU0034,1,44.19
ORD001442,SKU0000,3,93.96
ORD001443,SKU0005,3,129.06
ORD001443,SKU0008,4,167.16
ORD001444,SKU0003,1,29.49
ORD001444,SKU0022,2,77.26
ORD001445,SKU0001,1,16.74
ORD001445,SKU0024,3,126.21
ORD001446,SKU0028,2,84.96
ORD001447,SKU0037,4,185.04
ORD001448,SKU0027,3,149.76
ORD001449,SKU0031,2,96.96
ORD001450,SKU0012,4,103.56
ORD001451,SKU0019,2,30.24
ORD001452,SKU0038,2,70.46
ORD001452,SKU0004,2,39.16
ORD001452,SKU0004,4,78.32
ORD001453,SKU0025,1,14.83
ORD001453,SKU0033,2,54.78
ORD001453,SKU0000,1,31.32
ORD001454,SKU0007,1,27.52
ORD001455,SKU0005,3,129.06
ORD001456,SKU0006,3,94.83
ORD001457,SKU0030,4,198.12
ORD001458,SKU0030,2,99.06
ORD001458,SKU0015,1,13.72
ORD001459,SKU0034,1,44.19
ORD001459,SKU0001,1,16.74
ORD001459,SKU0006,3,94.83
ORD001460,SKU0009,1,22.21
ORD001460,SKU0014,1,49.94
ORD001461,SKU0009,3,66.63
ORD001461,SKU0018,2,49.06
ORD001462,SKU0010,1,9.75
ORD001462,SKU0014,1,49.94
ORD001463,SKU0039,3,168.42
ORD001464,SKU0002,2,109.1
ORD001465,SKU0021,2,24.58
ORD001465,SKU0027,2,99.84
ORD001465,SKU0019,3,45.36
ORD001466,SKU0031,3,145.44
ORD001466,SKU0016,1,17.66
ORD001467,SKU0009,3,66.63
ORD001467,SKU0009,4,88.84
ORD001467,SKU0028,4,169.92
ORD001468,SKU0027,3,149.76
ORD001468,SKU0009,1,22.21
ORD001468,SKU0020,2,55.2
ORD001469,SKU0020,4,110.4
ORD001469,SKU0027,4,199.68
ORD001470,SKU0015,4,54.88
ORD001471,SKU0034,4,176.76
ORD001471,SKU0034,2,88.38
ORD001472,SKU0026,2,44.78
ORD001472,SKU0005,2,86.04
ORD001472,SKU0023,1,27.67
ORD001473,SKU0035,4,195.4
ORD001473,SKU0008,1,41.79
ORD001474,SKU0008,3,125.37
ORD001474,SKU0029,2,56.84
ORD001475,SKU0013,2,20.92
ORD001476,SKU0009,4,88.84
ORD001477,SKU0003,1,29.49
ORD001477,SKU0037,1,46.26
ORD001478,SKU0009,3,66.63
ORD001479,SKU0004,1,19.58
ORD001480,SKU0011,4,190.8
ORD001481,SKU0019,4,60.48
ORD001481,SKU0026,3,67.17
ORD001481,SKU0028,1,42.48
ORD001482,SKU0003,1,29.49
ORD001483,SKU0010,1,9.75
ORD001483,SKU0025,4,59.32
ORD001483,SKU0029,3,85.26
ORD001484,SKU0014,4,199.76
ORD001484,SKU0010,3,29.25
ORD001485,SKU0008,2,83.58
ORD001485,SKU0025,1,14.83
ORD001486,SKU0035,1,48.85
ORD001487,SKU0025,4,59.32
ORD001487,SKU0010,1,9.75
ORD001488,SKU0017,1,65.75
ORD001489,SKU0038,3,105.69
ORD001489,SKU0001,2,33.48
ORD001490,SKU0006,1,31.61
ORD001490,SKU0013,1,10.46
ORD001490,SKU0019,2,30.24
ORD001491,SKU0002,2,109.1
ORD001491,SKU0017,1,65.75
ORD001491,SKU0036,1,30.19
ORD001492,SKU0003,3,88.47
ORD001493,SKU0022,3,115.89
ORD001494,SKU0020,4,110.4
ORD001495,SKU0006,3,94.83
ORD001495,SKU0026,1,22.39
ORD001495,SKU0032,2,70.06
ORD001496,SKU0037,1,46.26
ORD001496,SKU0018,2,49.06
ORD001497,SKU0005,2,86.04
ORD001498,SKU0010,3,29.25
ORD001498,SKU0028,2,84.96
ORD001498,SKU0021,3,36.87
ORD001499,SKU0024,2,84.14
ORD001500,SKU0036,4,120.76
ORD001501,SKU0019,1,15.12
ORD001502,SKU0020,2,55.2
ORD001502,SKU0018,2,49.06
ORD001503,SKU0023,3,83.01
ORD001503,SKU0005,1,43.02
ORD001503,SKU0011,4,190.8
ORD001504,SKU0028,2,84.96
ORD001504,SKU0007,4,110.08
ORD001505,SKU0025,4,59.32
ORD001505,SKU0039,2,112.28
ORD001506,SKU0039,3,168.42
ORD001506,SKU0023,1,27.67
ORD001506,SKU0026,4,89.56
ORD001507,SKU0003,2,58.98
ORD001507,SKU0035,1,48.85
ORD001507,SKU0009,1,22.21
ORD001508,SKU0036,4,120.76
ORD001509,SKU0029,1,28.42
ORD001509,SKU0022,4,154.52
ORD001510,SKU0006,1,31.61
ORD001510,SKU0011,1,47.7
ORD001511,SKU0025,3,44.49
ORD001512,SKU0038,4,140.92
ORD001512,SKU0013,4,41.84
ORD001513,SKU0002,2,109.1
ORD001513,SKU0030,2,99.06
ORD001514,SKU0002,4,218.2
ORD001514,SKU0003,3,88.47
ORD001514,SKU0027,4,199.68
ORD001515,SKU0001,4,66.96
ORD001516,SKU0011,1,47.7
ORD001516,SKU0009,1,22.21
ORD001516,SKU0017,4,263.0
ORD001517,SKU0028,4,169.92
ORD001517,SKU0033,2,54.78
ORD001517,SKU0016,2,35.32
ORD001518,SKU0021,3,36.87
ORD001518,SKU0010,2,19.5
ORD001519,SKU0030,2,99.06
ORD001519,SKU0027,3,149.76
ORD001520,SKU0035,2,97.7
ORD001521,SKU0009,3,66.63
ORD001521,SKU0020,1,27.6
ORD001521,SKU0009,4,88.84
ORD001522,SKU0007,4,110.08
ORD001522,SKU0016,1,17.66
ORD001523,SKU0028,1,42.48
ORD001523,SKU0002,2,109.1
ORD001523,SKU0012,4,103.56
ORD001524,SKU0024,2,84.14
ORD001524,SKU0022,2,77.26
ORD001524,SKU0012,1,25.89
ORD001525,SKU0019,3,45.36
ORD001526,SKU0031,4,193.92
ORD001526,SKU0026,4,89.56
ORD001526,SKU0022,3,115.89
ORD001527,SKU0021,1,12.29
ORD001527,SKU0011,4,190.8
ORD001527,SKU0027,3,149.76
ORD001528,SKU0010,4,39.0
ORD001528,SKU0024,3,126.21
ORD001528,SKU0027,3,149.76
ORD001529,SKU0006,1,31.61
ORD001530,SKU0031,1,48.48
ORD001531,SKU0002,3,163.65
ORD001531,SKU0026,2,44.78
ORD001531,SKU0014,4,199.76
ORD001532,SKU0012,4,103.56
ORD001533,SKU0026,4,89.56
ORD001533,SKU0000,3,93.96
ORD001534,SKU0017,3,197.25
ORD001534,SKU0019,4,60.48
ORD001535,SKU0002,1,54.55
ORD001535,SKU0001,2,33.48
ORD001536,SKU0038,3,105.69
ORD001536,SKU0021,2,24.58
ORD001536,SKU0036,4,120.76
ORD001537,SKU0012,4,103.56
ORD001537,SKU0003,4,117.96
ORD001538,SKU0011,4,190.8
ORD001538,SKU0020,2,55.2
ORD001538,SKU0027,2,99.84
ORD001539,SKU0007,4,110.08
ORD001539,SKU0016,2,35.32
ORD001539,SKU0020,2,55.2
ORD001540,SKU0027,1,49.92
ORD001541,SKU0039,1,56.14
ORD001542,SKU0008,4,167.16
ORD001543,SKU0014,3,149.82
ORD001544,SKU0024,3,126.21
ORD001545,SKU0009,1,22.21
ORD001546,SKU0029,1,28.42
ORD001547,SKU0016,2,35.32
ORD001547,SKU0005,1,43.02
ORD001548,SKU0025,1,14.83
ORD001549,SKU0004,4,78.32
ORD001549,SKU0004,2,39.16
ORD001550,SKU0028,2,84.96
ORD001550,SKU0011,3,143.1
ORD001551,SKU0036,1,30.19
ORD001551,SKU0007,3,82.56
ORD001551,SKU0022,4,154.52
ORD001552,SKU0010,3,29.25
ORD001553,SKU0001,1,16.74
ORD001553,SKU0033,2,54.78
ORD001553,SKU0013,3,31.38
ORD001554,SKU0020,2,55.2
ORD001555,SKU0008,3,125.37
ORD001555,SKU0017,4,263.0
ORD001555,SKU0012,1,25.89
ORD001556,SKU0018,4,98.12
ORD001556,SKU0031,4,193.92
ORD001556,SKU0032,4,140.12
ORD001557,SKU0012,3,77.67
ORD001558,SKU0037,3,138.78
ORD001558,SKU0010,2,19.5
ORD001558,SKU0031,4,193.92
ORD001559,SKU0017,3,197.25
ORD001559,SKU0039,1,56.14
ORD001559,SKU0038,4,140.92
ORD001560,SKU0022,3,115.89
ORD001560,SKU0004,4,78.32
ORD001560,SKU0010,1,9.75
ORD001561,SKU0026,3,67.17
ORD001561,SKU0038,3,105.69
ORD001561,SKU0025,1,14.83
ORD001562,SKU0027,2,99.84
ORD001562,SKU0022,2,77.26
ORD001563,SKU0023,3,83.01
ORD001563,SKU0009,3,66.63
ORD001563,SKU0007,1,27.52
ORD001564,SKU0021,2,24.58
ORD001564,SKU0029,3,85.26
ORD001564,SKU0014,1,49.94
ORD001565,SKU0013,2,20.92
ORD001565,SKU0006,3,94.83
ORD001565,SKU0038,1,35.23
ORD001566,SKU0027,3,149.76
ORD001566,SKU0020,2,55.2
ORD001566,SKU0012,1,25.89
ORD001567,SKU0017,4,263.0
ORD001568,SKU0010,3,29.25
ORD001568,SKU0037,4,185.04
ORD001569,SKU0018,1,24.53
ORD001570,SKU0018,2,49.06
ORD001570,SKU0025,1,14.83
ORD001571,SKU0021,1,12.29
ORD001572,SKU0026,3,67.17
ORD001573,SKU0025,1,14.83
ORD001573,SKU0035,3,146.55
ORD001574,SKU0019,4,60.48
ORD001574,SKU0031,1,48.48
ORD001575,SKU0014,1,49.94
ORD001576,SKU0020,4,110.4
ORD001577,SKU0012,3,77.67
ORD001578,SKU0003,3,88.47
ORD001578,SKU0002,1,54.55
ORD001578,SKU0003,3,88.47
ORD001579,SKU0039,4,224.56
ORD001579,SKU0017,2,131.5
ORD001580,SKU0007,2,55.04
ORD001580,SKU0020,2,55.2
ORD001581,SKU0028,1,42.48
ORD001581,SKU0033,2,54.78
ORD001581,SKU0036,4,120.76
ORD001582,SKU0030,2,99.06
ORD001582,SKU0005,3,129.06
ORD001583,SKU0035,2,97.7
ORD001583,SKU0013,1,10.46
ORD001584,SKU0013,1,10.46
ORD001585,SKU0012,4,103.56
ORD001585,SKU0006,3,94.83
ORD001586,SKU0020,3,82.8
ORD001586,SKU0029,2,56.84
ORD001586,SKU0032,1,35.03
ORD001587,SKU0024,4,168.28
ORD001587,SKU0039,2,112.28
ORD001588,SKU0017,4,263.0
ORD001589,SKU0006,2,63.22
ORD001589,SKU0029,1,28.42
ORD001589,SKU0007,2,55.04
ORD001590,SKU0017,1,65.75
ORD001591,SKU0022,3,115.89
ORD001591,SKU0007,1,27.52
ORD001592,SKU0009,4,88.84
ORD001593,SKU0021,1,12.29
ORD001593,SKU0028,3,127.44
ORD001593,SKU0023,1,27.67
ORD001594,SKU0027,2,99.84
ORD001594,SKU0018,2,49.06
ORD001594,SKU0025,2,29.66
ORD001595,SKU0038,4,140.92
ORD001595,SKU0033,4,109.56
ORD001595,SKU0006,1,31.61
ORD001596,SKU0007,1,27.52
ORD001597,SKU0015,1,13.72
ORD001597,SKU0034,1,44.19
ORD001598,SKU0025,4,59.32
ORD001598,SKU0025,1,14.83
ORD001598,SKU0014,3,149.82
ORD001599,SKU0013,3,31.38
ORD001600,SKU0000,1,31.32
ORD001600,SKU0011,4,190.8
ORD001600,SKU0019,2,30.24
ORD001601,SKU0004,2,39.16
ORD001601,SKU0011,3,143.1
ORD001601,SKU0029,2,56.84
ORD001602,SKU0021,1,12.29
ORD001602,SKU0011,3,143.1
ORD001603,SKU0000,3,93.96
ORD001603,SKU0030,1,49.53
ORD001603,SKU0031,2,96.96
ORD001604,SKU0001,3,50.22
ORD001605,SKU0010,2,19.5
ORD001605,SKU0006,1,31.61
ORD001605,SKU0019,3,45.36
ORD001606,SKU0022,3,115.89
ORD001606,SKU0031,3,145.44
ORD001606,SKU0023,4,110.68
ORD001607,SKU0021,4,49.16
ORD001607,SKU0007,3,82.56
ORD001608,SKU0026,2,44.78
ORD001609,SKU0001,2,33.48
ORD001609,SKU0036,4,120.76
ORD001610,SKU0005,2,86.04
ORD001610,SKU0024,1,42.07
ORD001610,SKU0017,4,263.0
ORD001611,SKU0022,3,115.89
ORD001611,SKU0025,4,59.32
ORD001612,SKU0002,3,163.65
ORD001613,SKU0029,3,85.26
ORD001613,SKU0018,1,24.53
ORD001614,SKU0009,4,88.84
ORD001614,SKU0009,3,66.63
ORD001614,SKU0039,2,112.28
ORD001615,SKU0004,3,58.74
ORD001615,SKU0000,4,125.28
ORD001616,SKU0037,1,46.26
ORD001616,SKU0003,4,117.96
ORD001617,SKU0022,1,38.63
ORD001617,SKU0003,3,88.47
ORD001618,SKU0032,2,70.06
ORD001618,SKU0005,3,129.06
ORD001619,SKU0037,1,46.26
ORD001619,SKU0018,2,49.06
ORD001620,SKU0015,4,54.88
ORD001620,SKU0027,4,199.68
ORD001621,SKU0038,3,105.69
ORD001621,SKU0011,4,190.8
ORD001622,SKU0012,3,77.67
ORD001623,SKU0012,3,77.67
ORD001623,SKU0019,1,15.12
ORD001623,SKU0019,4,60.48
ORD001624,SKU0027,1,49.92
ORD001624,SKU0008,4,167.16
ORD001625,SKU0022,4,154.52
ORD001625,SKU0022,4,154.52
ORD001625,SKU0029,4,113.68
ORD001626,SKU0035,1,48.85
ORD001627,SKU0039,3,168.42
ORD001628,SKU0023,2,55.34
ORD001628,SKU0039,3,168.42
ORD001628,SKU0003,4,117.96
ORD001629,SKU0000,4,125.28
ORD001629,SKU0033,4,109.56
ORD001629,SKU0003,1,29.49
ORD001630,SKU0006,3,94.83
ORD001630,SKU0038,1,35.23
ORD001630,SKU0018,4,98.12
ORD001631,SKU0037,1,46.26
ORD001632,SKU0035,4,195.4
ORD001633,SKU0009,3,66.63
ORD001633,SKU0019,1,15.12
ORD001633,SKU0031,2,96.96
ORD001634,SKU0009,1,22.21
ORD001635,SKU0013,1,10.46
ORD001636,SKU0028,4,169.92
ORD001636,SKU0003,1,29.49
ORD001636,SKU0019,4,60.48
ORD001637,SKU0034,3,132.57
ORD001638,SKU0039,1,56.14
ORD001638,SKU0027,2,99.84
ORD001638,SKU0001,2,33.48
ORD001639,SKU0032,2,70.06
ORD001640,SKU0018,1,24.53
ORD001640,SKU0037,4,185.04
ORD001641,SKU0024,1,42.07
ORD001641,SKU0029,4,113.68
ORD001642,SKU0018,4,98.12
ORD001643,SKU0000,3,93.96
ORD001643,SKU0002,4,218.2
ORD001644,SKU0029,4,113.68
ORD001645,SKU0022,2,77.26
ORD001646,SKU0032,1,35.03
ORD001646,SKU0011,2,95.4
ORD001647,SKU0029,2,56.84
ORD001647,SKU0017,3,197.25
ORD001648,SKU0030,4,198.12
ORD001648,SKU0030,2,99.06
ORD001648,SKU0036,3,90.57
ORD001649,SKU0037,3,138.78
ORD001649,SKU0037,4,185.04
ORD001649,SKU0004,1,19.58
ORD001650,SKU0006,1,31.61
ORD001651,SKU0014,2,99.88
ORD001651,SKU0006,2,63.22
ORD001652,SKU0003,3,88.47
ORD001653,SKU0004,4,78.32
ORD001653,SKU0023,1,27.67
ORD001653,SKU0011,3,143.1
ORD001654,SKU0008,2,83.58
ORD001654,SKU0012,3,77.67
ORD001655,SKU0018,2,49.06
ORD001655,SKU0012,2,51.78
ORD001655,SKU0027,2,99.84
ORD001656,SKU0006,2,63.22
ORD001657,SKU0023,4,110.68
ORD001658,SKU0021,2,24.58
ORD001659,SKU0013,4,41.84
ORD001660,SKU0039,2,112.28
ORD001660,SKU0004,4,78.32
ORD001661,SKU0036,1,30.19
ORD001662,SKU0006,1,31.61
ORD001662,SKU0031,2,96.96
ORD001663,SKU0001,2,33.48
ORD001663,SKU0018,3,73.59
ORD001664,SKU0010,3,29.25
ORD001665,SKU0015,3,41.16
ORD001665,SKU0025,1,14.83
ORD001665,SKU0034,1,44.19
ORD001666,SKU0001,1,16.74
ORD001666,SKU0021,4,49.16
ORD001667,SKU0003,2,58.98
ORD001667,SKU0013,3,31.38
ORD001668,SKU0004,1,19.58
ORD001668,SKU0022,1,38.63
ORD001669,SKU0030,2,99.06
ORD001669,SKU0017,1,65.75
ORD001669,SKU0006,1,31.61
ORD001670,SKU0022,4,154.52
ORD001671,SKU0001,1,16.74
ORD001672,SKU0038,4,140.92
ORD001672,SKU0001,4,66.96
ORD001672,SKU0003,4,117.96
ORD001673,SKU0027,2,99.84
ORD001673,SKU0007,4,110.08
ORD001674,SKU0012,3,77.67
ORD001674,SKU0027,1,49.92
ORD001675,SKU0037,1,46.26
ORD001676,SKU0034,1,44.19
ORD001676,SKU0000,2,62.64
ORD001676,SKU0003,1,29.49
ORD001677,SKU0011,3,143.1
ORD001677,SKU0002,3,163.65
ORD001678,SKU0008,4,167.16
ORD001678,SKU0030,1,49.53
ORD001679,SKU0034,2,88.38
ORD001679,SKU0031,3,145.44
ORD001680,SKU0019,3,45.36
ORD001680,SKU0035,3,146.55
ORD001680,SKU0015,3,41.16
ORD001681,SKU0006,1,31.61
ORD001681,SKU0022,4,154.52
ORD001681,SKU0039,4,224.56
ORD001682,SKU0008,2,83.58
ORD001683,SKU0007,3,82.56
ORD001684,SKU0028,4,169.92
ORD001685,SKU0002,3,163.65
ORD001685,SKU0017,4,263.0
ORD001686,SKU0017,4,263.0
ORD001687,SKU0024,4,168.28
ORD001687,SKU0002,2,109.1
ORD001688,SKU0027,1,49.92
ORD001689,SKU0022,1,38.63
ORD001689,SKU0038,3,105.69
ORD001689,SKU0016,2,35.32
ORD001690,SKU0039,4,224.56
ORD001690,SKU0027,1,49.92
ORD001690,SKU0006,4,126.44
ORD001691,SKU0027,3,149.76
ORD001691,SKU0010,4,39.0
ORD001692,SKU0000,3,93.96
ORD001693,SKU0034,3,132.57
ORD001694,SKU0002,3,163.65
ORD001694,SKU0023,3,83.01
ORD001695,SKU0019,3,45.36
ORD001696,SKU0029,1,28.42
ORD001696,SKU0028,1,42.48
ORD001697,SKU0030,2,99.06
ORD001697,SKU0026,1,22.39
ORD001698,SKU0039,3,168.42
ORD001698,SKU0004,4,78.32
ORD001699,SKU0016,4,70.64
ORD001699,SKU0008,2,83.58
ORD001700,SKU0003,2,58.98
ORD001700,SKU0007,1,27.52
ORD001700,SKU0011,4,190.8
ORD001701,SKU0035,2,97.7
ORD001702,SKU0001,3,50.22
ORD001702,SKU0034,1,44.19
ORD001703,SKU0006,1,31.61
ORD001703,SKU0032,4,140.12
ORD001704,SKU0015,2,27.44
ORD001705,SKU0026,1,22.39
ORD001705,SKU0027,3,149.76
ORD001706,SKU0038,3,105.69
ORD001706,SKU0021,4,49.16
ORD001707,SKU0039,1,56.14
ORD001707,SKU0010,3,29.25
ORD001708,SKU0037,1,46.26
ORD001709,SKU0032,3,105.09
ORD001709,SKU0013,4,41.84
ORD001710,SKU0009,4,88.84
ORD001710,SKU0005,1,43.02
ORD001710,SKU0014,4,199.76
ORD001711,SKU0003,4,117.96
ORD001711,SKU0033,4,109.56
ORD001711,SKU0020,3,82.8
ORD001712,SKU0015,3,41.16
ORD001712,SKU0015,3,41.16
ORD001713,SKU0007,2,55.04
ORD001713,SKU0028,4,169.92
ORD001714,SKU0035,1,48.85
ORD001714,SKU0023,4,110.68
ORD001715,SKU0026,2,44.78
ORD001715,SKU0036,2,60.38
ORD001716,SKU0037,2,92.52
ORD001716,SKU0038,3,105.69
ORD001717,SKU0007,1,27.52
ORD001717,SKU0026,4,89.56
ORD001718,SKU0031,2,96.96
ORD001718,SKU0011,4,190.8
ORD001718,SKU0000,2,62.64
ORD001719,SKU0035,4,195.4
ORD001719,SKU0006,2,63.22
ORD001720,SKU0010,1,9.75
ORD001721,SKU0024,4,168.28
ORD001721,SKU0022,2,77.26
ORD001721,SKU0025,2,29.66
ORD001722,SKU0021,1,12.29
ORD001722,SKU0002,1,54.55
ORD001723,SKU0028,4,169.92
ORD001723,SKU0018,4,98.12
ORD001724,SKU0037,1,46.26
ORD001724,SKU0009,1,22.21
ORD001724,SKU0037,3,138.78
ORD001725,SKU0028,2,84.96
ORD001725,SKU0032,3,105.09
ORD001726,SKU0031,3,145.44
ORD001726,SKU0003,4,117.96
ORD001727,SKU0020,2,55.2
ORD001727,SKU0009,1,22.21
ORD001728,SKU0017,3,197.25
ORD001728,SKU0006,3,94.83
ORD001728,SKU0018,2,49.06
ORD001729,SKU0031,4,193.92
ORD001729,SKU0014,2,99.88
ORD001730,SKU0006,2,63.22
ORD001730,SKU0017,2,131.5
ORD001730,SKU0006,2,63.22
ORD001731,SKU0001,1,16.74
ORD001732,SKU0000,4,125.28
ORD001733,SKU0018,4,98.12
ORD001734,SKU0029,3,85.26
ORD001735,SKU0027,4,199.68
ORD001735,SKU0016,1,17.66
ORD001736,SKU0007,3,82.56
ORD001736,SKU0005,2,86.04
ORD001736,SKU0004,3,58.74
ORD001737,SKU0017,4,263.0
ORD001737,SKU0032,1,35.03
ORD001738,SKU0006,3,94.83
ORD001738,SKU0012,1,25.89
ORD001739,SKU0037,4,185.04
ORD001740,SKU0030,2,99.06
ORD001740,SKU0031,2,96.96
ORD001741,SKU0012,1,25.89
ORD001742,SKU0027,1,49.92
ORD001743,SKU0013,2,20.92
ORD001743,SKU0002,4,218.2
ORD001743,SKU0016,4,70.64
ORD001744,SKU0022,4,154.52
ORD001744,SKU0033,2,54.78
ORD001744,SKU0019,2,30.24
ORD001745,SKU0025,3,44.49
ORD001745,SKU0034,4,176.76
ORD001746,SKU0007,3,82.56
ORD001747,SKU0015,4,54.88
ORD001747,SKU0007,2,55.04
ORD001748,SKU0007,3,82.56
ORD001748,SKU0025,2,29.66
ORD001748,SKU0030,4,198.12
ORD001749,SKU0015,1,13.72
ORD001749,SKU0018,3,73.59
ORD001749,SKU0032,2,70.06
ORD001750,SKU0020,3,82.8
ORD001750,SKU0020,4,110.4
ORD001750,SKU0025,4,59.32
ORD001751,SKU0003,3,88.47
ORD001751,SKU0031,2,96.96
ORD001752,SKU0028,4,169.92
ORD001752,SKU0014,2,99.88
ORD001753,SKU0007,3,82.56
ORD001753,SKU0008,1,41.79
ORD001753,SKU0001,4,66.96
ORD001754,SKU0035,1,48.85
ORD001754,SKU0003,2,58.98
ORD001755,SKU0010,4,39.0
ORD001756,SKU0023,3,83.01
ORD001757,SKU0015,1,13.72
ORD001757,SKU0002,1,54.55
ORD001757,SKU0033,1,27.39
ORD001758,SKU0002,2,109.1
ORD001758,SKU0018,3,73.59
ORD001759,SKU0015,1,13.72
ORD001759,SKU0017,1,65.75
ORD001759,SKU0024,4,168.28
ORD001760,SKU0004,1,19.58
ORD001761,SKU0000,2,62.64
ORD001762,SKU0038,3,105.69
ORD001763,SKU0001,3,50.22
ORD001763,SKU0017,4,263.0
ORD001763,SKU0012,1,25.89
ORD001764,SKU0024,3,126.21
ORD001764,SKU0027,1,49.92
ORD001765,SKU0017,4,263.0
ORD001765,SKU0018,2,49.06
ORD001765,SKU0024,1,42.07
ORD001766,SKU0034,1,44.19
ORD001766,SKU0028,2,84.96
ORD001767,SKU0014,4,199.76
ORD001767,SKU0023,4,110.68
ORD001768,SKU0019,3,45.36
ORD001768,SKU0009,1,22.21
ORD001768,SKU0006,2,63.22
ORD001769,SKU0015,1,13.72
ORD001769,SKU0009,4,88.84
ORD001769,SKU0039,4,224.56
ORD001770,SKU0003,4,117.96
ORD001771,SKU0021,2,24.58
ORD001771,SKU0002,3,163.65
ORD001772,SKU0017,2,131.5
ORD001773,SKU0031,3,145.44
ORD001773,SKU0015,3,41.16
ORD001773,SKU0029,4,113.68
ORD001774,SKU0005,1,43.02
ORD001774,SKU0027,1,49.92
ORD001774,SKU0024,2,84.14
ORD001775,SKU0007,2,55.04
ORD001775,SKU0012,4,103.56
ORD001775,SKU0007,1,27.52
ORD001776,SKU0033,4,109.56
ORD001777,SKU0025,1,14.83
ORD001777,SKU0018,1,24.53
ORD001778,SKU0017,3,197.25
ORD001778,SKU0039,3,168.42
ORD001778,SKU0036,2,60.38
ORD001779,SKU0013,3,31.38
ORD001779,SKU0033,3,82.17
ORD001779,SKU0030,4,198.12
ORD001780,SKU0008,2,83.58
ORD001780,SKU0033,4,109.56
ORD001780,SKU0000,3,93.96
ORD001781,SKU0030,1,49.53
ORD001782,SKU0012,2,51.78
ORD001782,SKU0006,4,126.44
ORD001782,SKU0021,1,12.29
ORD001783,SKU0010,1,9.75
ORD001783,SKU0022,2,77.26
ORD001783,SKU0022,1,38.63
ORD001784,SKU0027,3,149.76
ORD001784,SKU0023,4,110.68
ORD001785,SKU0012,1,25.89
ORD001785,SKU0037,2,92.52
ORD001785,SKU0006,2,63.22
ORD001786,SKU0036,1,30.19
ORD001786,SKU0008,4,167.16
ORD001787,SKU0038,3,105.69
ORD001787,SKU0039,4,224.56
ORD001787,SKU0013,2,20.92
ORD001788,SKU0005,2,86.04
ORD001789,SKU0000,3,93.96
ORD001789,SKU0004,1,19.58
ORD001790,SKU0027,4,199.68
ORD001790,SKU0020,3,82.8
ORD001791,SKU0035,4,195.4
ORD001792,SKU0030,3,148.59
ORD001792,SKU0019,3,45.36
ORD001792,SKU0033,1,27.39
ORD001793,SKU0017,2,131.5
ORD001794,SKU0031,3,145.44
ORD001794,SKU0007,4,110.08
ORD001795,SKU0023,4,110.68
ORD001796,SKU0039,2,112.28
ORD001797,SKU0000,2,62.64
ORD001798,SKU0012,1,25.89
ORD001798,SKU0037,3,138.78
ORD001798,SKU0021,1,12.29
ORD001799,SKU0000,3,93.96
ORD001799,SKU0002,3,163.65
ORD001799,SKU0030,4,198.12
ORD001800,SKU0003,1,29.49
ORD001800,SKU0030,4,198.12
ORD001801,SKU0034,1,44.19
ORD001801,SKU0002,3,163.65
ORD001802,SKU0011,2,95.4
ORD001802,SKU0005,4,172.08
ORD001802,SKU0007,1,27.52
ORD001803,SKU0006,3,94.83
ORD001803,SKU0012,1,25.89
ORD001804,SKU0010,3,29.25
ORD001804,SKU0033,1,27.39
ORD001804,SKU0025,4,59.32
ORD001805,SKU0032,2,70.06
ORD001806,SKU0028,1,42.48
ORD001807,SKU0032,4,140.12
ORD001807,SKU0011,1,47.7
ORD001807,SKU0019,3,45.36
ORD001808,SKU0021,4,49.16
ORD001809,SKU0029,1,28.42
ORD001809,SKU0007,1,27.52
ORD001809,SKU0011,1,47.7
ORD001810,SKU0001,2,33.48
ORD001810,SKU0000,2,62.64
ORD001810,SKU0023,4,110.68
ORD001811,SKU0012,2,51.78
ORD001811,SKU0019,1,15.12
ORD001812,SKU0017,2,131.5
ORD001813,SKU0014,2,99.88
ORD001813,SKU0017,2,131.5
ORD001814,SKU0028,3,127.44
ORD001814,SKU0005,4,172.08
ORD001815,SKU0022,4,154.52
ORD001815,SKU0010,1,9.75
ORD001816,SKU0034,2,88.38
ORD001817,SKU0018,2,49.06
ORD001817,SKU0021,3,36.87
ORD001817,SKU0005,2,86.04
ORD001818,SKU0016,1,17.66
ORD001818,SKU0007,2,55.04
ORD001819,SKU0037,3,138.78
ORD001819,SKU0023,4,110.68
ORD001820,SKU0006,3,94.83
ORD001820,SKU0000,2,62.64
ORD001821,SKU0021,1,12.29
ORD001821,SKU0011,3,143.1
ORD001822,SKU0034,2,88.38
ORD001822,SKU0001,4,66.96
ORD001823,SKU0036,4,120.76
ORD001823,SKU0025,4,59.32
ORD001823,SKU0015,3,41.16
ORD001824,SKU0025,3,44.49
ORD001824,SKU0002,2,109.1
ORD001825,SKU0027,3,149.76
ORD001825,SKU0036,4,120.76
ORD001826,SKU0032,2,70.06
ORD001827,SKU0036,2,60.38
ORD001828,SKU0005,3,129.06
ORD001829,SKU0025,2,29.66
ORD001829,SKU0029,1,28.42
ORD001830,SKU0019,3,45.36
ORD001831,SKU0013,4,41.84
ORD001832,SKU0035,3,146.55
ORD001833,SKU0022,1,38.63
ORD001834,SKU0025,2,29.66
ORD001834,SKU0030,4,198.12
ORD001834,SKU0029,2,56.84
ORD001835,SKU0020,2,55.2
ORD001836,SKU0027,4,199.68
ORD001836,SKU0034,1,44.19
ORD001837,SKU0037,1,46.26
ORD001837,SKU0014,2,99.88
ORD001837,SKU0015,3,41.16
ORD001838,SKU0000,4,125.28
ORD001838,SKU0004,2,39.16
ORD001838,SKU0008,4,167.16
ORD001839,SKU0019,4,60.48
ORD001840,SKU0011,4,190.8
ORD001840,SKU0009,3,66.63
ORD001841,SKU0030,1,49.53
ORD001841,SKU0016,4,70.64
ORD001841,SKU0011,2,95.4
ORD001842,SKU0029,1,28.42
ORD001843,SKU0025,1,14.83
ORD001843,SKU0010,3,29.25
ORD001843,SKU0008,4,167.16
ORD001844,SKU0025,4,59.32
ORD001844,SKU0003,3,88.47
ORD001845,SKU0007,4,110.08
ORD001845,SKU0032,3,105.09
ORD001845,SKU0030,3,148.59
ORD001846,SKU0011,4,190.8
ORD001847,SKU0005,2,86.04
ORD001847,SKU0000,3,93.96
ORD001847,SKU0037,3,138.78
ORD001848,SKU0029,4,113.68
ORD001848,SKU0003,4,117.96
ORD001848,SKU0018,1,24.53
ORD001849,SKU0023,1,27.67
ORD001849,SKU0038,3,105.69
ORD001850,SKU0018,1,24.53
ORD001850,SKU0034,3,132.57
ORD001851,SKU0026,1,22.39
ORD001851,SKU0028,3,127.44
ORD001852,SKU0007,3,82.56
ORD001852,SKU0002,4,218.2
ORD001852,SKU0015,2,27.44
ORD001853,SKU0008,2,83.58
ORD001854,SKU0022,4,154.52
ORD001854,SKU0039,2,112.28
ORD001855,SKU0002,1,54.55
ORD001855,SKU0020,3,82.8
ORD001856,SKU0006,4,126.44
ORD001856,SKU0032,1,35.03
ORD001856,SKU0021,3,36.87
ORD001857,SKU0011,3,143.1
ORD001858,SKU0012,3,77.67
ORD001859,SKU0015,1,13.72
ORD001859,SKU0023,4,110.68
ORD001859,SKU0013,4,41.84
ORD001860,SKU0032,1,35.03
ORD001860,SKU0038,4,140.92
ORD001861,SKU0000,4,125.28
ORD001861,SKU0013,1,10.46
ORD001862,SKU0017,4,263.0
ORD001862,SKU0038,3,105.69
ORD001863,SKU0001,3,50.22
ORD001864,SKU0018,4,98.12
ORD001864,SKU0037,4,185.04
ORD001864,SKU0038,3,105.69
ORD001865,SKU0035,1,48.85
ORD001865,SKU0021,3,36.87
ORD001866,SKU0009,4,88.84
ORD001866,SKU0031,2,96.96
ORD001867,SKU0024,3,126.21
ORD001867,SKU0025,1,14.83
ORD001867,SKU0036,1,30.19
ORD001868,SKU0005,2,86.04
ORD001868,SKU0033,3,82.17
ORD001869,SKU0028,4,169.92
ORD001869,SKU0001,2,33.48
ORD001870,SKU0039,3,168.42
ORD001871,SKU0001,3,50.22
ORD001871,SKU0035,4,195.4
ORD001872,SKU0008,4,167.16
ORD001872,SKU0038,1,35.23
ORD001872,SKU0006,4,126.44
ORD001873,SKU0036,3,90.57
ORD001874,SKU0025,4,59.32
ORD001874,SKU0022,2,77.26
ORD001874,SKU0026,3,67.17
ORD001875,SKU0006,3,94.83
ORD001875,SKU0032,4,140.12
ORD001875,SKU0014,4,199.76
ORD001876,SKU0028,2,84.96
ORD001876,SKU0011,4,190.8
ORD001877,SKU0021,4,49.16
ORD001877,SKU0011,1,47.7
ORD001877,SKU0024,4,168.28
ORD001878,SKU0001,2,33.48
ORD001879,SKU0038,4,140.92
ORD001880,SKU0015,2,27.44
ORD001880,SKU0036,4,120.76
ORD001880,SKU0005,3,129.06
ORD001881,SKU0032,2,70.06
ORD001881,SKU0010,4,39.0
ORD001881,SKU0023,2,55.34
ORD001882,SKU0012,3,77.67
ORD001882,SKU0008,3,125.37
ORD001882,SKU0004,1,19.58
ORD001883,SKU0029,2,56.84
ORD001883,SKU0038,4,140.92
ORD001884,SKU0032,1,35.03
ORD001884,SKU0038,3,105.69
ORD001885,SKU0004,1,19.58
ORD001885,SKU0002,4,218.2
ORD001886,SKU0004,4,78.32
ORD001886,SKU0016,1,17.66
ORD001887,SKU0001,4,66.96
ORD001887,SKU0030,1,49.53
ORD001887,SKU0018,4,98.12
ORD001888,SKU0032,4,140.12
ORD001888,SKU0027,1,49.92
ORD001889,SKU0037,1,46.26
ORD001889,SKU0010,3,29.25
ORD001890,SKU0015,4,54.88
ORD001891,SKU0021,1,12.29
ORD001892,SKU0016,3,52.98
ORD001893,SKU0028,3,127.44
ORD001893,SKU0036,3,90.57
ORD001894,SKU0009,3,66.63
ORD001895,SKU0036,3,90.57
ORD001895,SKU0018,3,73.59
ORD001896,SKU0019,4,60.48
ORD001896,SKU0028,3,127.44
ORD001896,SKU0009,2,44.42
ORD001897,SKU0016,2,35.32
ORD001897,SKU0001,2,33.48
ORD001898,SKU0037,1,46.26
ORD001899,SKU0032,4,140.12
ORD001899,SKU0030,2,99.06
ORD001899,SKU0022,2,77.26
ORD001900,SKU0033,3,82.17
ORD001900,SKU0024,4,168.28
ORD001901,SKU0011,4,190.8
ORD001901,SKU0024,1,42.07
ORD001902,SKU0019,2,30.24
ORD001903,SKU0038,1,35.23
ORD001903,SKU0012,3,77.67
ORD001904,SKU0000,2,62.64
ORD001904,SKU0012,3,77.67
ORD001904,SKU0002,4,218.2
ORD001905,SKU0004,3,58.74
ORD001905,SKU0035,1,48.85
ORD001905,SKU0003,4,117.96
ORD001906,SKU0015,3,41.16
ORD001907,SKU0029,2,56.84
ORD001908,SKU0017,1,65.75
ORD001908,SKU0012,1,25.89
ORD001908,SKU0008,3,125.37
ORD001909,SKU0015,4,54.88
ORD001910,SKU0003,3,88.47
ORD001910,SKU0004,2,39.16
ORD001910,SKU0030,1,49.53
ORD001911,SKU0012,1,25.89
ORD001911,SKU0034,2,88.38
ORD001912,SKU0036,1,30.19
ORD001912,SKU0037,4,185.04
ORD001913,SKU0012,4,103.56
ORD001913,SKU0000,3,93.96
ORD001913,SKU0026,3,67.17
ORD001914,SKU0032,4,140.12
ORD001914,SKU0032,3,105.09
ORD001915,SKU0015,3,41.16
ORD001915,SKU0017,3,197.25
ORD001915,SKU0028,1,42.48
ORD001916,SKU0020,4,110.4
ORD001917,SKU0004,4,78.32
ORD001918,SKU0021,2,24.58
ORD001918,SKU0012,1,25.89
ORD001919,SKU0032,3,105.09
ORD001919,SKU0020,4,110.4
ORD001920,SKU0013,2,20.92
ORD001920,SKU0020,2,55.2
ORD001920,SKU0012,4,103.56
ORD001921,SKU0010,3,29.25
ORD001921,SKU0033,4,109.56
ORD001921,SKU0038,4,140.92
ORD001922,SKU0030,3,148.59
ORD001922,SKU0023,2,55.34
ORD001923,SKU0022,3,115.89
ORD001923,SKU0028,3,127.44
ORD001923,SKU0027,4,199.68
ORD001924,SKU0003,4,117.96
ORD001924,SKU0022,2,77.26
ORD001925,SKU0012,2,51.78
ORD001926,SKU0001,3,50.22
ORD001926,SKU0027,4,199.68
ORD001927,SKU0012,2,51.78
ORD001927,SKU0039,4,224.56
ORD001927,SKU0017,1,65.75
ORD001928,SKU0020,4,110.4
ORD001929,SKU0024,4,168.28
ORD001930,SKU0037,4,185.04
ORD001930,SKU0003,1,29.49
ORD001930,SKU0003,3,88.47
ORD001931,SKU0028,3,127.44
ORD001931,SKU0007,4,110.08
ORD001932,SKU0026,2,44.78
ORD001932,SKU0009,3,66.63
ORD001933,SKU0005,4,172.08
ORD001933,SKU0015,3,41.16
ORD001933,SKU0036,3,90.57
ORD001934,SKU0001,2,33.48
ORD001934,SKU0004,3,58.74
ORD001935,SKU0013,2,20.92
ORD001935,SKU0020,4,110.4
ORD001935,SKU0014,4,199.76
ORD001936,SKU0016,3,52.98
ORD001937,SKU0007,4,110.08
ORD001938,SKU0003,1,29.49
ORD001938,SKU0032,3,105.09
ORD001939,SKU0002,3,163.65
ORD001939,SKU0034,4,176.76
ORD001940,SKU0004,1,19.58
ORD001940,SKU0036,1,30.19
ORD001941,SKU0010,1,9.75
ORD001941,SKU0036,4,120.76
ORD001941,SKU0039,2,112.28
ORD001942,SKU0029,4,113.68
ORD001942,SKU0009,3,66.63
ORD001943,SKU0036,3,90.57
ORD001943,SKU0029,4,113.68
ORD001943,SKU0001,4,66.96
ORD001944,SKU0039,4,224.56
ORD001945,SKU0020,4,110.4
ORD001946,SKU0037,3,138.78
ORD001947,SKU0012,3,77.67
ORD001947,SKU0036,2,60.38
ORD001947,SKU0012,2,51.78
ORD001948,SKU0006,1,31.61
ORD001949,SKU0034,3,132.57
ORD001950,SKU0014,2,99.88
ORD001950,SKU0012,3,77.67
ORD001951,SKU0014,2,99.88
ORD001951,SKU0022,1,38.63
ORD001952,SKU0024,1,42.07
ORD001953,SKU0003,4,117.96
ORD001953,SKU0028,4,169.92
ORD001954,SKU0037,1,46.26
ORD001954,SKU0005,2,86.04
ORD001955,SKU0033,1,27.39
ORD001955,SKU0010,2,19.5
ORD001955,SKU0007,4,110.08
ORD001956,SKU0020,4,110.4
ORD001956,SKU0012,2,51.78
ORD001956,SKU0005,3,129.06
ORD001957,SKU0007,4,110.08
ORD001957,SKU0001,1,16.74
ORD001957,SKU0024,4,168.28
ORD001958,SKU0023,3,83.01
ORD001958,SKU0004,4,78.32
ORD001959,SKU0005,4,172.08
ORD001959,SKU0030,1,49.53
ORD001959,SKU0017,3,197.25
ORD001960,SKU0011,1,47.7
ORD001961,SKU0008,4,167.16
ORD001962,SKU0013,3,31.38
ORD001962,SKU0023,4,110.68
ORD001962,SKU0010,4,39.0
ORD001963,SKU0009,2,44.42
ORD001963,SKU0023,1,27.67
ORD001963,SKU0010,1,9.75
ORD001964,SKU0025,3,44.49
ORD001964,SKU0016,3,52.98
ORD001965,SKU0001,4,66.96
ORD001965,SKU0002,2,109.1
ORD001966,SKU0024,2,84.14
ORD001966,SKU0010,1,9.75
ORD001966,SKU0000,3,93.96
ORD001967,SKU0004,1,19.58
ORD001967,SKU0030,4,198.12
ORD001968,SKU0008,1,41.79
ORD001968,SKU0019,4,60.48
ORD001969,SKU0020,3,82.8
ORD001970,SKU0031,2,96.96
ORD001970,SKU0008,2,83.58
ORD001971,SKU0014,1,49.94
ORD001972,SKU0039,1,56.14
ORD001972,SKU0015,2,27.44
ORD001973,SKU0019,3,45.36
ORD001973,SKU0029,3,85.26
ORD001973,SKU0008,3,125.37
ORD001974,SKU0009,1,22.21
ORD001974,SKU0024,1,42.07
ORD001974,SKU0012,2,51.78
ORD001975,SKU0002,2,109.1
ORD001975,SKU0010,4,39.0
ORD001975,SKU0020,1,27.6
ORD001976,SKU0022,2,77.26
ORD001976,SKU0036,4,120.76
ORD001977,SKU0039,3,168.42
ORD001977,SKU0034,4,176.76
ORD001978,SKU0032,3,105.09
ORD001978,SKU0021,2,24.58
ORD001978,SKU0016,3,52.98
ORD001979,SKU0006,3,94.83
ORD001979,SKU0033,3,82.17
ORD001980,SKU0001,2,33.48
ORD001980,SKU0006,2,63.22
ORD001981,SKU0035,3,146.55
ORD001982,SKU0028,4,169.92
ORD001982,SKU0035,1,48.85
ORD001983,SKU0032,2,70.06
ORD001983,SKU0009,2,44.42
ORD001984,SKU0022,2,77.26
ORD001984,SKU0036,1,30.19
ORD001984,SKU0034,3,132.57
ORD001985,SKU0033,2,54.78
ORD001985,SKU0023,2,55.34
ORD001985,SKU0006,2,63.22
ORD001986,SKU0009,4,88.84
ORD001986,SKU0012,3,77.67
ORD001986,SKU0003,4,117.96
ORD001987,SKU0026,4,89.56
ORD001987,SKU0029,3,85.26
ORD001987,SKU0008,3,125.37
ORD001988,SKU0035,3,146.55
ORD001988,SKU0013,1,10.46
ORD001989,SKU0009,4,88.84
ORD001990,SKU0010,4,39.0
ORD001990,SKU0025,2,29.66
ORD001991,SKU0014,3,149.82
ORD001992,SKU0037,2,92.52
ORD001993,SKU0017,3,197.25
ORD001994,SKU0019,1,15.12
ORD001994,SKU0038,4,140.92
ORD001994,SKU0014,4,199.76
ORD001995,SKU0039,4,224.56
ORD001995,SKU0009,1,22.21
ORD001995,SKU0021,3,36.87
ORD001996,SKU0007,4,110.08
ORD001996,SKU0027,2,99.84
ORD001997,SKU0033,1,27.39
ORD001998,SKU0031,4,193.92
ORD001999,SKU0006,3,94.83
ORD001999,SKU0017,3,197.25
ORD001999,SKU0032,3,105.09
ORD002000,SKU0005,1,43.02
ORD002000,SKU0006,4,126.44
ORD002001,SKU0014,4,199.76
ORD002001,SKU0017,1,65.75
ORD002002,SKU0036,4,120.76
ORD002002,SKU0038,4,140.92
ORD002002,SKU0002,1,54.55
ORD002003,SKU0006,1,31.61
ORD002003,SKU0015,3,41.16
ORD002003,SKU0037,4,185.04
ORD002004,SKU0028,4,169.92
ORD002004,SKU0036,1,30.19
ORD002005,SKU0001,2,33.48
ORD002005,SKU0036,2,60.38
ORD002005,SKU0001,3,50.22
ORD002006,SKU0001,4,66.96
ORD002006,SKU0016,3,52.98
ORD002007,SKU0017,4,263.0
ORD002008,SKU0016,2,35.32
ORD002008,SKU0013,3,31.38
ORD002009,SKU0031,1,48.48
ORD002010,SKU0034,2,88.38
ORD002010,SKU0020,3,82.8
ORD002010,SKU0006,1,31.61
ORD002011,SKU0031,2,96.96
ORD002011,SKU0024,2,84.14
ORD002011,SKU0016,4,70.64
ORD002012,SKU0023,2,55.34
ORD002012,SKU0010,3,29.25
ORD002013,SKU0037,3,138.78
ORD002014,SKU0035,2,97.7
ORD002014,SKU0025,1,14.83
ORD002015,SKU0038,4,140.92
ORD002016,SKU0021,3,36.87
ORD002016,SKU0025,2,29.66
ORD002016,SKU0024,1,42.07
ORD002017,SKU0020,2,55.2
ORD002018,SKU0035,2,97.7
ORD002019,SKU0014,2,99.88
ORD002019,SKU0015,2,27.44
ORD002020,SKU0000,3,93.96
ORD002021,SKU0030,4,198.12
ORD002021,SKU0026,2,44.78
ORD002021,SKU0026,2,44.78
ORD002022,SKU0036,4,120.76
ORD002022,SKU0016,3,52.98
ORD002023,SKU0023,2,55.34
ORD002023,SKU0020,3,82.8
ORD002024,SKU0015,2,27.44
ORD002024,SKU0006,4,126.44
ORD002025,SKU0038,2,70.46
ORD002026,SKU0029,3,85.26
ORD002027,SKU0039,4,224.56
ORD002027,SKU0031,4,193.92
ORD002028,SKU0035,4,195.4
ORD002029,SKU0030,2,99.06
ORD002029,SKU0004,3,58.74
ORD002030,SKU0016,1,17.66
ORD002030,SKU0038,4,140.92
ORD002030,SKU0027,2,99.84
ORD002031,SKU0028,3,127.44
ORD002031,SKU0034,3,132.57
ORD002031,SKU0021,2,24.58
ORD002032,SKU0009,3,66.63
ORD002032,SKU0000,1,31.32
ORD002033,SKU0039,1,56.14
ORD002034,SKU0010,2,19.5
ORD002034,SKU0015,2,27.44
ORD002034,SKU0011,1,47.7
ORD002035,SKU0005,1,43.02
ORD002035,SKU0025,4,59.32
ORD002036,SKU0030,2,99.06
ORD002036,SKU0021,2,24.58
ORD002036,SKU0006,3,94.83
ORD002037,SKU0027,3,149.76
ORD002037,SKU0031,1,48.48
ORD002037,SKU0011,3,143.1
ORD002038,SKU0022,1,38.63
ORD002039,SKU0033,3,82.17
ORD002040,SKU0003,3,88.47
ORD002040,SKU0006,2,63.22
ORD002040,SKU0000,1,31.32
ORD002041,SKU0019,1,15.12
ORD002041,SKU0036,3,90.57
ORD002042,SKU0039,4,224.56
ORD002043,SKU0022,1,38.63
ORD002044,SKU0011,4,190.8
ORD002044,SKU0011,2,95.4
ORD002044,SKU0028,1,42.48
ORD002045,SKU0007,3,82.56
ORD002045,SKU0018,1,24.53
ORD002045,SKU0022,2,77.26
ORD002046,SKU0006,4,126.44
ORD002047,SKU0021,4,49.16
ORD002047,SKU0035,4,195.4
ORD002047,SKU0028,1,42.48
ORD002048,SKU0015,3,41.16
ORD002048,SKU0009,2,44.42
ORD002049,SKU0002,3,163.65
ORD002049,SKU0003,4,117.96
ORD002050,SKU0005,3,129.06
ORD002050,SKU0033,4,109.56
ORD002050,SKU0034,2,88.38
ORD002051,SKU0028,2,84.96
ORD002052,SKU0027,4,199.68
ORD002052,SKU0005,4,172.08
ORD002053,SKU0020,4,110.4
ORD002054,SKU0031,3,145.44
ORD002054,SKU0003,1,29.49
ORD002055,SKU0037,2,92.52
ORD002055,SKU0020,1,27.6
ORD002056,SKU0019,4,60.48
ORD002057,SKU0003,4,117.96
ORD002057,SKU0032,2,70.06
ORD002057,SKU0032,3,105.09
ORD002058,SKU0029,2,56.84
ORD002059,SKU0013,4,41.84
ORD002060,SKU0039,1,56.14
ORD002060,SKU0002,4,218.2
ORD002060,SKU0013,1,10.46
ORD002061,SKU0021,2,24.58
ORD002062,SKU0025,1,14.83
ORD002062,SKU0009,2,44.42
ORD002063,SKU0016,4,70.64
ORD002063,SKU0036,3,90.57
ORD002063,SKU0013,3,31.38
ORD002064,SKU0026,4,89.56
ORD002064,SKU0017,2,131.5
ORD002065,SKU0000,4,125.28
ORD002065,SKU0002,4,218.2
ORD002065,SKU0008,2,83.58
ORD002066,SKU0010,4,39.0
ORD002067,SKU0020,2,55.2
ORD002067,SKU0016,4,70.64
ORD002067,SKU0018,3,73.59
ORD002068,SKU0006,1,31.61
ORD002068,SKU0025,2,29.66
ORD002069,SKU0012,2,51.78
ORD002069,SKU0033,1,27.39
ORD002070,SKU0007,2,55.04
ORD002071,SKU0005,1,43.02
ORD002072,SKU0023,4,110.68
ORD002072,SKU0009,4,88.84
ORD002072,SKU0038,1,35.23
ORD002073,SKU0020,1,27.6
ORD002074,SKU0021,3,36.87
ORD002075,SKU0012,1,25.89
ORD002075,SKU0025,4,59.32
ORD002076,SKU0004,2,39.16
ORD002076,SKU0011,2,95.4
ORD002076,SKU0021,4,49.16
ORD002077,SKU0015,3,41.16
ORD002078,SKU0035,3,146.55
ORD002079,SKU0004,4,78.32
ORD002079,SKU0033,1,27.39
ORD002079,SKU0039,2,112.28
ORD002080,SKU0009,1,22.21
ORD002081,SKU0000,1,31.32
ORD002081,SKU0024,1,42.07
ORD002082,SKU0034,1,44.19
ORD002082,SKU0001,4,66.96
ORD002082,SKU0036,4,120.76
ORD002083,SKU0015,4,54.88
ORD002083,SKU0039,3,168.42
ORD002084,SKU0009,4,88.84
ORD002084,SKU0034,3,132.57
ORD002085,SKU0011,4,190.8
ORD002085,SKU0016,2,35.32
ORD002086,SKU0019,2,30.24
ORD002086,SKU0002,4,218.2
ORD002087,SKU0025,2,29.66
ORD002088,SKU0026,4,89.56
ORD002088,SKU0029,4,113.68
ORD002089,SKU0023,3,83.01
ORD002089,SKU0020,4,110.4
ORD002090,SKU0015,2,27.44
ORD002091,SKU0039,3,168.42
ORD002092,SKU0023,3,83.01
ORD002092,SKU0013,4,41.84
ORD002093,SKU0034,4,176.76
ORD002094,SKU0012,2,51.78
ORD002095,SKU0024,4,168.28
ORD002096,SKU0013,4,41.84
ORD002097,SKU0036,2,60.38
ORD002097,SKU0025,2,29.66
ORD002098,SKU0029,2,56.84
ORD002098,SKU0008,4,167.16
ORD002099,SKU0002,1,54.55
ORD002099,SKU0004,1,19.58
ORD002099,SKU0001,1,16.74
ORD002100,SKU0020,3,82.8
ORD002101,SKU0019,1,15.12
ORD002102,SKU0028,4,169.92
ORD002102,SKU0021,2,24.58
ORD002102,SKU0018,3,73.59
ORD002103,SKU0009,2,44.42
ORD002104,SKU0039,4,224.56
ORD002104,SKU0010,4,39.0
ORD002104,SKU0017,2,131.5
ORD002105,SKU0006,1,31.61
ORD002105,SKU0008,4,167.16
ORD002106,SKU0010,1,9.75
ORD002106,SKU0037,3,138.78
ORD002107,SKU0011,4,190.8
ORD002107,SKU0001,4,66.96
ORD002107,SKU0036,3,90.57
ORD002108,SKU0004,2,39.16
ORD002108,SKU0008,3,125.37
ORD002109,SKU0012,3,77.67
ORD002110,SKU0038,4,140.92
ORD002110,SKU0001,4,66.96
ORD002111,SKU0012,3,77.67
ORD002111,SKU0033,1,27.39
ORD002112,SKU0003,2,58.98
ORD002113,SKU0027,3,149.76
ORD002113,SKU0002,3,163.65
ORD002114,SKU0035,1,48.85
ORD002114,SKU0008,1,41.79
ORD002115,SKU0024,2,84.14
ORD002115,SKU0030,4,198.12
ORD002116,SKU0017,4,263.0
ORD002116,SKU0021,3,36.87
ORD002116,SKU0032,4,140.12
ORD002117,SKU0022,3,115.89
ORD002118,SKU0018,3,73.59
ORD002118,SKU0005,4,172.08
ORD002119,SKU0007,1,27.52
ORD002119,SKU0008,1,41.79
ORD002119,SKU0015,1,13.72
ORD002120,SKU0009,2,44.42
ORD002121,SKU0000,3,93.96
ORD002122,SKU0037,4,185.04
ORD002123,SKU0007,1,27.52
ORD002123,SKU0008,2,83.58
ORD002123,SKU0005,2,86.04
ORD002124,SKU0027,2,99.84
ORD002125,SKU0005,4,172.08
ORD002125,SKU0020,2,55.2
ORD002125,SKU0030,2,99.06
ORD002126,SKU0018,1,24.53
ORD002126,SKU0028,2,84.96
ORD002127,SKU0011,2,95.4
ORD002128,SKU0036,2,60.38
ORD002128,SKU0007,1,27.52
ORD002128,SKU0012,2,51.78
ORD002129,SKU0025,3,44.49
ORD002130,SKU0018,2,49.06
ORD002130,SKU0027,3,149.76
ORD002130,SKU0022,2,77.26
ORD002131,SKU0016,3,52.98
ORD002131,SKU0010,1,9.75
ORD002131,SKU0003,1,29.49
ORD002132,SKU0003,4,117.96
ORD002132,SKU0005,4,172.08
ORD002132,SKU0000,1,31.32
ORD002133,SKU0038,1,35.23
ORD002133,SKU0036,3,90.57
ORD002133,SKU0020,4,110.4
ORD002134,SKU0031,3,145.44
ORD002134,SKU0031,3,145.44
ORD002135,SKU0037,2,92.52
ORD002136,SKU0029,4,113.68
ORD002136,SKU0020,4,110.4
ORD002137,SKU0009,2,44.42
ORD002137,SKU0024,4,168.28
ORD002138,SKU0024,2,84.14
ORD002138,SKU0025,3,44.49
ORD002139,SKU0011,2,95.4
ORD002139,SKU0037,2,92.52
ORD002139,SKU0013,1,10.46
ORD002140,SKU0009,3,66.63
ORD002140,SKU0021,2,24.58
ORD002141,SKU0010,3,29.25
ORD002141,SKU0035,3,146.55
ORD002142,SKU0038,4,140.92
ORD002142,SKU0027,4,199.68
ORD002143,SKU0003,3,88.47
ORD002143,SKU0006,1,31.61
ORD002143,SKU0020,4,110.4
ORD002144,SKU0015,4,54.88
ORD002145,SKU0000,3,93.96
ORD002145,SKU0010,3,29.25
ORD002146,SKU0007,2,55.04
ORD002146,SKU0033,3,82.17
ORD002146,SKU0021,3,36.87
ORD002147,SKU0030,1,49.53
ORD002147,SKU0001,4,66.96
ORD002147,SKU0023,4,110.68
ORD002148,SKU0014,3,149.82
ORD002148,SKU0030,3,148.59
ORD002149,SKU0021,2,24.58
ORD002149,SKU0008,3,125.37
ORD002149,SKU0036,2,60.38
ORD002150,SKU0031,4,193.92
ORD002151,SKU0006,4,126.44
ORD002151,SKU0009,3,66.63
ORD002151,SKU0005,4,172.08
ORD002152,SKU0028,4,169.92
ORD002153,SKU0009,3,66.63
ORD002153,SKU0003,4,117.96
ORD002153,SKU0015,2,27.44
ORD002154,SKU0039,4,224.56
ORD002154,SKU0035,2,97.7
ORD002155,SKU0020,2,55.2
ORD002155,SKU0012,1,25.89
ORD002156,SKU0012,3,77.67
ORD002156,SKU0015,4,54.88
ORD002156,SKU0027,1,49.92
ORD002157,SKU0009,3,66.63
ORD002158,SKU0026,1,22.39
ORD002158,SKU0023,4,110.68
ORD002158,SKU0009,4,88.84
ORD002159,SKU0038,4,140.92
ORD002160,SKU0029,3,85.26
ORD002160,SKU0012,4,103.56
ORD002161,SKU0008,3,125.37
ORD002161,SKU0001,1,16.74
ORD002161,SKU0003,3,88.47
ORD002162,SKU0009,3,66.63
ORD002162,SKU0024,1,42.07
ORD002163,SKU0011,3,143.1
ORD002163,SKU0039,1,56.14
ORD002164,SKU0036,1,30.19
ORD002164,SKU0032,1,35.03
ORD002164,SKU0008,4,167.16
ORD002165,SKU0009,1,22.21
ORD002166,SKU0015,1,13.72
ORD002166,SKU0023,3,83.01
ORD002166,SKU0021,1,12.29
ORD002167,SKU0031,4,193.92
ORD002168,SKU0026,4,89.56
ORD002168,SKU0009,1,22.21
ORD002168,SKU0013,4,41.84
ORD002169,SKU0014,2,99.88
ORD002169,SKU0003,1,29.49
ORD002170,SKU0002,1,54.55
ORD002170,SKU0014,2,99.88
ORD002171,SKU0020,3,82.8
ORD002171,SKU0024,4,168.28
ORD002171,SKU0001,3,50.22
ORD002172,SKU0026,1,22.39
ORD002172,SKU0002,2,109.1
ORD002172,SKU0037,1,46.26
ORD002173,SKU0031,1,48.48
ORD002173,SKU0022,1,38.63
ORD002173,SKU0037,3,138.78
ORD002174,SKU0013,2,20.92
ORD002174,SKU0034,1,44.19
ORD002175,SKU0035,3,146.55
ORD002175,SKU0032,4,140.12
ORD002176,SKU0016,3,52.98
ORD002176,SKU0012,3,77.67
ORD002176,SKU0016,4,70.64
ORD002177,SKU0001,4,66.96
ORD002177,SKU0038,4,140.92
ORD002178,SKU0002,4,218.2
ORD002179,SKU0036,3,90.57
ORD002180,SKU0029,1,28.42
ORD002180,SKU0014,3,149.82
ORD002181,SKU0019,1,15.12
ORD002182,SKU0013,4,41.84
ORD002182,SKU0024,3,126.21
ORD002183,SKU0010,4,39.0
ORD002183,SKU0030,3,148.59
ORD002183,SKU0015,1,13.72
ORD002184,SKU0001,1,16.74
ORD002185,SKU0019,4,60.48
ORD002186,SKU0006,1,31.61
ORD002187,SKU0012,4,103.56
ORD002187,SKU0023,1,27.67
ORD002187,SKU0017,4,263.0
ORD002188,SKU0007,3,82.56
ORD002189,SKU0013,1,10.46
ORD002189,SKU0001,4,66.96
ORD002190,SKU0005,2,86.04
ORD002191,SKU0035,3,146.55
ORD002191,SKU0017,1,65.75
ORD002191,SKU0036,4,120.76
ORD002192,SKU0004,4,78.32
ORD002193,SKU0031,4,193.92
ORD002194,SKU0000,1,31.32
ORD002195,SKU0018,4,98.12
ORD002195,SKU0012,3,77.67
ORD002195,SKU0001,3,50.22
ORD002196,SKU0028,1,42.48
ORD002196,SKU0002,4,218.2
ORD002196,SKU0035,4,195.4
ORD002197,SKU0023,1,27.67
ORD002197,SKU0038,3,105.69
ORD002198,SKU0010,3,29.25
ORD002198,SKU0023,2,55.34
ORD002198,SKU0020,3,82.8
ORD002199,SKU0025,3,44.49
ORD002199,SKU0029,3,85.26
ORD002199,SKU0018,2,49.06
ORD002200,SKU0023,4,110.68
ORD002200,SKU0005,3,129.06
ORD002201,SKU0029,4,113.68
ORD002201,SKU0034,2,88.38
ORD002202,SKU0009,3,66.63
ORD002202,SKU0034,2,88.38
ORD002202,SKU0036,2,60.38
ORD002203,SKU0026,1,22.39
ORD002204,SKU0033,1,27.39
ORD002205,SKU0035,2,97.7
ORD002205,SKU0014,3,149.82
ORD002206,SKU0023,4,110.68
ORD002206,SKU0033,4,109.56
ORD002207,SKU0026,1,22.39
ORD002207,SKU0014,4,199.76
ORD002208,SKU0000,1,31.32
ORD002208,SKU0031,2,96.96
ORD002208,SKU0004,3,58.74
ORD002209,SKU0013,1,10.46
ORD002209,SKU0012,1,25.89
ORD002210,SKU0007,2,55.04
ORD002210,SKU0011,1,47.7
ORD002211,SKU0007,4,110.08
ORD002211,SKU0022,4,154.52
ORD002212,SKU0024,3,126.21
ORD002212,SKU0013,3,31.38
ORD002213,SKU0039,1,56.14
ORD002213,SKU0031,1,48.48
ORD002213,SKU0031,3,145.44
ORD002214,SKU0030,4,198.12
ORD002214,SKU0034,1,44.19
ORD002215,SKU0031,1,48.48
ORD002215,SKU0024,1,42.07
ORD002215,SKU0031,1,48.48
ORD002216,SKU0005,1,43.02
ORD002216,SKU0015,1,13.72
ORD002216,SKU0029,4,113.68
ORD002217,SKU0030,1,49.53
ORD002217,SKU0020,3,82.8
ORD002217,SKU0035,4,195.4
ORD002218,SKU0000,2,62.64
ORD002219,SKU0028,1,42.48
ORD002219,SKU0032,2,70.06
ORD002219,SKU0029,3,85.26
ORD002220,SKU0003,3,88.47
ORD002220,SKU0037,1,46.26
ORD002220,SKU0033,4,109.56
ORD002221,SKU0010,1,9.75
ORD002221,SKU0018,3,73.59
ORD002222,SKU0009,1,22.21
ORD002222,SKU0012,4,103.56
ORD002222,SKU0031,2,96.96
ORD002223,SKU0011,4,190.8
ORD002223,SKU0002,3,163.65
ORD002223,SKU0011,2,95.4
ORD002224,SKU0014,4,199.76
ORD002224,SKU0007,1,27.52
ORD002225,SKU0038,1,35.23
ORD002226,SKU0027,1,49.92
ORD002226,SKU0033,3,82.17
ORD002227,SKU0030,1,49.53
ORD002227,SKU0017,4,263.0
ORD002228,SKU0004,1,19.58
ORD002229,SKU0025,2,29.66
ORD002229,SKU0008,1,41.79
ORD002230,SKU0036,2,60.38
ORD002231,SKU0034,3,132.57
ORD002231,SKU0035,3,146.55
ORD002231,SKU0030,1,49.53
ORD002232,SKU0007,1,27.52
ORD002232,SKU0014,2,99.88
ORD002233,SKU0025,1,14.83
ORD002234,SKU0000,1,31.32
ORD002234,SKU0033,3,82.17
ORD002234,SKU0037,1,46.26
ORD002235,SKU0015,4,54.88
ORD002235,SKU0013,2,20.92
ORD002236,SKU0013,1,10.46
ORD002236,SKU0011,4,190.8
ORD002237,SKU0009,2,44.42
ORD002238,SKU0030,1,49.53
ORD002239,SKU0026,3,67.17
ORD002240,SKU0003,4,117.96
ORD002240,SKU0002,3,163.65
ORD002241,SKU0023,4,110.68
ORD002242,SKU0008,4,167.16
ORD002242,SKU0039,4,224.56
ORD002242,SKU0010,2,19.5
ORD002243,SKU0031,1,48.48
ORD002243,SKU0027,1,49.92
ORD002244,SKU0005,2,86.04
ORD002244,SKU0002,3,163.65
ORD002244,SKU0017,4,263.0
ORD002245,SKU0021,3,36.87
ORD002245,SKU0034,3,132.57
ORD002245,SKU0019,4,60.48
ORD002246,SKU0037,2,92.52
ORD002246,SKU0030,3,148.59
ORD002247,SKU0034,1,44.19
ORD002247,SKU0016,3,52.98
ORD002248,SKU0032,2,70.06
ORD002248,SKU0020,3,82.8
ORD002248,SKU0015,2,27.44
ORD002249,SKU0021,4,49.16
ORD002250,SKU0027,2,99.84
ORD002250,SKU0039,2,112.28
ORD002250,SKU0018,2,49.06
ORD002251,SKU0020,2,55.2
ORD002251,SKU0029,2,56.84
ORD002251,SKU0007,3,82.56
ORD002252,SKU0021,2,24.58
ORD002252,SKU0031,3,145.44
ORD002252,SKU0015,4,54.88
ORD002253,SKU0029,3,85.26
ORD002253,SKU0009,3,66.63
ORD002253,SKU0038,1,35.23
ORD002254,SKU0035,4,195.4
ORD002254,SKU0000,1,31.32
ORD002255,SKU0029,3,85.26
ORD002255,SKU0032,4,140.12
ORD002256,SKU0027,4,199.68
ORD002257,SKU0027,4,199.68
ORD002257,SKU0020,1,27.6
ORD002258,SKU0023,1,27.67
ORD002259,SKU0006,3,94.83
ORD002259,SKU0008,1,41.79
ORD002260,SKU0036,1,30.19
ORD002261,SKU0039,3,168.42
ORD002261,SKU0018,4,98.12
ORD002262,SKU0039,3,168.42
ORD002263,SKU0009,1,22.21
ORD002264,SKU0014,2,99.88
ORD002264,SKU0024,2,84.14
ORD002265,SKU0005,3,129.06
ORD002266,SKU0015,4,54.88
ORD002267,SKU0039,2,112.28
ORD002267,SKU0011,2,95.4
ORD002268,SKU0015,3,41.16
ORD002269,SKU0024,4,168.28
ORD002269,SKU0013,2,20.92
ORD002269,SKU0006,1,31.61
ORD002270,SKU0009,4,88.84
ORD002270,SKU0039,4,224.56
ORD002271,SKU0013,4,41.84
ORD002271,SKU0027,3,149.76
ORD002272,SKU0032,4,140.12
ORD002272,SKU0028,2,84.96
ORD002273,SKU0004,4,78.32
ORD002273,SKU0010,4,39.0
ORD002273,SKU0013,2,20.92
ORD002274,SKU0017,2,131.5
ORD002274,SKU0018,2,49.06
ORD002275,SKU0036,2,60.38
ORD002276,SKU0001,4,66.96
ORD002276,SKU0036,3,90.57
ORD002276,SKU0023,4,110.68
ORD002277,SKU0028,4,169.92
ORD002277,SKU0005,4,172.08
ORD002278,SKU0017,3,197.25
ORD002279,SKU0010,2,19.5
ORD002280,SKU0033,2,54.78
ORD002280,SKU0002,4,218.2
ORD002280,SKU0023,1,27.67
ORD002281,SKU0010,1,9.75
ORD002281,SKU0039,1,56.14
ORD002281,SKU0016,1,17.66
ORD002282,SKU0009,3,66.63
ORD002282,SKU0009,4,88.84
ORD002283,SKU0026,3,67.17
ORD002284,SKU0014,1,49.94
ORD002285,SKU0011,3,143.1
ORD002285,SKU0035,4,195.4
ORD002285,SKU0027,2,99.84
ORD002286,SKU0038,1,35.23
ORD002287,SKU0011,1,47.7
ORD002287,SKU0029,3,85.26
ORD002288,SKU0011,2,95.4
ORD002288,SKU0000,3,93.96
ORD002288,SKU0010,3,29.25
ORD002289,SKU0032,1,35.03
ORD002289,SKU0025,2,29.66
ORD002289,SKU0010,1,9.75
ORD002290,SKU0015,3,41.16
ORD002291,SKU0015,4,54.88
ORD002291,SKU0011,1,47.7
ORD002292,SKU0038,1,35.23
ORD002292,SKU0004,4,78.32
ORD002292,SKU0008,1,41.79
ORD002293,SKU0031,4,193.92
ORD002293,SKU0035,4,195.4
ORD002293,SKU0033,4,109.56
ORD002294,SKU0036,4,120.76
ORD002294,SKU0016,4,70.64
ORD002294,SKU0010,4,39.0
ORD002295,SKU0004,3,58.74
ORD002296,SKU0026,4,89.56
ORD002296,SKU0024,3,126.21
ORD002296,SKU0023,1,27.67
ORD002297,SKU0001,2,33.48
ORD002298,SKU0037,2,92.52
ORD002298,SKU0019,4,60.48
ORD002299,SKU0014,4,199.76
ORD002300,SKU0029,4,113.68
ORD002300,SKU0023,2,55.34
ORD002301,SKU0003,2,58.98
ORD002301,SKU0009,1,22.21
ORD002302,SKU0022,4,154.52
ORD002303,SKU0038,3,105.69
ORD002304,SKU0030,1,49.53
ORD002304,SKU0030,1,49.53
ORD002304,SKU0022,3,115.89
ORD002305,SKU0010,1,9.75
ORD002305,SKU0006,2,63.22
ORD002305,SKU0035,3,146.55
ORD002306,SKU0013,3,31.38
ORD002306,SKU0001,4,66.96
ORD002306,SKU0025,3,44.49
ORD002307,SKU0039,3,168.42
ORD002307,SKU0018,3,73.59
ORD002308,SKU0007,4,110.08
ORD002308,SKU0031,4,193.92
ORD002308,SKU0032,1,35.03
ORD002309,SKU0004,2,39.16
ORD002309,SKU0024,3,126.21
ORD002309,SKU0028,3,127.44
ORD002310,SKU0005,4,172.08
ORD002311,SKU0002,1,54.55
ORD002312,SKU0012,4,103.56
ORD002313,SKU0009,4,88.84
ORD002313,SKU0035,3,146.55
ORD002314,SKU0010,1,9.75
ORD002315,SKU0014,4,199.76
ORD002316,SKU0005,4,172.08
ORD002317,SKU0016,3,52.98
ORD002317,SKU0020,2,55.2
ORD002318,SKU0017,2,131.5
ORD002318,SKU0014,1,49.94
ORD002318,SKU0027,4,199.68
ORD002319,SKU0019,4,60.48
ORD002319,SKU0025,1,14.83
ORD002319,SKU0037,3,138.78
ORD002320,SKU0035,2,97.7
ORD002321,SKU0009,1,22.21
ORD002321,SKU0034,3,132.57
ORD002322,SKU0036,3,90.57
ORD002322,SKU0019,1,15.12
ORD002323,SKU0030,1,49.53
ORD002323,SKU0020,1,27.6
ORD002323,SKU0027,4,199.68
ORD002324,SKU0030,1,49.53
ORD002324,SKU0021,3,36.87
ORD002325,SKU0031,4,193.92
ORD002326,SKU0027,2,99.84
ORD002326,SKU0018,2,49.06
ORD002327,SKU0010,3,29.25
ORD002327,SKU0037,4,185.04
ORD002328,SKU0005,1,43.02
ORD002329,SKU0031,1,48.48
ORD002329,SKU0009,1,22.21
ORD002330,SKU0002,2,109.1
ORD002331,SKU0022,1,38.63
ORD002331,SKU0002,2,109.1
ORD002331,SKU0019,3,45.36
ORD002332,SKU0005,1,43.02
ORD002332,SKU0039,1,56.14
ORD002332,SKU0012,2,51.78
ORD002333,SKU0017,3,197.25
ORD002334,SKU0039,3,168.42
ORD002335,SKU0038,3,105.69
ORD002335,SKU0010,1,9.75
ORD002336,SKU0018,1,24.53
ORD002336,SKU0025,3,44.49
ORD002336,SKU0010,4,39.0
ORD002337,SKU0019,3,45.36
ORD002337,SKU0025,4,59.32
ORD002337,SKU0015,3,41.16
ORD002338,SKU0029,2,56.84
ORD002339,SKU0003,1,29.49
ORD002340,SKU0008,2,83.58
ORD002340,SKU0004,3,58.74
ORD002341,SKU0015,4,54.88
ORD002341,SKU0027,4,199.68
ORD002341,SKU0007,3,82.56
ORD002342,SKU0002,3,163.65
ORD002342,SKU0010,4,39.0
ORD002342,SKU0012,3,77.67
ORD002343,SKU0016,4,70.64
ORD002344,SKU0025,3,44.49
ORD002344,SKU0028,2,84.96
ORD002345,SKU0020,2,55.2
ORD002345,SKU0000,2,62.64
ORD002345,SKU0016,4,70.64
ORD002346,SKU0009,1,22.21
ORD002346,SKU0008,2,83.58
ORD002347,SKU0012,2,51.78
ORD002347,SKU0026,1,22.39
ORD002348,SKU0021,3,36.87
ORD002348,SKU0021,1,12.29
ORD002348,SKU0006,4,126.44
ORD002349,SKU0009,3,66.63
ORD002350,SKU0025,2,29.66
ORD002350,SKU0027,1,49.92
ORD002350,SKU0029,3,85.26
ORD002351,SKU0018,3,73.59
ORD002352,SKU0004,4,78.32
ORD002352,SKU0026,4,89.56
ORD002352,SKU0038,2,70.46
ORD002353,SKU0016,3,52.98
ORD002353,SKU0002,2,109.1
ORD002354,SKU0016,1,17.66
ORD002354,SKU0033,2,54.78
ORD002355,SKU0015,4,54.88
ORD002355,SKU0000,4,125.28
ORD002356,SKU0034,4,176.76
ORD002356,SKU0001,3,50.22
ORD002357,SKU0037,2,92.52
ORD002357,SKU0034,3,132.57
ORD002358,SKU0035,3,146.55
ORD002358,SKU0011,2,95.4
ORD002359,SKU0021,2,24.58
ORD002360,SKU0008,3,125.37
ORD002361,SKU0016,4,70.64
ORD002361,SKU0010,4,39.0
ORD002361,SKU0013,2,20.92
ORD002362,SKU0019,1,15.12
ORD002362,SKU0004,2,39.16
ORD002363,SKU0004,3,58.74
ORD002364,SKU0021,1,12.29
ORD002364,SKU0032,4,140.12
ORD002365,SKU0039,3,168.42
ORD002365,SKU0005,3,129.06
ORD002366,SKU0024,2,84.14
ORD002367,SKU0001,1,16.74
ORD002367,SKU0004,2,39.16
ORD002367,SKU0009,3,66.63
ORD002368,SKU0034,2,88.38
ORD002368,SKU0030,3,148.59
ORD002368,SKU0001,3,50.22
ORD002369,SKU0032,4,140.12
ORD002370,SKU0039,4,224.56
ORD002371,SKU0014,4,199.76
ORD002371,SKU0035,4,195.4
ORD002371,SKU0024,3,126.21
ORD002372,SKU0002,4,218.2
ORD002373,SKU0022,1,38.63
ORD002373,SKU0023,3,83.01
ORD002373,SKU0026,1,22.39
ORD002374,SKU0008,1,41.79
ORD002375,SKU0007,2,55.04
ORD002375,SKU0030,4,198.12
ORD002375,SKU0035,3,146.55
ORD002376,SKU0020,2,55.2
ORD002376,SKU0019,4,60.48
ORD002376,SKU0018,1,24.53
ORD002377,SKU0008,3,125.37
ORD002377,SKU0024,2,84.14
ORD002378,SKU0004,3,58.74
ORD002378,SKU0004,4,78.32
ORD002379,SKU0001,1,16.74
ORD002379,SKU0018,3,73.59
ORD002380,SKU0033,1,27.39
ORD002381,SKU0016,3,52.98
ORD002382,SKU0036,2,60.38
ORD002383,SKU0003,3,88.47
ORD002384,SKU0005,3,129.06
ORD002384,SKU0035,3,146.55
ORD002384,SKU0006,4,126.44
ORD002385,SKU0005,3,129.06
ORD002385,SKU0017,1,65.75
ORD002386,SKU0037,1,46.26
ORD002387,SKU0030,3,148.59
ORD002388,SKU0016,2,35.32
ORD002389,SKU0005,3,129.06
ORD002390,SKU0036,1,30.19
ORD002390,SKU0001,4,66.96
ORD002390,SKU0013,2,20.92
ORD002391,SKU0026,1,22.39
ORD002392,SKU0012,4,103.56
ORD002392,SKU0035,2,97.7
ORD002392,SKU0003,4,117.96
ORD002393,SKU0033,3,82.17
ORD002394,SKU0037,4,185.04
ORD002394,SKU0037,3,138.78
ORD002395,SKU0007,4,110.08
ORD002395,SKU0016,4,70.64
ORD002395,SKU0000,1,31.32
ORD002396,SKU0016,2,35.32
ORD002396,SKU0036,2,60.38
ORD002396,SKU0037,1,46.26
ORD002397,SKU0002,2,109.1
ORD002397,SKU0015,1,13.72
ORD002397,SKU0004,4,78.32
ORD002398,SKU0007,1,27.52
ORD002398,SKU0013,1,10.46
ORD002399,SKU0021,2,24.58
ORD002400,SKU0007,3,82.56
ORD002401,SKU0033,3,82.17
ORD002401,SKU0028,2,84.96
ORD002402,SKU0022,2,77.26
ORD002402,SKU0015,4,54.88
ORD002403,SKU0003,3,88.47
ORD002403,SKU0000,4,125.28
ORD002404,SKU0003,4,117.96
ORD002405,SKU0026,1,22.39
ORD002406,SKU0017,2,131.5
ORD002406,SKU0027,1,49.92
ORD002407,SKU0037,4,185.04
ORD002408,SKU0014,4,199.76
ORD002408,SKU0012,3,77.67
ORD002408,SKU0030,4,198.12
ORD002409,SKU0014,4,199.76
ORD002409,SKU0008,1,41.79
ORD002410,SKU0014,2,99.88
ORD002410,SKU0007,3,82.56
ORD002411,SKU0006,3,94.83
ORD002411,SKU0033,3,82.17
ORD002412,SKU0036,1,30.19
ORD002413,SKU0015,2,27.44
ORD002413,SKU0031,1,48.48
ORD002414,SKU0035,4,195.4
ORD002414,SKU0036,3,90.57
ORD002415,SKU0011,1,47.7
ORD002416,SKU0017,2,131.5
ORD002416,SKU0025,3,44.49
ORD002417,SKU0039,2,112.28
ORD002417,SKU0015,3,41.16
ORD002418,SKU0030,2,99.06
ORD002418,SKU0034,3,132.57
ORD002419,SKU0035,1,48.85
ORD002419,SKU0004,1,19.58
ORD002420,SKU0026,1,22.39
ORD002421,SKU0034,1,44.19
ORD002421,SKU0006,4,126.44
ORD002422,SKU0013,2,20.92
ORD002422,SKU0023,1,27.67
ORD002422,SKU0002,3,163.65
ORD002423,SKU0017,4,263.0
ORD002424,SKU0015,1,13.72
ORD002424,SKU0005,3,129.06
ORD002425,SKU0015,1,13.72
ORD002425,SKU0030,3,148.59
ORD002425,SKU0034,2,88.38
ORD002426,SKU0026,3,67.17
ORD002427,SKU0037,2,92.52
ORD002427,SKU0036,3,90.57
ORD002427,SKU0000,4,125.28
ORD002428,SKU0035,2,97.7
ORD002428,SKU0001,1,16.74
ORD002429,SKU0017,2,131.5
ORD002429,SKU0011,2,95.4
ORD002429,SKU0014,1,49.94
ORD002430,SKU0012,2,51.78
ORD002431,SKU0028,2,84.96
ORD002432,SKU0007,2,55.04
ORD002433,SKU0027,2,99.84
ORD002433,SKU0004,2,39.16
ORD002433,SKU0030,4,198.12
ORD002434,SKU0002,2,109.1
ORD002434,SKU0026,1,22.39
ORD002435,SKU0004,2,39.16
ORD002436,SKU0014,2,99.88
ORD002436,SKU0017,3,197.25
ORD002437,SKU0034,2,88.38
ORD002437,SKU0028,4,169.92
ORD002437,SKU0011,4,190.8
ORD002438,SKU0038,2,70.46
ORD002438,SKU0001,2,33.48
ORD002439,SKU0034,4,176.76
ORD002439,SKU0005,1,43.02
ORD002440,SKU0034,1,44.19
ORD002441,SKU0037,2,92.52
ORD002441,SKU0003,2,58.98
ORD002442,SKU0015,1,13.72
ORD002443,SKU0015,1,13.72
ORD002444,SKU0005,3,129.06
ORD002444,SKU0016,3,52.98
ORD002444,SKU0035,2,97.7
ORD002445,SKU0031,2,96.96
ORD002445,SKU0008,2,83.58
ORD002446,SKU0039,4,224.56
ORD002447,SKU0034,1,44.19
ORD002447,SKU0020,4,110.4
ORD002447,SKU0010,3,29.25
ORD002448,SKU0000,1,31.32
ORD002449,SKU0020,2,55.2
ORD002450,SKU0012,4,103.56
ORD002451,SKU0023,1,27.67
ORD002451,SKU0038,1,35.23
ORD002451,SKU0009,3,66.63
ORD002452,SKU0007,3,82.56
ORD002452,SKU0018,3,73.59
ORD002452,SKU0010,1,9.75
ORD002453,SKU0036,4,120.76
ORD002453,SKU0018,4,98.12
ORD002453,SKU0033,1,27.39
ORD002454,SKU0032,1,35.03
ORD002454,SKU0020,4,110.4
ORD002455,SKU0027,4,199.68
ORD002455,SKU0001,1,16.74
ORD002455,SKU0038,1,35.23
ORD002456,SKU0024,3,126.21
ORD002457,SKU0033,3,82.17
ORD002457,SKU0033,2,54.78
ORD002458,SKU0007,2,55.04
ORD002458,SKU0026,2,44.78
ORD002458,SKU0017,2,131.5
ORD002459,SKU0003,3,88.47
ORD002459,SKU0019,2,30.24
ORD002459,SKU0036,4,120.76
ORD002460,SKU0002,4,218.2
ORD002460,SKU0003,4,117.96
ORD002460,SKU0013,2,20.92
ORD002461,SKU0039,3,168.42
ORD002461,SKU0001,2,33.48
ORD002462,SKU0017,1,65.75
ORD002463,SKU0033,1,27.39
ORD002463,SKU0035,1,48.85
ORD002464,SKU0011,4,190.8
ORD002464,SKU0031,2,96.96
ORD002464,SKU0033,2,54.78
ORD002465,SKU0004,4,78.32
ORD002465,SKU0017,2,131.5
ORD002465,SKU0009,1,22.21
ORD002466,SKU0018,2,49.06
ORD002466,SKU0033,3,82.17
ORD002466,SKU0026,3,67.17
ORD002467,SKU0026,2,44.78
ORD002468,SKU0013,1,10.46
ORD002468,SKU0019,3,45.36
ORD002469,SKU0024,3,126.21
ORD002470,SKU0023,3,83.01
ORD002470,SKU0002,2,109.1
ORD002471,SKU0023,3,83.01
ORD002471,SKU0034,2,88.38
ORD002471,SKU0018,2,49.06
ORD002472,SKU0024,3,126.21
ORD002472,SKU0026,3,67.17
ORD002473,SKU0033,1,27.39
ORD002473,SKU0014,1,49.94
ORD002473,SKU0023,2,55.34
ORD002474,SKU0011,3,143.1
ORD002474,SKU0021,2,24.58
ORD002474,SKU0029,1,28.42
ORD002475,SKU0003,3,88.47
ORD002475,SKU0015,2,27.44
ORD002476,SKU0012,3,77.67
ORD002476,SKU0037,3,138.78
ORD002477,SKU0014,2,99.88
ORD002477,SKU0006,1,31.61
ORD002477,SKU0006,4,126.44
ORD002478,SKU0007,1,27.52
ORD002478,SKU0038,2,70.46
ORD002478,SKU0015,1,13.72
ORD002479,SKU0008,4,167.16
ORD002480,SKU0026,1,22.39
ORD002481,SKU0032,4,140.12
ORD002481,SKU0020,4,110.4
ORD002481,SKU0006,4,126.44
ORD002482,SKU0033,1,27.39
ORD002482,SKU0000,2,62.64
ORD002482,SKU0013,1,10.46
ORD002483,SKU0026,1,22.39
ORD002483,SKU0035,2,97.7
ORD002484,SKU0015,4,54.88
ORD002485,SKU0031,3,145.44
ORD002485,SKU0018,1,24.53
ORD002485,SKU0026,1,22.39
ORD002486,SKU0023,3,83.01
ORD002486,SKU0008,1,41.79
ORD002487,SKU0004,1,19.58
ORD002487,SKU0033,3,82.17
ORD002487,SKU0006,3,94.83
ORD002488,SKU0033,4,109.56
ORD002488,SKU0021,1,12.29
ORD002489,SKU0012,2,51.78
ORD002489,SKU0010,2,19.5
ORD002490,SKU0004,2,39.16
ORD002491,SKU0021,4,49.16
ORD002491,SKU0004,1,19.58
ORD002492,SKU0018,2,49.06
ORD002492,SKU0033,4,109.56
ORD002492,SKU0002,3,163.65
ORD002493,SKU0031,4,193.92
ORD002494,SKU0002,1,54.55
ORD002494,SKU0007,2,55.04
ORD002494,SKU0027,1,49.92
ORD002495,SKU0033,2,54.78
ORD002496,SKU0038,1,35.23
ORD002496,SKU0001,4,66.96
ORD002497,SKU0020,2,55.2
ORD002498,SKU0016,3,52.98
ORD002499,SKU0032,2,70.06
ORD002499,SKU0027,1,49.92
ORD002500,SKU0035,2,97.7
ORD002500,SKU0039,2,112.28
ORD002501,SKU0002,1,54.55
ORD002501,SKU0015,3,41.16
ORD002502,SKU0028,2,84.96
ORD002502,SKU0021,3,36.87
ORD002502,SKU0015,4,54.88
ORD002503,SKU0026,1,22.39
ORD002504,SKU0023,1,27.67
ORD002504,SKU0003,1,29.49
ORD002504,SKU0023,4,110.68
ORD002505,SKU0023,1,27.67
ORD002505,SKU0018,3,73.59
ORD002505,SKU0036,2,60.38
ORD002506,SKU0037,2,92.52
ORD002506,SKU0025,4,59.32
ORD002507,SKU0018,4,98.12
ORD002507,SKU0005,3,129.06
ORD002508,SKU0037,4,185.04
ORD002508,SKU0036,2,60.38
ORD002509,SKU0006,3,94.83
ORD002509,SKU0001,3,50.22
ORD002509,SKU0036,2,60.38
ORD002510,SKU0011,2,95.4
ORD002511,SKU0025,1,14.83
ORD002511,SKU0026,1,22.39
ORD002512,SKU0025,1,14.83
ORD002513,SKU0028,2,84.96
ORD002514,SKU0014,2,99.88
ORD002514,SKU0020,3,82.8
ORD002514,SKU0015,2,27.44
ORD002515,SKU0000,3,93.96
ORD002515,SKU0026,1,22.39
ORD002516,SKU0027,3,149.76
ORD002516,SKU0001,2,33.48
ORD002516,SKU0025,3,44.49
ORD002517,SKU0017,1,65.75
ORD002517,SKU0035,4,195.4
ORD002518,SKU0026,1,22.39
ORD002518,SKU0013,1,10.46
ORD002519,SKU0006,2,63.22
ORD002519,SKU0012,3,77.67
ORD002520,SKU0016,2,35.32
ORD002521,SKU0009,2,44.42
ORD002521,SKU0037,3,138.78
ORD002521,SKU0032,3,105.09
ORD002522,SKU0030,2,99.06
ORD002523,SKU0032,4,140.12
ORD002523,SKU0038,4,140.92
ORD002523,SKU0024,1,42.07
ORD002524,SKU0032,2,70.06
ORD002524,SKU0004,1,19.58
ORD002525,SKU0003,1,29.49
ORD002526,SKU0039,3,168.42
ORD002527,SKU0038,1,35.23
ORD002527,SKU0020,1,27.6
ORD002527,SKU0029,4,113.68
ORD002528,SKU0037,4,185.04
ORD002529,SKU0023,2,55.34
ORD002530,SKU0031,4,193.92
ORD002531,SKU0010,1,9.75
ORD002531,SKU0028,2,84.96
ORD002532,SKU0008,2,83.58
ORD002532,SKU0022,1,38.63
ORD002532,SKU0035,1,48.85
ORD002533,SKU0003,2,58.98
ORD002533,SKU0036,1,30.19
ORD002534,SKU0033,3,82.17
ORD002534,SKU0004,2,39.16
ORD002535,SKU0014,1,49.94
ORD002535,SKU0008,3,125.37
ORD002536,SKU0022,4,154.52
ORD002537,SKU0005,4,172.08
ORD002537,SKU0000,2,62.64
ORD002537,SKU0010,1,9.75
ORD002538,SKU0024,1,42.07
ORD002539,SKU0032,3,105.09
ORD002540,SKU0034,3,132.57
ORD002540,SKU0024,1,42.07
ORD002541,SKU0004,3,58.74
ORD002541,SKU0019,3,45.36
ORD002542,SKU0010,3,29.25
ORD002542,SKU0003,2,58.98
ORD002542,SKU0025,3,44.49
ORD002543,SKU0027,3,149.76
ORD002544,SKU0028,2,84.96
ORD002545,SKU0030,1,49.53
ORD002545,SKU0009,4,88.84
ORD002546,SKU0011,1,47.7
ORD002547,SKU0005,4,172.08
ORD002547,SKU0037,2,92.52
ORD002547,SKU0006,2,63.22
ORD002548,SKU0010,3,29.25
ORD002548,SKU0031,4,193.92
ORD002549,SKU0034,2,88.38
ORD002550,SKU0034,3,132.57
ORD002551,SKU0014,4,199.76
ORD002551,SKU0001,4,66.96
ORD002552,SKU0027,4,199.68
ORD002552,SKU0007,4,110.08
ORD002552,SKU0030,1,49.53
ORD002553,SKU0025,2,29.66
ORD002554,SKU0024,2,84.14
ORD002555,SKU0014,3,149.82
ORD002556,SKU0025,3,44.49
ORD002557,SKU0028,1,42.48
ORD002557,SKU0016,4,70.64
ORD002557,SKU0036,2,60.38
ORD002558,SKU0011,1,47.7
ORD002558,SKU0036,2,60.38
ORD002558,SKU0020,4,110.4
ORD002559,SKU0037,3,138.78
ORD002559,SKU0015,4,54.88
ORD002559,SKU0039,3,168.42
ORD002560,SKU0008,1,41.79
ORD002561,SKU0014,4,199.76
ORD002561,SKU0038,3,105.69
ORD002561,SKU0032,3,105.09
ORD002562,SKU0021,1,12.29
ORD002562,SKU0005,3,129.06
ORD002562,SKU0022,4,154.52
ORD002563,SKU0002,4,218.2
ORD002563,SKU0005,3,129.06
ORD002564,SKU0025,4,59.32
ORD002564,SKU0024,4,168.28
ORD002564,SKU0012,2,51.78
ORD002565,SKU0024,1,42.07
ORD002565,SKU0039,1,56.14
ORD002566,SKU0034,4,176.76
ORD002566,SKU0024,2,84.14
ORD002566,SKU0039,4,224.56
ORD002567,SKU0009,2,44.42
ORD002567,SKU0020,2,55.2
ORD002567,SKU0031,1,48.48
ORD002568,SKU0033,1,27.39
ORD002568,SKU0025,2,29.66
ORD002568,SKU0015,3,41.16
ORD002569,SKU0023,4,110.68
ORD002570,SKU0029,1,28.42
ORD002570,SKU0001,1,16.74
ORD002570,SKU0010,3,29.25
ORD002571,SKU0021,3,36.87
ORD002571,SKU0017,3,197.25
ORD002571,SKU0011,4,190.8
ORD002572,SKU0008,3,125.37
ORD002573,SKU0015,2,27.44
ORD002574,SKU0025,2,29.66
ORD002574,SKU0012,1,25.89
ORD002575,SKU0016,1,17.66
ORD002576,SKU0021,4,49.16
ORD002576,SKU0011,3,143.1
ORD002576,SKU0024,2,84.14
ORD002577,SKU0037,2,92.52
ORD002577,SKU0014,3,149.82
ORD002578,SKU0014,1,49.94
ORD002579,SKU0023,1,27.67
ORD002579,SKU0031,3,145.44
ORD002580,SKU0001,3,50.22
ORD002580,SKU0031,3,145.44
ORD002581,SKU0012,3,77.67
ORD002582,SKU0032,1,35.03
ORD002582,SKU0007,4,110.08
ORD002582,SKU0038,4,140.92
ORD002583,SKU0033,3,82.17
ORD002584,SKU0002,1,54.55
ORD002584,SKU0023,2,55.34
ORD002585,SKU0020,3,82.8
ORD002586,SKU0020,2,55.2
ORD002586,SKU0006,2,63.22
ORD002587,SKU0013,4,41.84
ORD002587,SKU0030,1,49.53
ORD002587,SKU0015,4,54.88
ORD002588,SKU0001,3,50.22
ORD002589,SKU0005,1,43.02
ORD002589,SKU0022,2,77.26
ORD002590,SKU0033,1,27.39
ORD002590,SKU0037,4,185.04
ORD002590,SKU0035,1,48.85
ORD002591,SKU0000,3,93.96
ORD002591,SKU0023,2,55.34
ORD002592,SKU0035,3,146.55
ORD002592,SKU0025,2,29.66
ORD002592,SKU0008,3,125.37
ORD002593,SKU0003,3,88.47
ORD002593,SKU0037,4,185.04
ORD002594,SKU0017,3,197.25
ORD002594,SKU0010,2,19.5
ORD002595,SKU0021,3,36.87
ORD002595,SKU0034,3,132.57
ORD002595,SKU0037,4,185.04
ORD002596,SKU0039,3,168.42
ORD002596,SKU0011,2,95.4
ORD002596,SKU0019,1,15.12
ORD002597,SKU0001,2,33.48
ORD002597,SKU0000,1,31.32
ORD002598,SKU0023,2,55.34
ORD002598,SKU0037,2,92.52
ORD002599,SKU0007,3,82.56
ORD002600,SKU0000,3,93.96
ORD002601,SKU0033,2,54.78
ORD002602,SKU0011,1,47.7
ORD002602,SKU0018,3,73.59
ORD002602,SKU0018,4,98.12
ORD002603,SKU0031,2,96.96
ORD002604,SKU0028,3,127.44
ORD002604,SKU0026,2,44.78
ORD002604,SKU0000,2,62.64
ORD002605,SKU0010,3,29.25
ORD002605,SKU0018,2,49.06
ORD002605,SKU0004,2,39.16
ORD002606,SKU0008,2,83.58
ORD002607,SKU0038,2,70.46
ORD002608,SKU0005,1,43.02
ORD002608,SKU0024,1,42.07
ORD002608,SKU0005,2,86.04
ORD002609,SKU0010,2,19.5
ORD002609,SKU0035,4,195.4
ORD002610,SKU0010,4,39.0
ORD002610,SKU0025,1,14.83
ORD002610,SKU0029,2,56.84
ORD002611,SKU0029,3,85.26
ORD002611,SKU0016,3,52.98
ORD002612,SKU0008,4,167.16
ORD002612,SKU0009,1,22.21
ORD002613,SKU0005,4,172.08
ORD002613,SKU0024,2,84.14
ORD002613,SKU0006,4,126.44
ORD002614,SKU0028,1,42.48
ORD002615,SKU0029,2,56.84
ORD002616,SKU0013,2,20.92
ORD002616,SKU0001,3,50.22
ORD002616,SKU0011,2,95.4
ORD002617,SKU0039,2,112.28
ORD002617,SKU0026,2,44.78
ORD002617,SKU0006,4,126.44
ORD002618,SKU0019,2,30.24
ORD002619,SKU0015,2,27.44
ORD002620,SKU0015,2,27.44
ORD002620,SKU0020,3,82.8
ORD002620,SKU0017,4,263.0
ORD002621,SKU0029,4,113.68
ORD002621,SKU0014,2,99.88
ORD002621,SKU0025,3,44.49
ORD002622,SKU0021,3,36.87
ORD002622,SKU0016,4,70.64
ORD002622,SKU0039,1,56.14
ORD002623,SKU0037,4,185.04
ORD002623,SKU0000,2,62.64
ORD002623,SKU0036,2,60.38
ORD002624,SKU0003,3,88.47
ORD002625,SKU0031,1,48.48
ORD002625,SKU0013,4,41.84
ORD002625,SKU0020,2,55.2
ORD002626,SKU0015,2,27.44
ORD002626,SKU0009,1,22.21
ORD002626,SKU0006,2,63.22
ORD002627,SKU0003,2,58.98
ORD002627,SKU0011,1,47.7
ORD002627,SKU0002,3,163.65
ORD002628,SKU0029,4,113.68
ORD002628,SKU0022,2,77.26
ORD002628,SKU0023,3,83.01
ORD002629,SKU0034,4,176.76
ORD002629,SKU0003,1,29.49
ORD002629,SKU0012,1,25.89
ORD002630,SKU0024,1,42.07
ORD002631,SKU0007,4,110.08
ORD002631,SKU0004,3,58.74
ORD002632,SKU0036,1,30.19
ORD002632,SKU0001,2,33.48
ORD002632,SKU0036,2,60.38
ORD002633,SKU0001,1,16.74
ORD002633,SKU0019,2,30.24
ORD002633,SKU0030,3,148.59
ORD002634,SKU0039,2,112.28
ORD002635,SKU0030,1,49.53
ORD002635,SKU0013,4,41.84
ORD002636,SKU0025,1,14.83
ORD002637,SKU0013,2,20.92
ORD002638,SKU0029,2,56.84
ORD002638,SKU0003,1,29.49
ORD002639,SKU0007,4,110.08
ORD002640,SKU0011,1,47.7
ORD002641,SKU0008,3,125.37
ORD002641,SKU0033,4,109.56
ORD002642,SKU0013,1,10.46
ORD002642,SKU0018,2,49.06
ORD002642,SKU0027,4,199.68
ORD002643,SKU0000,2,62.64
ORD002643,SKU0029,3,85.26
ORD002643,SKU0033,1,27.39
ORD002644,SKU0006,1,31.61
ORD002645,SKU0025,2,29.66
ORD002645,SKU0021,1,12.29
ORD002645,SKU0036,3,90.57
ORD002646,SKU0018,4,98.12
ORD002646,SKU0008,1,41.79
ORD002646,SKU0037,2,92.52
ORD002647,SKU0024,1,42.07
ORD002647,SKU0000,2,62.64
ORD002647,SKU0036,3,90.57
ORD002648,SKU0001,1,16.74
ORD002648,SKU0014,4,199.76
ORD002649,SKU0012,4,103.56
ORD002649,SKU0022,3,115.89
ORD002650,SKU0019,2,30.24
ORD002650,SKU0013,1,10.46
ORD002651,SKU0009,1,22.21
ORD002651,SKU0009,4,88.84
ORD002651,SKU0003,4,117.96
ORD002652,SKU0010,4,39.0
ORD002652,SKU0014,4,199.76
ORD002652,SKU0017,1,65.75
ORD002653,SKU0005,4,172.08
ORD002653,SKU0027,1,49.92
ORD002654,SKU0008,3,125.37
ORD002655,SKU0020,3,82.8
ORD002655,SKU0010,1,9.75
ORD002656,SKU0015,1,13.72
ORD002657,SKU0023,4,110.68
ORD002657,SKU0031,4,193.92
ORD002657,SKU0023,4,110.68
ORD002658,SKU0028,3,127.44
ORD002658,SKU0023,3,83.01
ORD002659,SKU0016,4,70.64
ORD002660,SKU0029,4,113.68
ORD002660,SKU0000,1,31.32
ORD002661,SKU0007,1,27.52
ORD002662,SKU0026,2,44.78
ORD002663,SKU0017,1,65.75
ORD002663,SKU0031,2,96.96
ORD002664,SKU0034,1,44.19
ORD002665,SKU0023,4,110.68
ORD002665,SKU0006,2,63.22
ORD002665,SKU0037,1,46.26
ORD002666,SKU0003,4,117.96
ORD002666,SKU0005,2,86.04
ORD002666,SKU0032,1,35.03
ORD002667,SKU0015,1,13.72
ORD002668,SKU0005,1,43.02
ORD002668,SKU0018,3,73.59
ORD002669,SKU0019,2,30.24
ORD002669,SKU0025,2,29.66
ORD002670,SKU0001,4,66.96
ORD002671,SKU0033,3,82.17
ORD002671,SKU0028,4,169.92
ORD002671,SKU0027,3,149.76
ORD002672,SKU0007,1,27.52
ORD002673,SKU0012,4,103.56
ORD002673,SKU0010,4,39.0
ORD002673,SKU0016,4,70.64
ORD002674,SKU0005,3,129.06
ORD002675,SKU0015,2,27.44
ORD002675,SKU0030,1,49.53
ORD002675,SKU0002,1,54.55
ORD002676,SKU0027,1,49.92
ORD002676,SKU0019,3,45.36
ORD002677,SKU0007,1,27.52
ORD002678,SKU0029,1,28.42
ORD002678,SKU0016,1,17.66
ORD002678,SKU0001,3,50.22
ORD002679,SKU0035,1,48.85
ORD002679,SKU0036,3,90.57
ORD002679,SKU0036,1,30.19
ORD002680,SKU0004,3,58.74
ORD002680,SKU0011,1,47.7
ORD002680,SKU0016,1,17.66
ORD002681,SKU0038,4,140.92
ORD002681,SKU0025,4,59.32
ORD002681,SKU0014,1,49.94
ORD002682,SKU0028,1,42.48
ORD002682,SKU0026,4,89.56
ORD002682,SKU0038,3,105.69
ORD002683,SKU0006,2,63.22
ORD002683,SKU0013,4,41.84
ORD002684,SKU0030,3,148.59
ORD002684,SKU0015,2,27.44
ORD002685,SKU0011,2,95.4
ORD002685,SKU0032,3,105.09
ORD002686,SKU0039,4,224.56
ORD002687,SKU0016,2,35.32
ORD002687,SKU0027,2,99.84
ORD002687,SKU0001,2,33.48
ORD002688,SKU0029,2,56.84
ORD002688,SKU0006,1,31.61
ORD002688,SKU0026,1,22.39
ORD002689,SKU0016,1,17.66
ORD002689,SKU0034,1,44.19
ORD002689,SKU0015,3,41.16
ORD002690,SKU0038,4,140.92
ORD002690,SKU0009,1,22.21
ORD002690,SKU0005,4,172.08
ORD002691,SKU0037,3,138.78
ORD002691,SKU0032,1,35.03
ORD002691,SKU0004,4,78.32
ORD002692,SKU0008,2,83.58
ORD002692,SKU0007,4,110.08
ORD002692,SKU0022,2,77.26
ORD002693,SKU0023,4,110.68
ORD002693,SKU0000,2,62.64
ORD002693,SKU0003,1,29.49
ORD002694,SKU0026,4,89.56
ORD002695,SKU0005,2,86.04
ORD002695,SKU0012,4,103.56
ORD002695,SKU0036,1,30.19
ORD002696,SKU0005,2,86.04
ORD002697,SKU0037,3,138.78
ORD002697,SKU0010,4,39.0
ORD002697,SKU0035,2,97.7
ORD002698,SKU0030,1,49.53
ORD002698,SKU0017,1,65.75
ORD002698,SKU0037,3,138.78
ORD002699,SKU0005,4,172.08
ORD002699,SKU0007,3,82.56
ORD002700,SKU0035,2,97.7
ORD002700,SKU0011,4,190.8
ORD002701,SKU0014,3,149.82
ORD002701,SKU0024,3,126.21
ORD002701,SKU0006,4,126.44
ORD002702,SKU0018,1,24.53
ORD002703,SKU0018,4,98.12
ORD002703,SKU0024,2,84.14
ORD002703,SKU0016,4,70.64
ORD002704,SKU0032,3,105.09
ORD002704,SKU0009,1,22.21
ORD002705,SKU0035,3,146.55
ORD002706,SKU0010,3,29.25
ORD002707,SKU0026,3,67.17
ORD002707,SKU0034,2,88.38
ORD002707,SKU0000,2,62.64
ORD002708,SKU0034,2,88.38
ORD002708,SKU0039,1,56.14
ORD002709,SKU0025,4,59.32
ORD002709,SKU0009,4,88.84
ORD002710,SKU0027,1,49.92
ORD002711,SKU0019,1,15.12
ORD002712,SKU0015,3,41.16
ORD002712,SKU0038,2,70.46
ORD002712,SKU0013,4,41.84
ORD002713,SKU0030,4,198.12
ORD002714,SKU0015,1,13.72
ORD002715,SKU0032,1,35.03
ORD002715,SKU0025,3,44.49
ORD002715,SKU0001,2,33.48
ORD002716,SKU0031,2,96.96
ORD002716,SKU0016,1,17.66
ORD002717,SKU0020,1,27.6
ORD002717,SKU0012,3,77.67
ORD002718,SKU0026,4,89.56
ORD002718,SKU0004,4,78.32
ORD002718,SKU0030,1,49.53
ORD002719,SKU0016,1,17.66
ORD002719,SKU0034,1,44.19
ORD002719,SKU0025,4,59.32
ORD002720,SKU0017,1,65.75
ORD002721,SKU0033,1,27.39
ORD002721,SKU0014,3,149.82
ORD002722,SKU0024,3,126.21
ORD002722,SKU0034,4,176.76
ORD002723,SKU0015,4,54.88
ORD002723,SKU0039,4,224.56
ORD002723,SKU0019,4,60.48
ORD002724,SKU0005,3,129.06
ORD002724,SKU0021,3,36.87
ORD002724,SKU0020,1,27.6
ORD002725,SKU0008,2,83.58
ORD002725,SKU0003,4,117.96
ORD002725,SKU0023,2,55.34
ORD002726,SKU0007,1,27.52
ORD002726,SKU0030,1,49.53
ORD002727,SKU0038,4,140.92
ORD002728,SKU0015,4,54.88
ORD002728,SKU0008,1,41.79
ORD002729,SKU0020,3,82.8
ORD002729,SKU0038,1,35.23
ORD002730,SKU0003,1,29.49
ORD002731,SKU0008,3,125.37
ORD002731,SKU0033,3,82.17
ORD002732,SKU0024,4,168.28
ORD002732,SKU0017,4,263.0
ORD002733,SKU0003,3,88.47
ORD002733,SKU0027,3,149.76
ORD002734,SKU0020,4,110.4
ORD002734,SKU0023,4,110.68
ORD002735,SKU0001,4,66.96
ORD002735,SKU0019,3,45.36
ORD002735,SKU0014,2,99.88
ORD002736,SKU0008,2,83.58
ORD002736,SKU0023,3,83.01
ORD002737,SKU0011,4,190.8
ORD002738,SKU0006,4,126.44
ORD002739,SKU0003,1,29.49
ORD002740,SKU0007,2,55.04
ORD002741,SKU0028,4,169.92
ORD002742,SKU0025,2,29.66
ORD002742,SKU0020,1,27.6
ORD002743,SKU0005,2,86.04
ORD002744,SKU0023,3,83.01
ORD002745,SKU0024,1,42.07
ORD002745,SKU0000,1,31.32
ORD002745,SKU0006,4,126.44
ORD002746,SKU0030,4,198.12
ORD002746,SKU0035,2,97.7
ORD002747,SKU0036,3,90.57
ORD002748,SKU0028,2,84.96
ORD002748,SKU0026,3,67.17
ORD002749,SKU0009,1,22.21
ORD002750,SKU0033,3,82.17
ORD002751,SKU0014,4,199.76
ORD002751,SKU0022,4,154.52
ORD002752,SKU0035,3,146.55
ORD002752,SKU0010,3,29.25
ORD002753,SKU0019,2,30.24
ORD002754,SKU0014,3,149.82
ORD002754,SKU0016,3,52.98
ORD002754,SKU0017,1,65.75
ORD002755,SKU0019,3,45.36
ORD002755,SKU0018,4,98.12
ORD002756,SKU0004,1,19.58
ORD002757,SKU0028,3,127.44
ORD002758,SKU0039,1,56.14
ORD002758,SKU0028,4,169.92
ORD002758,SKU0025,2,29.66
ORD002759,SKU0010,4,39.0
ORD002759,SKU0010,1,9.75
ORD002759,SKU0012,4,103.56
ORD002760,SKU0022,1,38.63
ORD002760,SKU0034,1,44.19
ORD002761,SKU0002,3,163.65
ORD002762,SKU0024,2,84.14
ORD002763,SKU0009,3,66.63
ORD002763,SKU0039,2,112.28
ORD002763,SKU0021,2,24.58
ORD002764,SKU0006,1,31.61
ORD002765,SKU0032,3,105.09
ORD002765,SKU0032,1,35.03
ORD002766,SKU0017,3,197.25
ORD002767,SKU0016,4,70.64
ORD002767,SKU0003,2,58.98
ORD002768,SKU0004,4,78.32
ORD002768,SKU0038,2,70.46
ORD002768,SKU0028,1,42.48
ORD002769,SKU0038,1,35.23
ORD002770,SKU0032,3,105.09
ORD002770,SKU0034,4,176.76
ORD002771,SKU0027,2,99.84
ORD002771,SKU0038,1,35.23
ORD002771,SKU0019,3,45.36
ORD002772,SKU0008,4,167.16
ORD002772,SKU0006,3,94.83
ORD002772,SKU0028,2,84.96
ORD002773,SKU0002,1,54.55
ORD002774,SKU0024,3,126.21
ORD002774,SKU0011,3,143.1
ORD002774,SKU0008,2,83.58
ORD002775,SKU0028,2,84.96
ORD002775,SKU0033,2,54.78
ORD002775,SKU0015,1,13.72
ORD002776,SKU0035,4,195.4
ORD002776,SKU0001,4,66.96
ORD002776,SKU0010,2,19.5
ORD002777,SKU0003,2,58.98
ORD002777,SKU0010,2,19.5
ORD002777,SKU0007,1,27.52
ORD002778,SKU0014,2,99.88
ORD002779,SKU0033,4,109.56
ORD002780,SKU0007,1,27.52
ORD002780,SKU0001,4,66.96
ORD002781,SKU0035,1,48.85
ORD002782,SKU0024,1,42.07
ORD002782,SKU0018,1,24.53
ORD002783,SKU0020,2,55.2
ORD002783,SKU0005,1,43.02
ORD002784,SKU0035,2,97.7
ORD002784,SKU0012,3,77.67
ORD002785,SKU0020,1,27.6
ORD002785,SKU0002,1,54.55
ORD002785,SKU0012,1,25.89
ORD002786,SKU0000,3,93.96
ORD002787,SKU0037,4,185.04
ORD002787,SKU0028,1,42.48
ORD002787,SKU0021,1,12.29
ORD002788,SKU0024,4,168.28
ORD002788,SKU0017,1,65.75
ORD002789,SKU0025,3,44.49
ORD002789,SKU0019,1,15.12
ORD002789,SKU0005,2,86.04
ORD002790,SKU0034,3,132.57
ORD002790,SKU0006,4,126.44
ORD002791,SKU0030,1,49.53
ORD002791,SKU0033,1,27.39
ORD002791,SKU0023,2,55.34
ORD002792,SKU0012,3,77.67
ORD002792,SKU0035,2,97.7
ORD002792,SKU0024,4,168.28
ORD002793,SKU0029,1,28.42
ORD002793,SKU0033,2,54.78
ORD002793,SKU0034,4,176.76
ORD002794,SKU0036,1,30.19
ORD002794,SKU0030,4,198.12
ORD002794,SKU0039,1,56.14
ORD002795,SKU0037,4,185.04
ORD002795,SKU0011,3,143.1
ORD002796,SKU0029,4,113.68
ORD002796,SKU0001,2,33.48
ORD002796,SKU0008,1,41.79
ORD002797,SKU0022,4,154.52
ORD002797,SKU0033,2,54.78
ORD002798,SKU0005,1,43.02
ORD002798,SKU0036,3,90.57
ORD002799,SKU0023,3,83.01
ORD002799,SKU0032,3,105.09
ORD002800,SKU0029,3,85.26
ORD002800,SKU0005,2,86.04
ORD002801,SKU0038,2,70.46
ORD002801,SKU0004,1,19.58
ORD002802,SKU0017,1,65.75
ORD002803,SKU0027,3,149.76
ORD002804,SKU0038,4,140.92
ORD002805,SKU0004,4,78.32
ORD002805,SKU0003,3,88.47
ORD002805,SKU0023,3,83.01
ORD002806,SKU0022,3,115.89
ORD002806,SKU0023,4,110.68
ORD002806,SKU0002,3,163.65
ORD002807,SKU0000,2,62.64
ORD002808,SKU0000,1,31.32
ORD002808,SKU0003,1,29.49
ORD002809,SKU0021,4,49.16
ORD002809,SKU0017,1,65.75
ORD002809,SKU0029,2,56.84
ORD002810,SKU0030,2,99.06
ORD002810,SKU0032,2,70.06
ORD002811,SKU0017,1,65.75
ORD002811,SKU0003,1,29.49
ORD002811,SKU0031,2,96.96
ORD002812,SKU0028,2,84.96
ORD002812,SKU0005,2,86.04
ORD002812,SKU0026,1,22.39
ORD002813,SKU0000,4,125.28
ORD002813,SKU0004,1,19.58
ORD002814,SKU0003,1,29.49
ORD002814,SKU0007,3,82.56
ORD002814,SKU0000,2,62.64
ORD002815,SKU0005,3,129.06
ORD002815,SKU0011,4,190.8
ORD002815,SKU0005,1,43.02
ORD002816,SKU0003,2,58.98
ORD002816,SKU0012,1,25.89
ORD002817,SKU0027,3,149.76
ORD002818,SKU0016,1,17.66
ORD002818,SKU0032,3,105.09
ORD002819,SKU0018,2,49.06
ORD002819,SKU0009,4,88.84
ORD002819,SKU0026,2,44.78
ORD002820,SKU0038,3,105.69
ORD002821,SKU0026,1,22.39
ORD002822,SKU0030,2,99.06
ORD002823,SKU0013,1,10.46
ORD002824,SKU0002,2,109.1
ORD002824,SKU0022,4,154.52
ORD002825,SKU0029,3,85.26
ORD002826,SKU0016,2,35.32
ORD002826,SKU0021,2,24.58
ORD002827,SKU0025,3,44.49
ORD002828,SKU0027,4,199.68
ORD002829,SKU0016,3,52.98
ORD002830,SKU0035,3,146.55
ORD002831,SKU0024,3,126.21
ORD002832,SKU0003,3,88.47
ORD002832,SKU0021,1,12.29
ORD002832,SKU0028,4,169.92
ORD002833,SKU0023,4,110.68
ORD002833,SKU0039,3,168.42
ORD002834,SKU0025,2,29.66
ORD002834,SKU0013,2,20.92
ORD002835,SKU0021,3,36.87
ORD002835,SKU0006,1,31.61
ORD002835,SKU0031,3,145.44
ORD002836,SKU0006,1,31.61
ORD002837,SKU0024,1,42.07
ORD002837,SKU0038,1,35.23
ORD002837,SKU0009,3,66.63
ORD002838,SKU0024,1,42.07
ORD002838,SKU0011,2,95.4
ORD002838,SKU0001,4,66.96
ORD002839,SKU0020,3,82.8
ORD002840,SKU0005,2,86.04
ORD002841,SKU0036,3,90.57
ORD002841,SKU0003,1,29.49
ORD002842,SKU0003,1,29.49
ORD002842,SKU0020,1,27.6
ORD002842,SKU0021,2,24.58
ORD002843,SKU0037,3,138.78
ORD002843,SKU0028,3,127.44
ORD002843,SKU0002,4,218.2
ORD002844,SKU0006,4,126.44
ORD002844,SKU0012,2,51.78
ORD002845,SKU0022,3,115.89
ORD002846,SKU0004,1,19.58
ORD002846,SKU0000,4,125.28
ORD002846,SKU0018,2,49.06
ORD002847,SKU0037,1,46.26
ORD002848,SKU0008,1,41.79
ORD002848,SKU0013,4,41.84
ORD002849,SKU0018,1,24.53
ORD002849,SKU0004,3,58.74
ORD002849,SKU0039,1,56.14
ORD002850,SKU0039,2,112.28
ORD002850,SKU0034,3,132.57
ORD002850,SKU0022,2,77.26
ORD002851,SKU0009,1,22.21
ORD002851,SKU0023,4,110.68
ORD002852,SKU0026,4,89.56
ORD002853,SKU0001,4,66.96
ORD002854,SKU0003,1,29.49
ORD002854,SKU0034,4,176.76
ORD002854,SKU0028,4,169.92
ORD002855,SKU0015,4,54.88
ORD002855,SKU0032,3,105.09
ORD002855,SKU0008,2,83.58
ORD002856,SKU0019,3,45.36
ORD002856,SKU0014,1,49.94
ORD002857,SKU0029,4,113.68
ORD002857,SKU0010,3,29.25
ORD002858,SKU0010,3,29.25
ORD002859,SKU0013,4,41.84
ORD002859,SKU0020,3,82.8
ORD002860,SKU0018,1,24.53
ORD002861,SKU0011,1,47.7
ORD002861,SKU0011,2,95.4
ORD002862,SKU0021,1,12.29
ORD002862,SKU0004,1,19.58
ORD002863,SKU0026,1,22.39
ORD002864,SKU0034,4,176.76
ORD002865,SKU0000,2,62.64
ORD002866,SKU0025,4,59.32
ORD002866,SKU0014,2,99.88
ORD002867,SKU0021,4,49.16
ORD002867,SKU0021,4,49.16
ORD002868,SKU0005,2,86.04
ORD002869,SKU0010,4,39.0
ORD002869,SKU0002,2,109.1
ORD002870,SKU0011,1,47.7
ORD002870,SKU0009,4,88.84
ORD002870,SKU0023,3,83.01
ORD002871,SKU0016,4,70.64
ORD002872,SKU0038,2,70.46
ORD002872,SKU0000,4,125.28
ORD002872,SKU0007,1,27.52
ORD002873,SKU0035,1,48.85
ORD002874,SKU0010,1,9.75
ORD002874,SKU0038,2,70.46
ORD002875,SKU0007,4,110.08
ORD002875,SKU0000,3,93.96
ORD002875,SKU0036,1,30.19
ORD002876,SKU0032,4,140.12
ORD002877,SKU0021,1,12.29
ORD002877,SKU0037,3,138.78
ORD002878,SKU0030,2,99.06
ORD002878,SKU0006,4,126.44
ORD002878,SKU0035,1,48.85
ORD002879,SKU0030,2,99.06
ORD002880,SKU0038,2,70.46
ORD002880,SKU0032,4,140.12
ORD002881,SKU0021,3,36.87
ORD002881,SKU0003,1,29.49
ORD002882,SKU0030,2,99.06
ORD002883,SKU0035,2,97.7
ORD002884,SKU0008,2,83.58
ORD002884,SKU0008,2,83.58
ORD002884,SKU0003,3,88.47
ORD002885,SKU0031,3,145.44
ORD002885,SKU0013,2,20.92
ORD002886,SKU0026,3,67.17
ORD002887,SKU0000,2,62.64
ORD002887,SKU0000,2,62.64
ORD002887,SKU0002,2,109.1
ORD002888,SKU0009,2,44.42
ORD002888,SKU0008,2,83.58
ORD002888,SKU0028,4,169.92
ORD002889,SKU0006,2,63.22
ORD002889,SKU0023,2,55.34
ORD002889,SKU0002,2,109.1
ORD002890,SKU0021,1,12.29
ORD002890,SKU0026,3,67.17
ORD002891,SKU0003,3,88.47
ORD002892,SKU0029,4,113.68
ORD002892,SKU0022,4,154.52
ORD002893,SKU0034,2,88.38
ORD002893,SKU0008,1,41.79
ORD002893,SKU0001,2,33.48
ORD002894,SKU0004,4,78.32
ORD002894,SKU0019,4,60.48
ORD002895,SKU0037,2,92.52
ORD002896,SKU0015,3,41.16
ORD002896,SKU0004,4,78.32
ORD002897,SKU0036,1,30.19
ORD002898,SKU0031,1,48.48
ORD002898,SKU0032,1,35.03
ORD002899,SKU0023,4,110.68
ORD002899,SKU0025,4,59.32
ORD002899,SKU0002,4,218.2
ORD002900,SKU0005,4,172.08
ORD002901,SKU0019,3,45.36
ORD002902,SKU0002,4,218.2
ORD002902,SKU0027,4,199.68
ORD002902,SKU0012,3,77.67
ORD002903,SKU0014,4,199.76
ORD002903,SKU0022,1,38.63
ORD002903,SKU0019,4,60.48
ORD002904,SKU0008,2,83.58
ORD002905,SKU0007,1,27.52
ORD002905,SKU0018,2,49.06
ORD002906,SKU0008,3,125.37
ORD002906,SKU0035,3,146.55
ORD002907,SKU0032,1,35.03
ORD002908,SKU0039,1,56.14
ORD002908,SKU0039,4,224.56
ORD002908,SKU0009,2,44.42
ORD002909,SKU0038,4,140.92
ORD002909,SKU0016,2,35.32
ORD002909,SKU0012,3,77.67
ORD002910,SKU0018,4,98.12
ORD002910,SKU0011,3,143.1
ORD002910,SKU0003,3,88.47
ORD002911,SKU0015,3,41.16
ORD002912,SKU0015,1,13.72
ORD002912,SKU0005,3,129.06
ORD002912,SKU0033,4,109.56
ORD002913,SKU0017,3,197.25
ORD002913,SKU0029,4,113.68
ORD002914,SKU0021,4,49.16
ORD002914,SKU0025,3,44.49
ORD002915,SKU0015,4,54.88
ORD002915,SKU0023,4,110.68
ORD002916,SKU0038,4,140.92
ORD002916,SKU0004,4,78.32
ORD002917,SKU0005,2,86.04
ORD002918,SKU0001,1,16.74
ORD002918,SKU0036,3,90.57
ORD002919,SKU0005,3,129.06
ORD002919,SKU0011,4,190.8
ORD002919,SKU0038,2,70.46
ORD002920,SKU0024,4,168.28
ORD002920,SKU0019,4,60.48
ORD002920,SKU0011,1,47.7
ORD002921,SKU0017,2,131.5
ORD002921,SKU0015,3,41.16
ORD002922,SKU0011,4,190.8
ORD002922,SKU0007,3,82.56
ORD002923,SKU0034,2,88.38
ORD002923,SKU0015,2,27.44
ORD002923,SKU0026,1,22.39
ORD002924,SKU0013,1,10.46
ORD002924,SKU0028,4,169.92
ORD002925,SKU0006,1,31.61
ORD002926,SKU0007,4,110.08
ORD002926,SKU0033,3,82.17
ORD002926,SKU0010,2,19.5
ORD002927,SKU0035,4,195.4
ORD002927,SKU0005,3,129.06
ORD002928,SKU0023,3,83.01
ORD002929,SKU0029,3,85.26
ORD002929,SKU0017,4,263.0
ORD002929,SKU0003,1,29.49
ORD002930,SKU0010,1,9.75
ORD002930,SKU0033,4,109.56
ORD002930,SKU0021,2,24.58
ORD002931,SKU0028,2,84.96
ORD002931,SKU0036,4,120.76
ORD002932,SKU0012,2,51.78
ORD002932,SKU0029,1,28.42
ORD002933,SKU0002,3,163.65
ORD002934,SKU0004,1,19.58
ORD002934,SKU0023,3,83.01
ORD002934,SKU0033,1,27.39
ORD002935,SKU0030,2,99.06
ORD002936,SKU0011,3,143.1
ORD002936,SKU0029,2,56.84
ORD002937,SKU0038,3,105.69
ORD002938,SKU0007,2,55.04
ORD002938,SKU0025,1,14.83
ORD002938,SKU0031,2,96.96
ORD002939,SKU0012,4,103.56
ORD002940,SKU0009,4,88.84
ORD002940,SKU0011,1,47.7
ORD002941,SKU0031,2,96.96
ORD002941,SKU0022,2,77.26
ORD002941,SKU0023,3,83.01
ORD002942,SKU0010,2,19.5
ORD002943,SKU0039,2,112.28
ORD002943,SKU0033,2,54.78
ORD002943,SKU0000,3,93.96
ORD002944,SKU0014,3,149.82
ORD002944,SKU0014,2,99.88
ORD002944,SKU0014,4,199.76
ORD002945,SKU0022,1,38.63
ORD002945,SKU0030,4,198.12
ORD002945,SKU0005,1,43.02
ORD002946,SKU0032,2,70.06
ORD002947,SKU0032,2,70.06
ORD002948,SKU0006,1,31.61
ORD002949,SKU0025,1,14.83
ORD002950,SKU0035,2,97.7
ORD002951,SKU0027,3,149.76
ORD002951,SKU0034,3,132.57
ORD002951,SKU0025,4,59.32
ORD002952,SKU0016,2,35.32
ORD002952,SKU0009,2,44.42
ORD002953,SKU0010,1,9.75
ORD002954,SKU0009,3,66.63
ORD002954,SKU0035,2,97.7
ORD002955,SKU0022,4,154.52
ORD002955,SKU0003,4,117.96
ORD002955,SKU0011,3,143.1
ORD002956,SKU0003,4,117.96
ORD002956,SKU0015,4,54.88
ORD002956,SKU0015,1,13.72
ORD002957,SKU0017,4,263.0
ORD002958,SKU0015,1,13.72
ORD002959,SKU0035,3,146.55
ORD002960,SKU0009,1,22.21
ORD002960,SKU0004,2,39.16
ORD002961,SKU0003,3,88.47
ORD002961,SKU0025,2,29.66
ORD002962,SKU0023,4,110.68
ORD002962,SKU0004,3,58.74
ORD002962,SKU0017,4,263.0
ORD002963,SKU0016,1,17.66
ORD002963,SKU0011,1,47.7
ORD002964,SKU0017,1,65.75
ORD002964,SKU0004,3,58.74
ORD002965,SKU0001,1,16.74
ORD002965,SKU0036,4,120.76
ORD002966,SKU0020,4,110.4
ORD002966,SKU0035,4,195.4
ORD002966,SKU0022,2,77.26
ORD002967,SKU0008,1,41.79
ORD002968,SKU0010,1,9.75
ORD002968,SKU0004,4,78.32
ORD002969,SKU0005,2,86.04
ORD002969,SKU0019,1,15.12
ORD002969,SKU0012,2,51.78
ORD002970,SKU0034,4,176.76
ORD002970,SKU0025,1,14.83
ORD002971,SKU0013,1,10.46
ORD002971,SKU0010,4,39.0
ORD002972,SKU0005,2,86.04
ORD002973,SKU0024,1,42.07
ORD002973,SKU0029,3,85.26
ORD002973,SKU0036,4,120.76
ORD002974,SKU0015,2,27.44
ORD002974,SKU0036,3,90.57
ORD002975,SKU0005,4,172.08
ORD002975,SKU0021,3,36.87
ORD002975,SKU0012,1,25.89
ORD002976,SKU0021,2,24.58
ORD002976,SKU0014,1,49.94
ORD002976,SKU0009,1,22.21
ORD002977,SKU0004,3,58.74
ORD002977,SKU0001,3,50.22
ORD002977,SKU0031,4,193.92
ORD002978,SKU0029,3,85.26
ORD002978,SKU0030,1,49.53
ORD002978,SKU0003,1,29.49
ORD002979,SKU0029,4,113.68
ORD002979,SKU0019,3,45.36
ORD002979,SKU0034,4,176.76
ORD002980,SKU0036,4,120.76
ORD002980,SKU0037,4,185.04
ORD002981,SKU0012,4,103.56
ORD002981,SKU0022,4,154.52
ORD002982,SKU0002,1,54.55
ORD002982,SKU0026,2,44.78
ORD002983,SKU0014,4,199.76
ORD002983,SKU0012,1,25.89
ORD002983,SKU0037,4,185.04
ORD002984,SKU0039,2,112.28
ORD002984,SKU0029,4,113.68
ORD002985,SKU0036,3,90.57
ORD002985,SKU0008,4,167.16
ORD002985,SKU0014,3,149.82
ORD002986,SKU0023,4,110.68
ORD002986,SKU0000,2,62.64
ORD002986,SKU0023,3,83.01
ORD002987,SKU0010,4,39.0
ORD002987,SKU0026,2,44.78
ORD002987,SKU0027,3,149.76
ORD002988,SKU0039,3,168.42
ORD002988,SKU0033,3,82.17
ORD002989,SKU0018,4,98.12
ORD002989,SKU0027,2,99.84
ORD002990,SKU0018,2,49.06
ORD002990,SKU0019,3,45.36
ORD002991,SKU0007,4,110.08
ORD002991,SKU0036,2,60.38
ORD002991,SKU0038,2,70.46
ORD002992,SKU0028,3,127.44
ORD002992,SKU0014,3,149.82
ORD002992,SKU0026,3,67.17
ORD002993,SKU0035,2,97.7
ORD002993,SKU0009,2,44.42
ORD002993,SKU0003,3,88.47
ORD002994,SKU0038,4,140.92
ORD002995,SKU0034,3,132.57
ORD002995,SKU0006,2,63.22
ORD002995,SKU0010,1,9.75
ORD002996,SKU0008,1,41.79
ORD002996,SKU0011,1,47.7
ORD002997,SKU0020,3,82.8
ORD002997,SKU0033,3,82.17
ORD002998,SKU0026,3,67.17
ORD002998,SKU0021,4,49.16
ORD002998,SKU0037,2,92.52
ORD002999,SKU0000,1,31.32
