order_id,order_date,channel,customer_id
ORD000000,2026-06-02,Amazon,C00602
ORD000001,2025-09-25,Wholesale,C00366
ORD000002,2026-04-22,Shopify,C01105
ORD000003,2026-01-05,TikTok Shop,C00491
ORD000004,2025-12-04,Amazon,C00996
ORD000005,2025-11-09,Shopify,C00974
ORD000006,2025-09-23,TikTok Shop,C00818
ORD000007,2025-10-16,Shopify,C00132
ORD000008,2026-05-17,Amazon,C00146
ORD000009,2025-12-02,Wholesale,C00488
ORD000010,2025-09-02,Wholesale,C01181
ORD000011,2025-08-30,Amazon,C00199
ORD000012,2025-12-19,Amazon,C00125
ORD000013,2025-08-31,Shopify,C01099
ORD000014,2025-12-11,Walmart,C00512
ORD000015,2026-06-19,Amazon,C01108
ORD000016,2025-12-05,Shopify,C00833
ORD000017,2026-03-16,Shopify,C00777
ORD000018,2025-11-04,Walmart,C00585
ORD000019,2026-06-03,TikTok Shop,C00446
ORD000020,2025-08-10,TikTok Shop,C00118
ORD000021,2026-05-04,Wholesale,C01088
ORD000022,2026-01-19,Shopify,C00141
ORD000023,2026-02-18,Wholesale,C00082
ORD000024,2025-09-11,TikTok Shop,C00489
ORD000025,2026-07-18,TikTok Shop,C00149
ORD000026,2025-12-19,Amazon,C01102
ORD000027,2025-08-24,Shopify,C00715
ORD000028,2026-02-24,TikTok Shop,C00324
ORD000029,2025-11-15,Wholesale,C00614
ORD000030,2026-06-12,TikTok Shop,C00578
ORD000031,2026-03-26,TikTok Shop,C00105
ORD000032,2026-03-22,Amazon,C00008
ORD000033,2026-07-03,Wholesale,C00876
ORD000034,2026-06-24,TikTok Shop,C01193
ORD000035,2025-12-12,Amazon,C00733
ORD000036,2026-03-06,TikTok Shop,C01147
ORD000037,2025-10-07,Shopify,C00845
ORD000038,2026-04-24,Walmart,C00509
ORD000039,2025-08-21,Walmart,C00456
ORD000040,2025-08-11,TikTok Shop,C00467
ORD000041,2026-04-07,Walmart,C00673
ORD000042,2025-10-21,Wholesale,C00679
ORD000043,2026-05-21,Shopify,C01190
ORD000044,2025-11-14,TikTok Shop,C00643
ORD000045,2025-08-24,TikTok Shop,C00091
ORD000046,2026-06-22,Amazon,C00677
ORD000047,2025-10-23,Walmart,C00606
ORD000048,2026-06-26,Walmart,C01123
ORD000049,2025-09-02,Shopify,C00881
ORD000050,2025-12-19,Wholesale,C00970
ORD000051,2025-11-09,TikTok Shop,C00461
ORD000052,2026-01-17,Amazon,C00502
ORD000053,2026-03-28,Wholesale,C00399
ORD000054,2026-06-13,Amazon,C00871
ORD000055,2025-12-13,Amazon,C01142
ORD000056,2025-09-26,Shopify,C00952
ORD000057,2025-12-15,Shopify,C00973
ORD000058,2025-12-09,Shopify,C00563
ORD000059,2025-10-14,TikTok Shop,C00655
ORD000060,2026-04-11,Shopify,C00132
ORD000061,2025-11-05,Walmart,C00128
ORD000062,2026-04-23,Wholesale,C00041
ORD000063,2026-07-23,Walmart,C01103
ORD000064,2026-04-16,Walmart,C00060
ORD000065,2026-04-02,Shopify,C01094
ORD000066,2025-08-21,Amazon,C00878
ORD000067,2026-03-18,Amazon,C00533
ORD000068,2026-03-28,TikTok Shop,C00777
ORD000069,2025-09-29,Amazon,C01105
ORD000070,2026-02-17,Amazon,C00083
ORD000071,2026-05-04,Amazon,C00313
ORD000072,2025-10-28,Amazon,C01156
ORD000073,2025-09-26,TikTok Shop,C00344
ORD000074,2026-01-20,TikTok Shop,C01180
ORD000075,2025-12-19,Amazon,C00618
ORD000076,2025-11-06,TikTok Shop,C00142
ORD000077,2026-07-19,TikTok Shop,C00942
ORD000078,2026-03-30,Walmart,C00893
ORD000079,2026-04-18,Walmart,C00500
ORD000080,2026-02-26,Walmart,C00666
ORD000081,2025-10-18,TikTok Shop,C00530
ORD000082,2026-04-16,Wholesale,C00392
ORD000083,2025-11-27,Walmart,C01138
ORD000084,2026-06-17,Walmart,C00036
ORD000085,2026-05-19,Walmart,C00499
ORD000086,2026-05-22,Walmart,C01128
ORD000087,2025-08-15,TikTok Shop,C00473
ORD000088,2025-10-21,Amazon,C01098
ORD000089,2026-06-09,Amazon,C00398
ORD000090,2025-08-06,Amazon,C01094
ORD000091,2026-06-02,Amazon,C01134
ORD000092,2025-11-24,Wholesale,C00583
ORD000093,2025-12-27,Amazon,C00518
ORD000094,2025-11-05,Amazon,C01182
ORD000095,2025-08-19,Amazon,C01143
ORD000096,2025-10-14,Walmart,C00907
ORD000097,2026-07-14,Wholesale,C00204
ORD000098,2026-03-02,Amazon,C00322
ORD000099,2026-06-30,Shopify,C00006
ORD000100,2026-04-29,Shopify,C00591
ORD000101,2025-11-24,Walmart,C00236
ORD000102,2025-10-15,Shopify,C00630
ORD000103,2026-04-05,Walmart,C00558
ORD000104,2026-02-03,Walmart,C00661
ORD000105,2025-12-25,TikTok Shop,C01181
ORD000106,2026-07-03,Wholesale,C00906
ORD000107,2026-07-15,Walmart,C00713
ORD000108,2026-03-31,TikTok Shop,C00844
ORD000109,2026-01-19,TikTok Shop,C00517
ORD000110,2025-09-18,Wholesale,C00947
ORD000111,2025-11-04,Wholesale,C01021
ORD000112,2025-09-17,TikTok Shop,C00898
ORD000113,2025-10-28,Wholesale,C00029
ORD000114,2026-05-10,Shopify,C01021
ORD000115,2026-02-28,Walmart,C01129
ORD000116,2026-02-19,Wholesale,C01041
ORD000117,2025-11-04,Amazon,C00580
ORD000118,2026-05-11,TikTok Shop,C00681
ORD000119,2026-03-09,Wholesale,C00785
ORD000120,2026-01-07,TikTok Shop,C00969
ORD000121,2026-07-08,Wholesale,C00680
ORD000122,2026-03-08,Wholesale,C00936
ORD000123,2025-12-27,Shopify,C00154
ORD000124,2025-12-12,Amazon,C00673
ORD000125,2025-10-18,Wholesale,C00141
ORD000126,2025-09-16,Amazon,C00889
ORD000127,2026-02-07,Shopify,C00614
ORD000128,2026-02-01,Amazon,C00601
ORD000129,2025-08-29,Wholesale,C00844
ORD000130,2026-05-14,Wholesale,C00494
ORD000131,2025-08-12,TikTok Shop,C00942
ORD000132,2026-06-24,Amazon,C00905
ORD000133,2025-09-05,Walmart,C00619
ORD000134,2025-09-22,Amazon,C00486
ORD000135,2026-03-25,TikTok Shop,C00045
ORD000136,2025-09-25,TikTok Shop,C00472
ORD000137,2026-05-28,Amazon,C00633
ORD000138,2026-04-15,TikTok Shop,C00670
ORD000139,2026-01-04,Wholesale,C01028
ORD000140,2026-03-13,TikTok Shop,C00236
ORD000141,2025-08-18,Wholesale,C00750
ORD000142,2025-12-21,TikTok Shop,C01099
ORD000143,2025-12-20,TikTok Shop,C01198
ORD000144,2026-03-13,Amazon,C01150
ORD000145,2026-01-22,TikTok Shop,C00837
ORD000146,2026-02-15,Amazon,C00624
ORD000147,2025-10-30,Walmart,C00930
ORD000148,2026-02-24,Walmart,C00203
ORD000149,2026-06-24,TikTok Shop,C00445
ORD000150,2025-07-29,TikTok Shop,C01116
ORD000151,2026-04-15,Walmart,C00188
ORD000152,2026-04-30,Wholesale,C00421
ORD000153,2025-09-07,Wholesale,C00443
ORD000154,2026-04-15,Wholesale,C00006
ORD000155,2026-07-03,Shopify,C00226
ORD000156,2026-02-18,Amazon,C00357
ORD000157,2026-05-12,Amazon,C00976
ORD000158,2025-11-05,Wholesale,C00089
ORD000159,2026-05-19,Walmart,C00874
ORD000160,2026-03-30,Wholesale,C00304
ORD000161,2025-12-04,Wholesale,C01199
ORD000162,2025-09-06,Amazon,C00235
ORD000163,2025-11-15,TikTok Shop,C00929
ORD000164,2026-01-09,TikTok Shop,C00523
ORD000165,2025-09-24,Amazon,C00191
ORD000166,2026-01-17,Wholesale,C01151
ORD000167,2025-07-26,TikTok Shop,C00640
ORD000168,2026-05-01,Shopify,C00222
ORD000169,2026-06-30,Wholesale,C00464
ORD000170,2026-04-30,Amazon,C00370
ORD000171,2025-11-04,Shopify,C00294
ORD000172,2026-02-04,Walmart,C00860
ORD000173,2026-05-16,TikTok Shop,C01163
ORD000174,2025-10-02,Amazon,C00558
ORD000175,2026-02-07,Walmart,C00560
ORD000176,2026-07-14,TikTok Shop,C00881
ORD000177,2025-09-04,Wholesale,C00632
ORD000178,2026-06-28,Wholesale,C00113
ORD000179,2026-03-24,Shopify,C00282
ORD000180,2025-11-17,Walmart,C00882
ORD000181,2026-06-16,Wholesale,C00472
ORD000182,2026-03-30,Amazon,C00942
ORD000183,2026-02-07,Wholesale,C00829
ORD000184,2026-03-18,Shopify,C00943
ORD000185,2025-10-10,Wholesale,C00821
ORD000186,2025-09-22,Shopify,C00157
ORD000187,2025-12-17,Amazon,C00300
ORD000188,2026-05-17,Amazon,C00363
ORD000189,2025-09-25,TikTok Shop,C00310
ORD000190,2026-02-19,TikTok Shop,C00116
ORD000191,2026-05-23,Walmart,C00078
ORD000192,2026-07-18,Amazon,C00185
ORD000193,2026-02-15,TikTok Shop,C00975
ORD000194,2026-07-16,Wholesale,C00354
ORD000195,2025-07-25,Walmart,C01074
ORD000196,2026-03-14,Walmart,C00693
ORD000197,2025-11-27,Wholesale,C00792
ORD000198,2026-01-30,Wholesale,C00290
ORD000199,2025-08-01,TikTok Shop,C01145
ORD000200,2025-09-06,Walmart,C01042
ORD000201,2026-07-20,Shopify,C00700
ORD000202,2025-12-12,Amazon,C00606
ORD000203,2026-07-01,TikTok Shop,C00269
ORD000204,2026-06-12,Walmart,C00090
ORD000205,2026-06-03,Walmart,C00480
ORD000206,2025-11-21,Walmart,C00578
ORD000207,2025-10-25,Wholesale,C00284
ORD000208,2025-08-16,Wholesale,C00256
ORD000209,2025-10-26,Wholesale,C00302
ORD000210,2026-06-30,Amazon,C00850
ORD000211,2026-03-02,Shopify,C00791
ORD000212,2025-08-24,Amazon,C00653
ORD000213,2025-08-27,Shopify,C00079
ORD000214,2026-05-05,Wholesale,C00011
ORD000215,2026-01-29,Shopify,C00307
ORD000216,2026-06-06,Amazon,C00098
ORD000217,2025-08-20,Amazon,C00228
ORD000218,2026-05-16,Shopify,C00597
ORD000219,2026-02-16,Shopify,C00176
ORD000220,2026-05-18,Amazon,C00793
ORD000221,2025-09-11,TikTok Shop,C00494
ORD000222,2025-09-12,Shopify,C00952
ORD000223,2026-04-07,TikTok Shop,C00413
ORD000224,2026-01-25,TikTok Shop,C00636
ORD000225,2026-02-23,TikTok Shop,C00098
ORD000226,2025-09-27,Walmart,C00792
ORD000227,2025-11-04,Wholesale,C00547
ORD000228,2026-02-14,Walmart,C00370
ORD000229,2026-06-28,TikTok Shop,C00914
ORD000230,2026-03-17,TikTok Shop,C00891
ORD000231,2026-01-05,Wholesale,C00328
ORD000232,2025-10-15,Amazon,C00259
ORD000233,2026-07-20,TikTok Shop,C00785
ORD000234,2026-02-19,Amazon,C01176
ORD000235,2026-05-14,Walmart,C00644
ORD000236,2026-05-04,Wholesale,C00793
ORD000237,2026-04-18,Walmart,C00410
ORD000238,2025-10-11,Walmart,C00354
ORD000239,2026-04-27,TikTok Shop,C00323
ORD000240,2025-11-23,Shopify,C00485
ORD000241,2025-12-26,Walmart,C01130
ORD000242,2026-04-11,Amazon,C00634
ORD000243,2026-04-03,Shopify,C00650
ORD000244,2025-12-17,Shopify,C00887
ORD000245,2026-01-11,Shopify,C00661
ORD000246,2026-07-09,Shopify,C01129
ORD000247,2026-02-11,Wholesale,C00346
ORD000248,2026-01-16,Amazon,C00167
ORD000249,2025-09-09,Shopify,C01172
ORD000250,2025-10-29,TikTok Shop,C00990
ORD000251,2025-10-20,Walmart,C00150
ORD000252,2025-08-18,Shopify,C00697
ORD000253,2025-12-03,TikTok Shop,C01055
ORD000254,2025-08-02,Walmart,C00508
ORD000255,2026-03-10,TikTok Shop,C00787
ORD000256,2026-02-25,Shopify,C00327
ORD000257,2025-10-22,Walmart,C00048
ORD000258,2026-03-10,Shopify,C00441
ORD000259,2025-10-18,TikTok Shop,C01100
ORD000260,2025-07-27,Shopify,C00542
ORD000261,2025-08-21,Wholesale,C01151
ORD000262,2026-04-25,Amazon,C00792
ORD000263,2026-03-27,Walmart,C00765
ORD000264,2025-08-16,Wholesale,C01043
ORD000265,2025-10-21,Shopify,C00683
ORD000266,2025-08-20,TikTok Shop,C00653
ORD000267,2026-07-11,Wholesale,C00689
ORD000268,2025-08-06,TikTok Shop,C00679
ORD000269,2026-06-23,TikTok Shop,C01185
ORD000270,2025-11-30,Shopify,C00497
ORD000271,2025-08-21,Shopify,C00039
ORD000272,2026-02-09,Shopify,C00841
ORD000273,2025-10-25,Wholesale,C00666
ORD000274,2025-11-10,Wholesale,C00726
ORD000275,2026-04-10,Shopify,C00610
ORD000276,2026-01-29,TikTok Shop,C01148
ORD000277,2025-10-16,Shopify,C00595
ORD000278,2026-02-19,TikTok Shop,C00906
ORD000279,2025-09-14,Wholesale,C00557
ORD000280,2026-05-01,Shopify,C00104
ORD000281,2026-07-23,TikTok Shop,C00968
ORD000282,2026-07-02,Wholesale,C00324
ORD000283,2026-03-03,TikTok Shop,C00585
ORD000284,2026-03-05,Shopify,C00856
ORD000285,2026-01-24,Walmart,C00382
ORD000286,2025-10-27,TikTok Shop,C00583
ORD000287,2026-05-25,TikTok Shop,C00395
ORD000288,2026-01-24,Walmart,C00527
ORD000289,2026-06-03,Shopify,C00831
ORD000290,2025-12-30,Amazon,C00379
ORD000291,2025-10-06,Shopify,C00014
ORD000292,2025-08-30,TikTok Shop,C00619
ORD000293,2025-08-31,Amazon,C00954
ORD000294,2026-04-06,Amazon,C00605
ORD000295,2026-01-08,Walmart,C00314
ORD000296,2025-12-09,Wholesale,C00448
ORD000297,2026-01-05,Wholesale,C00915
ORD000298,2025-12-31,Wholesale,C01100
ORD000299,2026-01-22,Wholesale,C00905
ORD000300,2026-06-25,Amazon,C01046
ORD000301,2026-05-04,Walmart,C01155
ORD000302,2025-08-15,TikTok Shop,C00045
ORD000303,2026-04-12,Amazon,C00868
ORD000304,2026-04-04,Amazon,C00588
ORD000305,2026-04-01,Walmart,C00919
ORD000306,2025-09-01,TikTok Shop,C00243
ORD000307,2025-08-17,Wholesale,C00261
ORD000308,2025-12-28,Wholesale,C00777
ORD000309,2026-05-03,TikTok Shop,C00318
ORD000310,2025-12-03,Wholesale,C00033
ORD000311,2026-05-31,Amazon,C00069
ORD000312,2026-06-24,Walmart,C00899
ORD000313,2025-09-05,Amazon,C00287
ORD000314,2025-10-29,Shopify,C00619
ORD000315,2025-10-07,Walmart,C00616
ORD000316,2025-10-06,Amazon,C00706
ORD000317,2026-02-18,Walmart,C00377
ORD000318,2026-01-15,Amazon,C01152
ORD000319,2025-09-17,TikTok Shop,C00417
ORD000320,2026-01-04,Wholesale,C00391
ORD000321,2025-10-04,Wholesale,C00081
ORD000322,2025-11-10,Walmart,C00428
ORD000323,2026-01-20,Amazon,C00981
ORD000324,2025-10-30,Walmart,C00491
ORD000325,2026-06-29,TikTok Shop,C00536
ORD000326,2026-07-18,Walmart,C00656
ORD000327,2025-08-23,Walmart,C00094
ORD000328,2026-01-13,TikTok Shop,C00313
ORD000329,2026-06-03,Walmart,C01167
ORD000330,2026-06-24,TikTok Shop,C01001
ORD000331,2026-06-22,Wholesale,C01001
ORD000332,2026-02-23,Wholesale,C00070
ORD000333,2025-09-01,Walmart,C00282
ORD000334,2025-08-13,TikTok Shop,C00124
ORD000335,2026-04-04,Amazon,C00035
ORD000336,2026-02-19,Amazon,C01074
ORD000337,2026-06-14,Wholesale,C01079
ORD000338,2025-07-30,TikTok Shop,C00832
ORD000339,2025-08-30,Amazon,C00065
ORD000340,2026-07-19,Walmart,C01132
ORD000341,2026-05-13,Walmart,C00889
ORD000342,2026-06-19,Wholesale,C00974
ORD000343,2025-10-24,Shopify,C00645
ORD000344,2025-09-27,Walmart,C00158
ORD000345,2025-12-29,Wholesale,C00680
ORD000346,2026-01-29,Amazon,C00201
ORD000347,2026-01-27,TikTok Shop,C00061
ORD000348,2025-10-16,Walmart,C00381
ORD000349,2026-06-25,Amazon,C00549
ORD000350,2025-12-27,Walmart,C00649
ORD000351,2026-07-10,Walmart,C00738
ORD000352,2025-08-16,Walmart,C00920
ORD000353,2025-09-26,Wholesale,C00191
ORD000354,2025-12-19,Walmart,C00174
ORD000355,2025-07-25,Shopify,C00551
ORD000356,2025-12-23,Shopify,C00891
ORD000357,2025-11-04,TikTok Shop,C00516
ORD000358,2026-07-19,Walmart,C00220
ORD000359,2026-05-25,Walmart,C00681
ORD000360,2026-05-25,TikTok Shop,C00657
ORD000361,2026-01-17,TikTok Shop,C01006
ORD000362,2025-11-12,Amazon,C01155
ORD000363,2026-01-05,Wholesale,C00056
ORD000364,2026-04-21,Walmart,C00286
ORD000365,2026-05-04,Amazon,C00920
ORD000366,2026-05-25,TikTok Shop,C01100
ORD000367,2026-02-25,Wholesale,C00819
ORD000368,2026-04-08,TikTok Shop,C00455
ORD000369,2026-04-30,Wholesale,C01025
ORD000370,2026-01-30,Walmart,C00215
ORD000371,2025-09-23,TikTok Shop,C00639
ORD000372,2025-10-06,TikTok Shop,C00976
ORD000373,2025-11-17,TikTok Shop,C00138
ORD000374,2025-10-17,Amazon,C00337
ORD000375,2025-08-16,Walmart,C00475
ORD000376,2026-03-06,Amazon,C00405
ORD000377,2026-05-06,Shopify,C00422
ORD000378,2026-02-20,TikTok Shop,C00668
ORD000379,2025-08-17,TikTok Shop,C01003
ORD000380,2026-05-11,TikTok Shop,C00721
ORD000381,2025-11-23,Shopify,C00642
ORD000382,2025-08-16,Amazon,C00375
ORD000383,2025-08-13,Wholesale,C00786
ORD000384,2026-03-08,Wholesale,C00342
ORD000385,2026-01-26,Walmart,C00110
ORD000386,2026-02-05,Walmart,C01151
ORD000387,2026-07-17,Shopify,C00170
ORD000388,2026-06-21,Wholesale,C00592
ORD000389,2026-02-16,Wholesale,C01047
ORD000390,2025-09-24,TikTok Shop,C01113
ORD000391,2025-08-16,Walmart,C00210
ORD000392,2026-02-07,Amazon,C00900
ORD000393,2025-08-25,Wholesale,C00719
ORD000394,2026-06-20,Amazon,C01168
ORD000395,2025-10-05,TikTok Shop,C00600
ORD000396,2025-08-20,Shopify,C00843
ORD000397,2026-03-13,Shopify,C00512
ORD000398,2025-08-20,Walmart,C01003
ORD000399,2026-04-13,Walmart,C00769
ORD000400,2026-06-24,TikTok Shop,C00932
ORD000401,2025-10-24,TikTok Shop,C00130
ORD000402,2025-12-28,TikTok Shop,C00581
ORD000403,2025-09-09,TikTok Shop,C00100
ORD000404,2026-07-25,Amazon,C00255
ORD000405,2026-07-05,Amazon,C00877
ORD000406,2026-03-03,Shopify,C00562
ORD000407,2025-10-28,Amazon,C00762
ORD000408,2026-03-06,Amazon,C00195
ORD000409,2026-03-12,Amazon,C00272
ORD000410,2025-08-09,Walmart,C00271
ORD000411,2026-03-22,Amazon,C00212
ORD000412,2025-08-25,Shopify,C00293
ORD000413,2026-01-03,Wholesale,C00337
ORD000414,2026-04-06,Wholesale,C00907
ORD000415,2026-03-08,Shopify,C00253
ORD000416,2026-03-01,TikTok Shop,C00173
ORD000417,2026-02-13,Amazon,C00618
ORD000418,2025-11-24,Walmart,C00606
ORD000419,2026-07-23,Walmart,C00146
ORD000420,2025-11-03,TikTok Shop,C01119
ORD000421,2025-10-12,Amazon,C00537
ORD000422,2026-04-11,Walmart,C01038
ORD000423,2026-04-29,Amazon,C01099
ORD000424,2025-11-24,Wholesale,C00417
ORD000425,2025-10-25,Walmart,C00136
ORD000426,2025-11-05,Amazon,C00890
ORD000427,2025-12-25,TikTok Shop,C00360
ORD000428,2025-09-13,Amazon,C00336
ORD000429,2026-04-11,Shopify,C00551
ORD000430,2026-04-01,TikTok Shop,C01181
ORD000431,2025-11-18,Wholesale,C00342
ORD000432,2026-01-18,Shopify,C01043
ORD000433,2025-11-24,Shopify,C00095
ORD000434,2026-07-20,Amazon,C01133
ORD000435,2026-05-12,TikTok Shop,C00160
ORD000436,2026-07-23,Wholesale,C00095
ORD000437,2025-08-22,TikTok Shop,C00177
ORD000438,2025-07-28,Wholesale,C00497
ORD000439,2026-01-18,Shopify,C00014
ORD000440,2026-03-23,Amazon,C00687
ORD000441,2026-02-28,Amazon,C00421
ORD000442,2025-09-01,Amazon,C00090
ORD000443,2025-08-22,TikTok Shop,C00939
ORD000444,2026-02-18,Wholesale,C01163
ORD000445,2025-10-15,Shopify,C00598
ORD000446,2026-02-06,Walmart,C00557
ORD000447,2025-11-04,Shopify,C01198
ORD000448,2025-09-14,Shopify,C00921
ORD000449,2026-07-22,Shopify,C00926
ORD000450,2025-12-07,Shopify,C00624
ORD000451,2026-07-02,Shopify,C00729
ORD000452,2025-08-20,Shopify,C00064
ORD000453,2026-07-01,Amazon,C00287
ORD000454,2025-10-27,Shopify,C00268
ORD000455,2025-12-15,Amazon,C01193
ORD000456,2025-11-12,Shopify,C00189
ORD000457,2025-09-24,Shopify,C01176
ORD000458,2026-01-11,Walmart,C00354
ORD000459,2026-06-13,Walmart,C00305
ORD000460,2026-02-20,TikTok Shop,C01022
ORD000461,2026-04-24,TikTok Shop,C00785
ORD000462,2025-11-19,Wholesale,C00511
ORD000463,2026-03-19,TikTok Shop,C01159
ORD000464,2026-06-03,Wholesale,C00449
ORD000465,2026-04-04,Walmart,C01085
ORD000466,2026-02-15,Shopify,C00494
ORD000467,2025-07-28,TikTok Shop,C00356
ORD000468,2026-04-10,TikTok Shop,C00058
ORD000469,2026-06-07,Shopify,C01005
ORD000470,2026-02-25,Shopify,C00449
ORD000471,2025-11-18,Amazon,C00680
ORD000472,2026-07-21,Amazon,C00303
ORD000473,2026-04-08,Walmart,C00207
ORD000474,2025-09-03,Walmart,C00998
ORD000475,2026-07-24,Walmart,C00629
ORD000476,2026-07-01,Wholesale,C00067
ORD000477,2025-09-15,Wholesale,C00453
ORD000478,2025-11-04,Shopify,C00711
ORD000479,2025-09-07,Amazon,C00544
ORD000480,2026-07-05,TikTok Shop,C00526
ORD000481,2025-09-04,Walmart,C00898
ORD000482,2026-05-09,Wholesale,C00769
ORD000483,2026-02-24,Shopify,C00925
ORD000484,2025-09-23,Amazon,C00653
ORD000485,2025-11-07,Walmart,C00330
ORD000486,2025-11-11,Shopify,C00890
ORD000487,2026-03-16,TikTok Shop,C00421
ORD000488,2025-10-14,TikTok Shop,C00610
ORD000489,2026-04-29,Walmart,C01171
ORD000490,2025-12-05,Amazon,C00604
ORD000491,2025-10-12,Shopify,C00598
ORD000492,2026-04-17,TikTok Shop,C00815
ORD000493,2026-03-28,Shopify,C00760
ORD000494,2026-06-21,TikTok Shop,C00901
ORD000495,2025-11-04,Shopify,C00199
ORD000496,2026-02-06,Wholesale,C00466
ORD000497,2026-01-30,Wholesale,C00483
ORD000498,2025-10-30,Wholesale,C01170
ORD000499,2026-07-11,Shopify,C00395
ORD000500,2026-07-12,Amazon,C00892
ORD000501,2026-06-18,TikTok Shop,C00138
ORD000502,2025-08-13,Wholesale,C00668
ORD000503,2025-08-29,Amazon,C00849
ORD000504,2026-03-28,Amazon,C01153
ORD000505,2026-01-05,Walmart,C00541
ORD000506,2026-06-12,TikTok Shop,C00826
ORD000507,2025-11-09,Amazon,C00811
ORD000508,2025-08-11,TikTok Shop,C00042
ORD000509,2025-07-26,Amazon,C00467
ORD000510,2025-12-01,TikTok Shop,C00552
ORD000511,2026-05-20,Walmart,C01058
ORD000512,2025-09-13,Wholesale,C00827
ORD000513,2026-03-29,Shopify,C00395
ORD000514,2025-11-03,Amazon,C00935
ORD000515,2025-09-25,TikTok Shop,C00755
ORD000516,2026-05-08,Shopify,C00763
ORD000517,2026-01-12,Wholesale,C01130
ORD000518,2026-02-24,TikTok Shop,C00057
ORD000519,2026-04-25,Shopify,C00462
ORD000520,2026-01-07,Shopify,C00355
ORD000521,2026-02-27,Walmart,C00715
ORD000522,2025-07-28,Wholesale,C00814
ORD000523,2025-09-06,TikTok Shop,C00222
ORD000524,2025-08-23,TikTok Shop,C00535
ORD000525,2026-07-02,TikTok Shop,C00287
ORD000526,2026-04-19,Walmart,C00073
ORD000527,2026-07-11,TikTok Shop,C01039
ORD000528,2025-09-20,Walmart,C00263
ORD000529,2026-02-21,Shopify,C00629
ORD000530,2025-08-07,Walmart,C00242
ORD000531,2026-06-14,Wholesale,C00246
ORD000532,2025-12-15,Shopify,C00702
ORD000533,2026-03-08,Shopify,C00166
ORD000534,2026-02-24,Amazon,C00926
ORD000535,2025-09-20,Walmart,C00181
ORD000536,2026-01-07,Walmart,C00827
ORD000537,2025-09-12,Wholesale,C00409
ORD000538,2025-08-10,Shopify,C00464
ORD000539,2025-11-21,Shopify,C00134
ORD000540,2025-12-13,Walmart,C01066
ORD000541,2026-07-09,TikTok Shop,C00386
ORD000542,2026-07-22,Shopify,C00460
ORD000543,2026-05-30,Amazon,C00769
ORD000544,2026-06-24,Amazon,C00238
ORD000545,2025-08-09,Walmart,C00314
ORD000546,2026-07-09,Walmart,C00207
ORD000547,2025-12-10,Wholesale,C00242
ORD000548,2025-10-14,Wholesale,C00410
ORD000549,2026-04-15,TikTok Shop,C00329
ORD000550,2025-10-29,Shopify,C00985
ORD000551,2026-04-10,Amazon,C01176
ORD000552,2025-09-02,Shopify,C00936
ORD000553,2025-12-09,Shopify,C00081
ORD000554,2026-05-23,Amazon,C00094
ORD000555,2026-02-27,TikTok Shop,C00733
ORD000556,2026-07-03,TikTok Shop,C00375
ORD000557,2026-06-29,Walmart,C00557
ORD000558,2025-12-29,Shopify,C00121
ORD000559,2026-03-23,Wholesale,C00989
ORD000560,2026-05-12,Shopify,C00990
ORD000561,2025-09-23,Amazon,C00536
ORD000562,2026-07-19,Walmart,C00510
ORD000563,2026-07-21,Amazon,C00322
ORD000564,2025-10-24,Shopify,C00678
ORD000565,2026-06-25,Walmart,C00482
ORD000566,2025-09-26,Wholesale,C00918
ORD000567,2026-05-31,TikTok Shop,C00244
ORD000568,2026-06-04,Amazon,C01142
ORD000569,2025-10-01,Walmart,C00699
ORD000570,2026-07-02,Wholesale,C00969
ORD000571,2026-01-01,TikTok Shop,C00728
ORD000572,2025-08-03,Shopify,C00839
ORD000573,2025-10-02,Shopify,C00248
ORD000574,2026-05-07,Amazon,C00849
ORD000575,2026-07-19,Walmart,C00937
ORD000576,2025-12-01,Wholesale,C00887
ORD000577,2026-05-24,Walmart,C00660
ORD000578,2026-07-21,TikTok Shop,C00603
ORD000579,2025-12-31,Wholesale,C00643
ORD000580,2026-06-01,TikTok Shop,C00272
ORD000581,2026-04-11,Wholesale,C01169
ORD000582,2026-06-25,Amazon,C00781
ORD000583,2026-05-06,Shopify,C00547
ORD000584,2026-06-04,Shopify,C00128
ORD000585,2025-10-29,Amazon,C01151
ORD000586,2025-11-05,Shopify,C01047
ORD000587,2025-09-24,Wholesale,C00111
ORD000588,2026-05-26,Wholesale,C00908
ORD000589,2026-04-23,Shopify,C00603
ORD000590,2025-09-04,Wholesale,C00245
ORD000591,2025-12-20,Shopify,C00330
ORD000592,2026-06-28,Shopify,C00661
ORD000593,2025-08-09,Wholesale,C00451
ORD000594,2026-06-23,Wholesale,C00327
ORD000595,2026-01-23,Shopify,C00437
ORD000596,2025-10-19,Wholesale,C00019
ORD000597,2025-10-10,Shopify,C00500
ORD000598,2026-06-07,Amazon,C00791
ORD000599,2026-07-16,Wholesale,C01042
ORD000600,2026-01-19,TikTok Shop,C01053
ORD000601,2025-12-07,Wholesale,C01093
ORD000602,2025-11-20,Shopify,C00869
ORD000603,2026-06-08,Amazon,C00315
ORD000604,2026-05-29,Amazon,C00180
ORD000605,2026-06-28,TikTok Shop,C01143
ORD000606,2025-10-21,TikTok Shop,C00835
ORD000607,2025-10-19,Amazon,C00798
ORD000608,2025-08-03,Amazon,C00733
ORD000609,2026-04-07,Walmart,C00810
ORD000610,2025-10-08,Wholesale,C00605
ORD000611,2025-12-26,Amazon,C00086
ORD000612,2025-11-29,Wholesale,C01122
ORD000613,2025-11-10,TikTok Shop,C00434
ORD000614,2026-06-25,Shopify,C00518
ORD000615,2025-08-20,Wholesale,C00112
ORD000616,2026-05-21,Shopify,C01190
ORD000617,2025-11-10,Amazon,C00584
ORD000618,2025-12-08,Wholesale,C00627
ORD000619,2026-03-31,Shopify,C00010
ORD000620,2026-02-07,TikTok Shop,C00276
ORD000621,2025-12-27,Walmart,C01130
ORD000622,2026-04-14,TikTok Shop,C00287
ORD000623,2026-06-17,Wholesale,C01186
ORD000624,2026-02-18,Wholesale,C01106
ORD000625,2025-11-30,Wholesale,C00596
ORD000626,2026-07-24,Walmart,C00746
ORD000627,2025-08-04,Walmart,C00327
ORD000628,2025-09-07,Walmart,C00735
ORD000629,2026-06-30,Shopify,C00129
ORD000630,2025-11-03,Wholesale,C00740
ORD000631,2025-10-02,TikTok Shop,C00212
ORD000632,2026-03-07,TikTok Shop,C00160
ORD000633,2025-11-05,Walmart,C00988
ORD000634,2025-08-08,Wholesale,C00576
ORD000635,2025-09-05,Shopify,C00742
ORD000636,2026-03-13,Walmart,C00982
ORD000637,2026-01-09,Walmart,C00046
ORD000638,2025-12-06,Wholesale,C00330
ORD000639,2026-05-03,Wholesale,C00301
ORD000640,2026-05-26,Shopify,C01059
ORD000641,2025-11-23,Shopify,C00920
ORD000642,2026-01-10,Wholesale,C00373
ORD000643,2026-03-17,Shopify,C00775
ORD000644,2026-02-08,Wholesale,C01033
ORD000645,2025-09-07,Wholesale,C00080
ORD000646,2025-12-21,Walmart,C01070
ORD000647,2026-07-09,Shopify,C00988
ORD000648,2026-03-05,TikTok Shop,C00978
ORD000649,2025-10-06,Wholesale,C01114
ORD000650,2025-10-31,Wholesale,C01071
ORD000651,2025-08-11,Walmart,C00421
ORD000652,2026-04-26,Wholesale,C00520
ORD000653,2026-01-10,Wholesale,C00565
ORD000654,2025-07-25,Wholesale,C01137
ORD000655,2026-02-11,Walmart,C00283
ORD000656,2026-07-19,Wholesale,C00821
ORD000657,2026-06-03,Amazon,C00187
ORD000658,2026-02-19,Amazon,C00132
ORD000659,2026-04-17,Walmart,C00821
ORD000660,2026-04-30,Walmart,C00022
ORD000661,2026-07-25,Shopify,C00069
ORD000662,2026-05-09,Shopify,C00001
ORD000663,2026-05-07,Walmart,C00724
ORD000664,2026-04-11,Amazon,C00185
ORD000665,2025-10-09,Walmart,C00828
ORD000666,2025-12-13,Wholesale,C00149
ORD000667,2026-01-08,Walmart,C00773
ORD000668,2025-08-21,Walmart,C00239
ORD000669,2026-04-08,TikTok Shop,C00845
ORD000670,2026-07-17,TikTok Shop,C00191
ORD000671,2025-11-30,Walmart,C00643
ORD000672,2026-03-24,Walmart,C00409
ORD000673,2025-11-23,Shopify,C00470
ORD000674,2026-04-08,Shopify,C00219
ORD000675,2026-06-19,Wholesale,C00014
ORD000676,2025-09-11,Walmart,C00375
ORD000677,2026-04-30,Walmart,C01108
ORD000678,2026-07-09,Walmart,C00358
ORD000679,2025-11-18,Amazon,C00432
ORD000680,2026-02-06,Wholesale,C00532
ORD000681,2025-11-22,Shopify,C00552
ORD000682,2026-04-09,Walmart,C00869
ORD000683,2025-12-30,TikTok Shop,C00821
ORD000684,2025-11-28,Wholesale,C00469
ORD000685,2025-12-28,Wholesale,C00886
ORD000686,2026-04-21,Amazon,C00362
ORD000687,2025-11-16,Walmart,C00615
ORD000688,2026-02-25,Shopify,C00123
ORD000689,2025-09-12,Amazon,C00922
ORD000690,2025-10-07,TikTok Shop,C00041
ORD000691,2026-01-04,Wholesale,C01180
ORD000692,2026-04-09,Walmart,C00161
ORD000693,2026-07-25,Shopify,C00691
ORD000694,2025-12-19,Shopify,C00704
ORD000695,2026-04-14,TikTok Shop,C00548
ORD000696,2026-05-11,Walmart,C00343
ORD000697,2026-07-10,Shopify,C00516
ORD000698,2025-09-30,Amazon,C00970
ORD000699,2026-03-21,Wholesale,C00319
ORD000700,2026-03-03,Shopify,C00507
ORD000701,2025-11-18,Amazon,C00072
ORD000702,2025-12-29,Wholesale,C00912
ORD000703,2026-02-22,Wholesale,C00936
ORD000704,2026-06-13,Wholesale,C00466
ORD000705,2025-07-25,TikTok Shop,C00845
ORD000706,2025-11-20,Wholesale,C00280
ORD000707,2025-11-13,Walmart,C00978
ORD000708,2025-10-14,Amazon,C01123
ORD000709,2026-01-07,Walmart,C00512
ORD000710,2026-05-26,Shopify,C00539
ORD000711,2026-03-07,Wholesale,C00557
ORD000712,2026-03-17,Amazon,C00374
ORD000713,2026-04-05,Walmart,C00928
ORD000714,2025-11-27,Amazon,C00312
ORD000715,2026-01-21,Shopify,C00210
ORD000716,2026-01-12,Shopify,C00185
ORD000717,2026-01-12,Shopify,C00701
ORD000718,2026-04-13,Amazon,C00677
ORD000719,2025-10-15,TikTok Shop,C00804
ORD000720,2026-02-08,Shopify,C00394
ORD000721,2026-01-24,Walmart,C00908
ORD000722,2026-05-29,Walmart,C00193
ORD000723,2026-07-09,Amazon,C01126
ORD000724,2026-05-30,Amazon,C00447
ORD000725,2026-05-06,TikTok Shop,C00031
ORD000726,2025-09-28,Walmart,C00498
ORD000727,2026-04-06,Wholesale,C00318
ORD000728,2025-08-26,Amazon,C00694
ORD000729,2025-11-12,Shopify,C01000
ORD000730,2026-02-10,Walmart,C00396
ORD000731,2026-04-08,Shopify,C00514
ORD000732,2026-03-27,Wholesale,C00604
ORD000733,2026-03-22,TikTok Shop,C00960
ORD000734,2025-12-02,Walmart,C00606
ORD000735,2025-08-30,Wholesale,C00777
ORD000736,2026-06-07,TikTok Shop,C00130
ORD000737,2026-05-12,Wholesale,C00580
ORD000738,2025-10-24,Wholesale,C00137
ORD000739,2026-04-12,Amazon,C00414
ORD000740,2025-11-22,Amazon,C00066
ORD000741,2025-10-20,Shopify,C00146
ORD000742,2026-06-03,Amazon,C00959
ORD000743,2025-10-10,Wholesale,C00545
ORD000744,2025-09-20,Amazon,C00474
ORD000745,2025-08-03,Wholesale,C01144
ORD000746,2025-08-11,Amazon,C00342
ORD000747,2025-10-28,Wholesale,C00692
ORD000748,2026-01-25,TikTok Shop,C00845
ORD000749,2026-03-19,Walmart,C01127
ORD000750,2026-06-20,Amazon,C00583
ORD000751,2026-05-19,Shopify,C00645
ORD000752,2025-08-22,Amazon,C00078
ORD000753,2026-01-17,TikTok Shop,C01193
ORD000754,2026-01-01,TikTok Shop,C00189
ORD000755,2026-07-04,Walmart,C01181
ORD000756,2026-03-26,Amazon,C01181
ORD000757,2026-03-05,Walmart,C00854
ORD000758,2025-10-08,Walmart,C00111
ORD000759,2026-04-29,TikTok Shop,C01029
ORD000760,2026-04-21,Shopify,C00885
ORD000761,2025-12-21,Amazon,C00975
ORD000762,2026-02-01,Shopify,C00277
ORD000763,2025-12-27,Wholesale,C00402
ORD000764,2025-10-27,TikTok Shop,C01180
ORD000765,2025-09-20,Walmart,C00749
ORD000766,2026-04-05,TikTok Shop,C00347
ORD000767,2026-04-18,Walmart,C00092
ORD000768,2025-07-27,Shopify,C00176
ORD000769,2026-07-06,Wholesale,C00303
ORD000770,2026-05-12,Walmart,C00965
ORD000771,2026-06-24,Wholesale,C00434
ORD000772,2026-05-20,Wholesale,C00990
ORD000773,2026-07-03,Amazon,C00582
ORD000774,2025-09-04,Amazon,C00953
ORD000775,2026-05-23,Amazon,C00600
ORD000776,2026-01-06,Wholesale,C01089
ORD000777,2025-10-17,Wholesale,C00938
ORD000778,2025-10-01,Walmart,C00322
ORD000779,2026-06-02,TikTok Shop,C00620
ORD000780,2026-04-21,Amazon,C00528
ORD000781,2026-02-11,TikTok Shop,C00805
ORD000782,2026-01-21,Wholesale,C00313
ORD000783,2025-08-13,Shopify,C00284
ORD000784,2026-02-26,Walmart,C00298
ORD000785,2025-10-29,Shopify,C00651
ORD000786,2026-07-16,Walmart,C00843
ORD000787,2026-06-19,Amazon,C00270
ORD000788,2025-09-10,Wholesale,C01162
ORD000789,2026-01-18,Walmart,C00275
ORD000790,2025-09-14,Walmart,C00282
ORD000791,2026-06-01,Amazon,C00837
ORD000792,2026-01-21,Shopify,C00416
ORD000793,2026-04-10,Walmart,C01004
ORD000794,2026-02-16,Wholesale,C00780
ORD000795,2026-02-27,Walmart,C00936
ORD000796,2026-03-13,Amazon,C01143
ORD000797,2025-11-25,Walmart,C00816
ORD000798,2026-05-14,TikTok Shop,C00112
ORD000799,2026-07-06,Shopify,C01199
ORD000800,2026-01-12,Amazon,C00367
ORD000801,2026-03-19,TikTok Shop,C00664
ORD000802,2026-06-06,Amazon,C01073
ORD000803,2026-04-30,TikTok Shop,C01159
ORD000804,2026-07-06,TikTok Shop,C00634
ORD000805,2026-02-06,Amazon,C00519
ORD000806,2026-01-06,Walmart,C01114
ORD000807,2026-06-12,Shopify,C00445
ORD000808,2026-07-12,Shopify,C01121
ORD000809,2026-02-22,Shopify,C00113
ORD000810,2026-01-14,TikTok Shop,C00180
ORD000811,2026-07-08,Shopify,C00331
ORD000812,2025-09-24,TikTok Shop,C00662
ORD000813,2026-05-09,TikTok Shop,C00965
ORD000814,2026-06-24,TikTok Shop,C01080
ORD000815,2026-01-25,Amazon,C01171
ORD000816,2026-01-15,TikTok Shop,C01077
ORD000817,2025-11-02,Walmart,C00369
ORD000818,2026-05-12,Walmart,C00242
ORD000819,2025-10-29,Wholesale,C00435
ORD000820,2026-06-16,TikTok Shop,C00139
ORD000821,2026-03-29,TikTok Shop,C00700
ORD000822,2025-11-09,TikTok Shop,C00693
ORD000823,2026-05-18,Walmart,C01100
ORD000824,2026-05-23,Wholesale,C00647
ORD000825,2026-02-12,Shopify,C00575
ORD000826,2026-01-29,Wholesale,C00340
ORD000827,2026-03-25,Amazon,C00557
ORD000828,2025-10-25,Walmart,C00620
ORD000829,2025-11-08,Shopify,C00230
ORD000830,2026-01-11,Wholesale,C00052
ORD000831,2025-08-24,Walmart,C01073
ORD000832,2026-04-28,Shopify,C00075
ORD000833,2025-11-12,Amazon,C00179
ORD000834,2025-10-24,Amazon,C01183
ORD000835,2025-11-07,TikTok Shop,C00567
ORD000836,2025-12-02,TikTok Shop,C00235
ORD000837,2025-11-26,Shopify,C01112
ORD000838,2026-07-06,TikTok Shop,C01176
ORD000839,2026-02-19,TikTok Shop,C00694
ORD000840,2025-08-25,Amazon,C00786
ORD000841,2025-09-16,Walmart,C00367
ORD000842,2025-09-21,Shopify,C01093
ORD000843,2025-10-22,Amazon,C00960
ORD000844,2025-12-20,Walmart,C00964
ORD000845,2026-04-20,Wholesale,C00529
ORD000846,2025-09-22,Walmart,C00999
ORD000847,2026-04-25,Amazon,C00720
ORD000848,2025-10-16,Wholesale,C01177
ORD000849,2025-08-18,Walmart,C00220
ORD000850,2026-01-02,Walmart,C00847
ORD000851,2025-12-30,Wholesale,C00326
ORD000852,2025-11-30,Wholesale,C00883
ORD000853,2026-02-20,Shopify,C00160
ORD000854,2026-01-21,Walmart,C00361
ORD000855,2026-01-02,Wholesale,C00777
ORD000856,2025-08-18,Shopify,C01190
ORD000857,2025-10-13,Walmart,C01184
ORD000858,2026-06-13,Wholesale,C00624
ORD000859,2026-01-04,Wholesale,C01046
ORD000860,2025-12-23,Wholesale,C00109
ORD000861,2026-07-11,Amazon,C00578
ORD000862,2026-05-19,Wholesale,C00808
ORD000863,2026-03-08,Shopify,C00973
ORD000864,2026-04-21,TikTok Shop,C00855
ORD000865,2025-08-01,Shopify,C00024
ORD000866,2026-06-22,Walmart,C00895
ORD000867,2026-07-02,Walmart,C00934
ORD000868,2026-05-18,Wholesale,C00922
ORD000869,2026-03-05,Wholesale,C00016
ORD000870,2025-12-19,Amazon,C00078
ORD000871,2026-01-26,Wholesale,C00573
ORD000872,2025-07-27,Shopify,C00968
ORD000873,2025-12-08,Walmart,C00930
ORD000874,2025-11-17,Shopify,C00073
ORD000875,2026-05-13,Wholesale,C00347
ORD000876,2025-12-23,Amazon,C00260
ORD000877,2026-06-21,TikTok Shop,C00527
ORD000878,2026-07-06,Wholesale,C00310
ORD000879,2026-06-14,Shopify,C01081
ORD000880,2026-01-03,Shopify,C00316
ORD000881,2026-02-19,Shopify,C00432
ORD000882,2026-05-11,Walmart,C00817
ORD000883,2026-05-06,Walmart,C00799
ORD000884,2026-02-22,Amazon,C00592
ORD000885,2026-05-31,Amazon,C01089
ORD000886,2026-03-16,TikTok Shop,C00202
ORD000887,2026-07-08,Wholesale,C00400
ORD000888,2025-10-18,Amazon,C00843
ORD000889,2026-01-30,Walmart,C00720
ORD000890,2025-10-18,Shopify,C00070
ORD000891,2025-11-07,Amazon,C00445
ORD000892,2026-01-10,Amazon,C00378
ORD000893,2026-01-29,TikTok Shop,C00875
ORD000894,2025-08-05,Walmart,C00796
ORD000895,2025-12-23,Walmart,C00143
ORD000896,2025-12-02,Amazon,C00295
ORD000897,2026-04-10,Amazon,C00072
ORD000898,2026-04-14,Walmart,C00039
ORD000899,2026-05-30,TikTok Shop,C00311
ORD000900,2025-12-29,Walmart,C00894
ORD000901,2026-05-02,Walmart,C00249
ORD000902,2025-09-27,Amazon,C00749
ORD000903,2026-06-16,Wholesale,C00081
ORD000904,2026-01-22,TikTok Shop,C00997
ORD000905,2026-07-17,Shopify,C00074
ORD000906,2025-09-12,Walmart,C00797
ORD000907,2026-03-23,Walmart,C01094
ORD000908,2026-02-17,TikTok Shop,C00088
ORD000909,2025-08-04,Wholesale,C00306
ORD000910,2026-07-12,Amazon,C00966
ORD000911,2025-12-25,TikTok Shop,C00200
ORD000912,2026-03-11,Amazon,C00234
ORD000913,2026-03-01,Walmart,C00691
ORD000914,2026-04-08,Amazon,C00356
ORD000915,2025-08-04,Walmart,C00345
ORD000916,2025-08-26,Shopify,C00205
ORD000917,2026-03-31,Amazon,C00015
ORD000918,2026-01-07,Walmart,C00975
ORD000919,2025-09-15,Walmart,C00490
ORD000920,2026-06-26,Wholesale,C00369
ORD000921,2026-01-20,Wholesale,C00483
ORD000922,2025-10-03,Wholesale,C00742
ORD000923,2025-08-13,Shopify,C00231
ORD000924,2025-11-03,Shopify,C00328
ORD000925,2025-12-19,TikTok Shop,C00685
ORD000926,2025-11-29,Shopify,C00060
ORD000927,2025-10-15,Walmart,C01188
ORD000928,2026-01-17,Amazon,C00668
ORD000929,2025-11-28,Walmart,C00410
ORD000930,2025-12-03,Amazon,C00893
ORD000931,2026-05-16,Shopify,C00794
ORD000932,2026-07-01,TikTok Shop,C00415
ORD000933,2025-12-19,TikTok Shop,C00280
ORD000934,2025-11-10,Walmart,C00351
ORD000935,2026-05-13,Wholesale,C00349
ORD000936,2026-06-13,Shopify,C00970
ORD000937,2026-01-04,Shopify,C00671
ORD000938,2025-10-30,Wholesale,C00011
ORD000939,2026-06-14,Walmart,C01088
ORD000940,2025-08-25,Shopify,C00171
ORD000941,2026-01-23,Shopify,C00186
ORD000942,2025-08-01,Shopify,C00941
ORD000943,2026-05-11,Shopify,C00759
ORD000944,2026-02-19,TikTok Shop,C00873
ORD000945,2025-08-14,Amazon,C01055
ORD000946,2025-12-07,Wholesale,C00084
ORD000947,2025-10-20,Wholesale,C00420
ORD000948,2026-04-03,Wholesale,C00233
ORD000949,2025-08-20,Wholesale,C00867
ORD000950,2026-05-24,Walmart,C00996
ORD000951,2026-04-04,Amazon,C00386
ORD000952,2025-08-09,TikTok Shop,C00158
ORD000953,2026-05-13,Amazon,C00304
ORD000954,2025-08-06,TikTok Shop,C00854
ORD000955,2025-10-29,Amazon,C00598
ORD000956,2025-10-10,Shopify,C01065
ORD000957,2026-06-15,Wholesale,C01086
ORD000958,2025-08-01,TikTok Shop,C00465
ORD000959,2026-03-23,TikTok Shop,C00583
ORD000960,2025-09-22,Shopify,C00360
ORD000961,2025-10-25,Wholesale,C00260
ORD000962,2025-09-12,Wholesale,C00072
ORD000963,2026-01-24,Wholesale,C00618
ORD000964,2026-04-10,Walmart,C00298
ORD000965,2025-09-07,TikTok Shop,C00971
ORD000966,2026-03-01,TikTok Shop,C00231
ORD000967,2025-10-17,Walmart,C00452
ORD000968,2026-01-21,Wholesale,C00400
ORD000969,2026-04-22,Wholesale,C00913
ORD000970,2025-11-01,TikTok Shop,C00815
ORD000971,2026-05-18,Walmart,C00764
ORD000972,2025-12-15,TikTok Shop,C00631
ORD000973,2025-09-28,Walmart,C00907
ORD000974,2026-03-17,Wholesale,C00177
ORD000975,2026-03-17,Walmart,C01076
ORD000976,2026-05-11,Walmart,C00560
ORD000977,2026-04-29,Shopify,C00381
ORD000978,2025-09-07,Wholesale,C00623
ORD000979,2026-05-23,Amazon,C00316
ORD000980,2026-06-08,Walmart,C00368
ORD000981,2025-09-26,Walmart,C00137
ORD000982,2025-11-22,Amazon,C00765
ORD000983,2025-09-04,Shopify,C00655
ORD000984,2026-03-06,TikTok Shop,C00740
ORD000985,2025-08-03,Wholesale,C00158
ORD000986,2026-07-20,TikTok Shop,C00617
ORD000987,2025-11-23,Shopify,C00027
ORD000988,2026-03-05,TikTok Shop,C00994
ORD000989,2026-04-14,Shopify,C01031
ORD000990,2026-07-12,Walmart,C00944
ORD000991,2025-12-17,Amazon,C00983
ORD000992,2025-12-26,Wholesale,C01072
ORD000993,2026-07-25,Shopify,C00264
ORD000994,2026-04-28,Amazon,C00871
ORD000995,2025-10-10,Shopify,C00221
ORD000996,2025-08-23,Walmart,C00244
ORD000997,2026-03-11,Amazon,C00254
ORD000998,2026-04-19,Shopify,C00569
ORD000999,2026-06-12,Amazon,C01185
ORD001000,2026-03-25,Shopify,C00578
ORD001001,2025-10-27,Amazon,C00439
ORD001002,2025-09-02,Shopify,C00727
ORD001003,2026-04-21,Walmart,C00232
ORD001004,2026-05-21,Walmart,C00740
ORD001005,2025-11-19,Walmart,C00581
ORD001006,2026-06-20,Wholesale,C00835
ORD001007,2026-04-16,TikTok Shop,C00368
ORD001008,2026-03-15,Walmart,C00898
ORD001009,2026-06-02,Shopify,C00133
ORD001010,2025-09-10,Amazon,C00477
ORD001011,2026-05-30,Walmart,C00730
ORD001012,2026-03-01,Shopify,C00932
ORD001013,2026-05-24,Walmart,C01019
ORD001014,2025-08-09,Amazon,C00109
ORD001015,2025-12-06,Shopify,C00784
ORD001016,2026-02-16,Walmart,C00414
ORD001017,2026-01-07,Wholesale,C00704
ORD001018,2026-04-07,Walmart,C00645
ORD001019,2025-12-15,Shopify,C01141
ORD001020,2025-08-20,Walmart,C00999
ORD001021,2026-02-06,Wholesale,C01105
ORD001022,2026-04-02,Walmart,C00540
ORD001023,2025-12-04,TikTok Shop,C00657
ORD001024,2025-07-29,Shopify,C00751
ORD001025,2026-06-19,Amazon,C00877
ORD001026,2026-01-04,Shopify,C00508
ORD001027,2026-06-09,Amazon,C00625
ORD001028,2026-01-31,Amazon,C01103
ORD001029,2025-09-03,TikTok Shop,C00042
ORD001030,2026-01-09,TikTok Shop,C01173
ORD001031,2025-12-12,Shopify,C00689
ORD001032,2026-03-28,TikTok Shop,C00893
ORD001033,2026-07-06,Wholesale,C00439
ORD001034,2026-06-11,Shopify,C00189
ORD001035,2026-01-19,Wholesale,C01088
ORD001036,2026-04-25,TikTok Shop,C01034
ORD001037,2025-09-22,Walmart,C00515
ORD001038,2026-01-10,Wholesale,C01023
ORD001039,2025-10-01,Wholesale,C00889
ORD001040,2026-05-05,Shopify,C00615
ORD001041,2026-02-12,Walmart,C00547
ORD001042,2026-04-03,Walmart,C00489
ORD001043,2025-11-06,Amazon,C00503
ORD001044,2026-03-21,Walmart,C00076
ORD001045,2026-06-03,Shopify,C00060
ORD001046,2026-07-17,Amazon,C00114
ORD001047,2026-02-19,Amazon,C00834
ORD001048,2026-05-21,Amazon,C01170
ORD001049,2026-01-28,Shopify,C00251
ORD001050,2026-01-21,Shopify,C00296
ORD001051,2026-01-10,TikTok Shop,C00901
ORD001052,2026-06-10,Amazon,C00649
ORD001053,2026-05-04,Walmart,C00754
ORD001054,2026-03-12,TikTok Shop,C01132
ORD001055,2025-11-06,Walmart,C00796
ORD001056,2025-11-27,TikTok Shop,C00185
ORD001057,2026-06-20,Shopify,C00899
ORD001058,2025-10-28,Walmart,C00846
ORD001059,2026-06-12,Wholesale,C00136
ORD001060,2026-07-22,Amazon,C00377
ORD001061,2025-08-27,TikTok Shop,C01180
ORD001062,2025-11-10,Shopify,C01058
ORD001063,2026-07-02,TikTok Shop,C00356
ORD001064,2026-01-16,TikTok Shop,C00373
ORD001065,2025-10-27,Wholesale,C00469
ORD001066,2026-05-12,TikTok Shop,C00346
ORD001067,2026-01-21,Wholesale,C00533
ORD001068,2026-03-03,Shopify,C01162
ORD001069,2026-03-19,Walmart,C01013
ORD001070,2026-04-10,Shopify,C00546
ORD001071,2025-12-19,Shopify,C00442
ORD001072,2025-12-02,Shopify,C00059
ORD001073,2025-08-05,Shopify,C00758
ORD001074,2026-02-01,Walmart,C00435
ORD001075,2026-06-20,Wholesale,C00121
ORD001076,2025-11-28,Walmart,C00726
ORD001077,2025-10-03,TikTok Shop,C00809
ORD001078,2026-01-30,TikTok Shop,C00348
ORD001079,2025-10-15,Wholesale,C00887
ORD001080,2025-12-09,TikTok Shop,C00091
ORD001081,2026-05-30,TikTok Shop,C00881
ORD001082,2025-11-02,Walmart,C00338
ORD001083,2025-12-04,Amazon,C00387
ORD001084,2025-11-10,Shopify,C00074
ORD001085,2026-07-01,Amazon,C01014
ORD001086,2026-03-13,Wholesale,C00994
ORD001087,2026-04-23,TikTok Shop,C00192
ORD001088,2026-07-01,Shopify,C01042
ORD001089,2025-11-09,Wholesale,C01169
ORD001090,2026-02-25,Shopify,C01021
ORD001091,2025-07-28,TikTok Shop,C00218
ORD001092,2026-02-10,Walmart,C00930
ORD001093,2025-10-07,TikTok Shop,C01166
ORD001094,2025-08-27,TikTok Shop,C00662
ORD001095,2025-10-26,Amazon,C00817
ORD001096,2026-04-30,Amazon,C00427
ORD001097,2025-12-29,TikTok Shop,C00316
ORD001098,2026-01-30,Walmart,C00636
ORD001099,2026-02-25,Walmart,C00913
ORD001100,2026-05-15,Amazon,C00866
ORD001101,2025-10-26,Amazon,C00083
ORD001102,2026-04-19,TikTok Shop,C00959
ORD001103,2026-01-25,Shopify,C00616
ORD001104,2026-04-01,TikTok Shop,C01165
ORD001105,2026-04-27,Amazon,C01052
ORD001106,2026-01-31,Walmart,C00194
ORD001107,2026-01-15,Wholesale,C00168
ORD001108,2026-05-28,Amazon,C00171
ORD001109,2025-07-31,Walmart,C00543
ORD001110,2025-08-30,Wholesale,C00532
ORD001111,2025-11-16,Amazon,C00028
ORD001112,2025-10-19,Walmart,C00997
ORD001113,2025-12-29,Amazon,C00257
ORD001114,2026-04-19,Amazon,C00033
ORD001115,2025-10-27,Walmart,C01104
ORD001116,2025-11-20,Walmart,C00304
ORD001117,2026-04-08,Shopify,C00912
ORD001118,2026-03-07,Shopify,C00604
ORD001119,2025-12-15,Walmart,C01016
ORD001120,2026-01-24,Wholesale,C01000
ORD001121,2026-02-24,Walmart,C01181
ORD001122,2026-02-16,Walmart,C00240
ORD001123,2025-12-05,Amazon,C00331
ORD001124,2026-01-06,Shopify,C01040
ORD001125,2026-05-10,Wholesale,C00960
ORD001126,2026-02-23,Walmart,C00738
ORD001127,2025-11-30,Walmart,C00265
ORD001128,2025-12-08,Wholesale,C01008
ORD001129,2026-04-23,TikTok Shop,C00481
ORD001130,2026-01-17,Amazon,C00735
ORD001131,2025-11-07,Amazon,C00692
ORD001132,2025-11-21,Walmart,C00529
ORD001133,2025-10-30,Shopify,C01056
ORD001134,2025-10-22,Wholesale,C00209
ORD001135,2025-09-09,Shopify,C00599
ORD001136,2026-05-01,Shopify,C00252
ORD001137,2025-10-07,Amazon,C00503
ORD001138,2025-11-24,Amazon,C00545
ORD001139,2025-09-09,Wholesale,C00864
ORD001140,2026-05-09,Walmart,C00839
ORD001141,2026-02-18,Shopify,C00021
ORD001142,2026-05-17,Shopify,C00889
ORD001143,2026-04-19,Shopify,C01177
ORD001144,2025-10-04,Walmart,C00824
ORD001145,2025-10-07,Wholesale,C00301
ORD001146,2025-10-17,Shopify,C00618
ORD001147,2026-05-07,Walmart,C00259
ORD001148,2026-01-29,Wholesale,C00698
ORD001149,2025-11-09,Walmart,C01035
ORD001150,2026-05-02,TikTok Shop,C01040
ORD001151,2026-03-10,TikTok Shop,C01173
ORD001152,2026-05-16,TikTok Shop,C00613
ORD001153,2026-02-13,Amazon,C00672
ORD001154,2026-03-13,Walmart,C00844
ORD001155,2025-11-11,Walmart,C00267
ORD001156,2025-09-02,Wholesale,C00825
ORD001157,2026-06-13,Walmart,C00854
ORD001158,2025-10-08,Walmart,C00938
ORD001159,2025-11-17,Shopify,C00933
ORD001160,2025-10-21,Amazon,C00837
ORD001161,2025-12-12,Wholesale,C00594
ORD001162,2025-10-02,Amazon,C00761
ORD001163,2025-11-19,Amazon,C00293
ORD001164,2025-07-30,Amazon,C00625
ORD001165,2026-04-25,Amazon,C01122
ORD001166,2026-02-17,Wholesale,C00635
ORD001167,2025-09-12,Shopify,C01034
ORD001168,2025-11-08,Wholesale,C00839
ORD001169,2025-08-11,Walmart,C00569
ORD001170,2025-08-15,Wholesale,C00175
ORD001171,2026-02-24,Wholesale,C01069
ORD001172,2025-11-15,Amazon,C01090
ORD001173,2026-04-21,Shopify,C00503
ORD001174,2025-09-12,Walmart,C00048
ORD001175,2026-03-29,Wholesale,C00650
ORD001176,2026-06-27,Wholesale,C00345
ORD001177,2026-05-13,Shopify,C00629
ORD001178,2026-01-31,Shopify,C00056
ORD001179,2025-09-02,Walmart,C00664
ORD001180,2026-06-28,Shopify,C00485
ORD001181,2025-07-29,Amazon,C00652
ORD001182,2026-03-04,Amazon,C00835
ORD001183,2025-11-12,TikTok Shop,C01164
ORD001184,2026-01-23,Shopify,C00765
ORD001185,2026-01-26,Amazon,C00003
ORD001186,2026-01-12,Amazon,C00988
ORD001187,2025-12-04,Shopify,C01199
ORD001188,2025-10-04,Walmart,C00252
ORD001189,2025-08-13,Walmart,C00432
ORD001190,2025-10-31,Shopify,C00659
ORD001191,2026-07-25,Amazon,C00274
ORD001192,2026-06-24,Wholesale,C01002
ORD001193,2026-01-26,Walmart,C00253
ORD001194,2025-09-07,Amazon,C00256
ORD001195,2026-06-09,Shopify,C00041
ORD001196,2025-08-19,Shopify,C00480
ORD001197,2025-12-27,Wholesale,C00429
ORD001198,2026-01-31,Amazon,C00569
ORD001199,2025-08-22,Amazon,C00263
ORD001200,2026-03-06,Shopify,C00048
ORD001201,2026-03-26,Amazon,C00662
ORD001202,2026-04-17,Walmart,C00741
ORD001203,2025-08-14,TikTok Shop,C00011
ORD001204,2025-09-21,Shopify,C00868
ORD001205,2025-09-20,Shopify,C00675
ORD001206,2026-06-05,Walmart,C00050
ORD001207,2026-02-28,TikTok Shop,C00112
ORD001208,2025-11-19,Amazon,C00915
ORD001209,2025-08-27,Amazon,C00262
ORD001210,2025-10-29,TikTok Shop,C00885
ORD001211,2025-09-09,Wholesale,C00107
ORD001212,2026-02-26,Shopify,C00022
ORD001213,2026-05-17,TikTok Shop,C00054
ORD001214,2026-01-02,Amazon,C00211
ORD001215,2026-03-17,Wholesale,C00397
ORD001216,2026-03-13,Shopify,C00498
ORD001217,2026-05-28,Shopify,C00639
ORD001218,2026-03-22,TikTok Shop,C00703
ORD001219,2025-10-20,Amazon,C00487
ORD001220,2026-05-22,Shopify,C00141
ORD001221,2026-02-12,Wholesale,C01160
ORD001222,2025-12-19,Shopify,C00215
ORD001223,2026-01-15,Shopify,C00472
ORD001224,2026-07-12,TikTok Shop,C00770
ORD001225,2026-01-12,Amazon,C00744
ORD001226,2025-11-17,Amazon,C01137
ORD001227,2026-06-24,Walmart,C00399
ORD001228,2026-03-10,TikTok Shop,C00357
ORD001229,2026-01-07,TikTok Shop,C01136
ORD001230,2025-11-20,Amazon,C00361
ORD001231,2026-03-02,Amazon,C00694
ORD001232,2026-03-23,Shopify,C00758
ORD001233,2025-08-17,Shopify,C00268
ORD001234,2026-03-18,TikTok Shop,C00652
ORD001235,2026-05-08,Shopify,C00672
ORD001236,2025-09-01,Shopify,C01041
ORD001237,2026-05-17,Shopify,C01042
ORD001238,2025-10-13,Shopify,C00660
ORD001239,2026-03-24,Wholesale,C00075
ORD001240,2025-10-14,Walmart,C00481
ORD001241,2025-11-04,Wholesale,C00322
ORD001242,2026-04-07,TikTok Shop,C00911
ORD001243,2025-08-25,Walmart,C00924
ORD001244,2025-09-23,TikTok Shop,C00560
ORD001245,2025-10-26,TikTok Shop,C00156
ORD001246,2025-09-30,TikTok Shop,C00467
ORD001247,2026-02-24,TikTok Shop,C00079
ORD001248,2025-08-23,TikTok Shop,C00391
ORD001249,2025-09-23,TikTok Shop,C00710
ORD001250,2025-07-26,Walmart,C00467
ORD001251,2025-12-30,Shopify,C01057
ORD001252,2026-01-15,Shopify,C00879
ORD001253,2026-04-18,TikTok Shop,C00285
ORD001254,2026-03-12,Shopify,C00859
ORD001255,2026-01-23,Wholesale,C00066
ORD001256,2025-11-15,Wholesale,C01176
ORD001257,2025-08-06,Wholesale,C00792
ORD001258,2025-10-22,TikTok Shop,C01167
ORD001259,2025-11-13,Wholesale,C00364
ORD001260,2026-04-25,Amazon,C00383
ORD001261,2025-11-11,TikTok Shop,C00422
ORD001262,2026-04-24,Walmart,C00118
ORD001263,2026-06-23,Walmart,C00801
ORD001264,2026-01-17,Wholesale,C00857
ORD001265,2025-08-21,Shopify,C00635
ORD001266,2026-04-17,Wholesale,C00416
ORD001267,2025-10-23,Amazon,C00818
ORD001268,2026-07-18,Wholesale,C00081
ORD001269,2025-11-04,Wholesale,C00359
ORD001270,2026-05-26,Walmart,C00788
ORD001271,2026-05-28,TikTok Shop,C01102
ORD001272,2026-03-24,Wholesale,C00249
ORD001273,2026-03-11,Walmart,C00924
ORD001274,2026-04-07,Wholesale,C00092
ORD001275,2026-06-02,TikTok Shop,C00818
ORD001276,2026-07-22,Amazon,C00514
ORD001277,2025-10-09,Walmart,C00993
ORD001278,2026-01-06,Walmart,C00288
ORD001279,2025-09-07,Wholesale,C00206
ORD001280,2026-02-21,Wholesale,C00801
ORD001281,2025-10-20,TikTok Shop,C00315
ORD001282,2026-04-02,Wholesale,C00443
ORD001283,2025-09-20,Walmart,C00108
ORD001284,2026-07-12,Shopify,C00410
ORD001285,2025-11-05,Amazon,C00030
ORD001286,2026-06-11,Shopify,C00343
ORD001287,2025-09-18,TikTok Shop,C00661
ORD001288,2025-08-21,Shopify,C00438
ORD001289,2025-08-17,Shopify,C00031
ORD001290,2025-09-27,Walmart,C00451
ORD001291,2026-05-28,Amazon,C00138
ORD001292,2025-11-21,Wholesale,C01024
ORD001293,2026-03-13,TikTok Shop,C00195
ORD001294,2026-05-11,Walmart,C00139
ORD001295,2026-06-10,Wholesale,C00028
ORD001296,2026-03-03,TikTok Shop,C00485
ORD001297,2026-07-17,TikTok Shop,C01022
ORD001298,2025-11-14,Amazon,C00488
ORD001299,2026-01-11,Amazon,C01067
ORD001300,2025-09-11,TikTok Shop,C00497
ORD001301,2026-01-23,Shopify,C00456
ORD001302,2026-04-18,Walmart,C00144
ORD001303,2025-11-20,Shopify,C00258
ORD001304,2026-04-22,Shopify,C01040
ORD001305,2025-12-28,TikTok Shop,C00337
ORD001306,2025-11-07,TikTok Shop,C00585
ORD001307,2026-02-04,Walmart,C00774
ORD001308,2026-02-19,Walmart,C01035
ORD001309,2026-02-01,Amazon,C00615
ORD001310,2026-01-11,Walmart,C00627
ORD001311,2025-08-25,Amazon,C00683
ORD001312,2026-03-14,Shopify,C00389
ORD001313,2025-08-09,Walmart,C00829
ORD001314,2026-07-05,TikTok Shop,C00146
ORD001315,2026-01-08,Shopify,C00894
ORD001316,2026-05-06,Walmart,C00869
ORD001317,2025-11-27,Shopify,C00536
ORD001318,2026-03-16,Amazon,C00240
ORD001319,2025-10-30,Wholesale,C00165
ORD001320,2025-08-04,Wholesale,C01092
ORD001321,2025-08-29,Shopify,C00551
ORD001322,2025-10-21,Amazon,C00199
ORD001323,2026-04-12,TikTok Shop,C00883
ORD001324,2026-06-14,Shopify,C00276
ORD001325,2026-06-24,Wholesale,C00226
ORD001326,2026-03-05,Amazon,C00375
ORD001327,2026-03-10,Walmart,C00224
ORD001328,2025-08-02,TikTok Shop,C00132
ORD001329,2026-05-18,Amazon,C00020
ORD001330,2026-04-12,Wholesale,C00086
ORD001331,2026-06-09,Walmart,C01066
ORD001332,2025-11-06,TikTok Shop,C00760
ORD001333,2026-03-05,Wholesale,C00118
ORD001334,2025-08-09,Walmart,C00285
ORD001335,2026-05-17,Wholesale,C00573
ORD001336,2026-05-14,Shopify,C00007
ORD001337,2025-10-01,Shopify,C00993
ORD001338,2026-01-23,Walmart,C00206
ORD001339,2026-02-11,Shopify,C01020
ORD001340,2026-04-04,Shopify,C00914
ORD001341,2026-01-12,Shopify,C00434
ORD001342,2026-07-15,Walmart,C00060
ORD001343,2025-11-10,TikTok Shop,C00452
ORD001344,2025-10-03,Amazon,C00682
ORD001345,2026-03-09,TikTok Shop,C00773
ORD001346,2026-01-10,TikTok Shop,C00180
ORD001347,2026-03-28,Wholesale,C00386
ORD001348,2026-06-06,TikTok Shop,C00127
ORD001349,2026-01-31,Shopify,C01065
ORD001350,2025-08-29,TikTok Shop,C00297
ORD001351,2026-01-23,Wholesale,C00581
ORD001352,2025-12-07,TikTok Shop,C01029
ORD001353,2025-12-30,TikTok Shop,C00772
ORD001354,2025-12-01,Shopify,C00461
ORD001355,2025-11-26,Amazon,C01123
ORD001356,2026-04-11,Walmart,C00801
ORD001357,2025-09-03,TikTok Shop,C00400
ORD001358,2026-06-23,TikTok Shop,C00938
ORD001359,2025-09-25,Shopify,C00447
ORD001360,2025-11-30,Walmart,C00345
ORD001361,2025-12-31,Walmart,C00368
ORD001362,2026-04-20,Wholesale,C00889
ORD001363,2026-02-02,Amazon,C00244
ORD001364,2025-11-13,TikTok Shop,C00354
ORD001365,2026-04-08,TikTok Shop,C00024
ORD001366,2025-12-27,Amazon,C01002
ORD001367,2026-06-05,Wholesale,C00371
ORD001368,2026-05-16,Amazon,C00667
ORD001369,2026-02-23,Walmart,C00041
ORD001370,2025-08-08,Shopify,C00241
ORD001371,2026-01-17,Amazon,C01137
ORD001372,2025-08-28,Wholesale,C00423
ORD001373,2025-11-24,Amazon,C01037
ORD001374,2025-10-31,Shopify,C00616
ORD001375,2025-11-27,Wholesale,C00912
ORD001376,2025-09-08,TikTok Shop,C01071
ORD001377,2026-05-21,Shopify,C00076
ORD001378,2025-12-28,Shopify,C00275
ORD001379,2026-06-25,Wholesale,C00865
ORD001380,2026-02-09,TikTok Shop,C00782
ORD001381,2026-06-10,Shopify,C01098
ORD001382,2025-07-25,Shopify,C00763
ORD001383,2026-04-06,Walmart,C00054
ORD001384,2026-06-27,Wholesale,C00834
ORD001385,2026-02-20,TikTok Shop,C00684
ORD001386,2026-01-20,Amazon,C00773
ORD001387,2026-01-01,Amazon,C00360
ORD001388,2025-08-15,Wholesale,C00556
ORD001389,2025-10-05,TikTok Shop,C01089
ORD001390,2026-02-11,Wholesale,C00319
ORD001391,2025-12-12,Shopify,C00857
ORD001392,2026-03-23,TikTok Shop,C00877
ORD001393,2026-05-14,Amazon,C00163
ORD001394,2026-02-03,Shopify,C01179
ORD001395,2026-03-24,Wholesale,C01010
ORD001396,2026-01-12,Walmart,C01020
ORD001397,2026-05-16,Amazon,C00871
ORD001398,2025-08-14,Shopify,C01073
ORD001399,2025-10-12,TikTok Shop,C00274
ORD001400,2025-11-05,TikTok Shop,C00232
ORD001401,2026-02-23,Walmart,C00602
ORD001402,2025-09-13,Shopify,C00625
ORD001403,2026-07-20,Amazon,C00943
ORD001404,2025-11-13,TikTok Shop,C00382
ORD001405,2026-01-11,Walmart,C00405
ORD001406,2026-07-02,Walmart,C00254
ORD001407,2026-04-22,Walmart,C00810
ORD001408,2026-01-29,Wholesale,C00552
ORD001409,2025-09-10,Shopify,C00287
ORD001410,2025-08-05,Amazon,C00389
ORD001411,2026-03-26,TikTok Shop,C00065
ORD001412,2026-03-18,TikTok Shop,C00244
ORD001413,2026-05-31,Walmart,C01028
ORD001414,2025-10-25,Shopify,C00705
ORD001415,2026-04-26,Walmart,C00984
ORD001416,2025-09-24,Shopify,C00313
ORD001417,2025-11-22,Shopify,C00879
ORD001418,2026-02-23,Wholesale,C00372
ORD001419,2025-07-30,Shopify,C00247
ORD001420,2026-02-24,TikTok Shop,C00394
ORD001421,2025-12-30,Wholesale,C00409
ORD001422,2025-08-30,Walmart,C01076
ORD001423,2025-10-20,Walmart,C00126
ORD001424,2026-06-16,TikTok Shop,C00719
ORD001425,2026-07-14,Amazon,C00107
ORD001426,2025-09-07,Walmart,C00379
ORD001427,2026-01-20,Amazon,C00199
ORD001428,2025-09-08,Shopify,C00566
ORD001429,2026-04-02,Amazon,C00218
ORD001430,2026-06-13,Amazon,C00391
ORD001431,2025-09-22,Amazon,C01120
ORD001432,2026-02-03,Amazon,C00262
ORD001433,2026-07-22,Wholesale,C00712
ORD001434,2026-04-29,Walmart,C00859
ORD001435,2025-11-15,Amazon,C01160
ORD001436,2026-02-07,Walmart,C01091
ORD001437,2026-04-24,Walmart,C00557
ORD001438,2025-11-08,Shopify,C01172
ORD001439,2026-01-02,Wholesale,C00933
ORD001440,2026-06-14,Wholesale,C00244
ORD001441,2026-01-28,Wholesale,C00488
ORD001442,2026-01-24,TikTok Shop,C00106
ORD001443,2025-10-27,Wholesale,C00756
ORD001444,2026-01-18,Wholesale,C00604
ORD001445,2026-02-24,TikTok Shop,C00362
ORD001446,2025-09-19,Wholesale,C01129
ORD001447,2025-12-20,TikTok Shop,C00551
ORD001448,2025-10-07,Shopify,C00914
ORD001449,2026-07-18,Shopify,C00982
ORD001450,2026-03-14,Walmart,C00379
ORD001451,2026-02-07,Shopify,C00578
ORD001452,2026-05-10,Shopify,C00808
ORD001453,2026-07-01,Shopify,C00932
ORD001454,2025-09-16,Walmart,C00787
ORD001455,2026-06-25,Amazon,C00271
ORD001456,2025-08-21,Shopify,C00028
ORD001457,2025-11-09,Amazon,C00415
ORD001458,2026-05-21,Shopify,C00630
ORD001459,2026-05-27,Wholesale,C00548
ORD001460,2026-06-21,Amazon,C01048
ORD001461,2026-01-02,Shopify,C00875
ORD001462,2025-12-03,Walmart,C00231
ORD001463,2026-07-22,TikTok Shop,C00732
ORD001464,2026-05-26,Amazon,C00739
ORD001465,2026-02-07,Shopify,C00878
ORD001466,2025-11-05,TikTok Shop,C00213
ORD001467,2026-06-08,Amazon,C00305
ORD001468,2025-07-25,Amazon,C00232
ORD001469,2025-11-11,Shopify,C00789
ORD001470,2026-05-02,Walmart,C00683
ORD001471,2025-11-17,Walmart,C01126
ORD001472,2026-06-15,Walmart,C00172
ORD001473,2026-03-09,Shopify,C00036
ORD001474,2026-03-07,Amazon,C00716
ORD001475,2026-04-07,Wholesale,C00863
ORD001476,2026-01-31,Amazon,C00283
ORD001477,2026-06-26,Amazon,C00870
ORD001478,2025-09-20,Walmart,C00324
ORD001479,2026-01-14,Shopify,C00162
ORD001480,2026-02-19,Wholesale,C00853
ORD001481,2026-01-29,Shopify,C01081
ORD001482,2025-12-06,TikTok Shop,C00228
ORD001483,2025-12-01,Wholesale,C00356
ORD001484,2026-02-24,Wholesale,C01028
ORD001485,2026-05-17,Amazon,C01069
ORD001486,2026-02-21,Shopify,C00804
ORD001487,2025-12-18,Walmart,C00978
ORD001488,2026-01-17,TikTok Shop,C00869
ORD001489,2026-07-22,Amazon,C00160
ORD001490,2025-11-26,TikTok Shop,C00334
ORD001491,2026-06-27,Wholesale,C00414
ORD001492,2025-10-06,Wholesale,C00991
ORD001493,2026-04-21,Amazon,C00633
ORD001494,2025-10-25,Walmart,C01025
ORD001495,2026-03-04,TikTok Shop,C00266
ORD001496,2025-12-20,Amazon,C00783
ORD001497,2025-10-23,Shopify,C00949
ORD001498,2026-06-22,Shopify,C00289
ORD001499,2026-05-22,TikTok Shop,C00883
ORD001500,2025-12-31,Shopify,C00154
ORD001501,2025-08-10,Amazon,C00031
ORD001502,2025-11-25,Walmart,C00193
ORD001503,2026-05-10,Amazon,C00574
ORD001504,2026-01-24,TikTok Shop,C00970
ORD001505,2026-04-24,Amazon,C00745
ORD001506,2026-07-14,Walmart,C00752
ORD001507,2026-06-05,TikTok Shop,C00088
ORD001508,2025-12-20,TikTok Shop,C00770
ORD001509,2025-12-21,Amazon,C00457
ORD001510,2026-04-08,Walmart,C01096
ORD001511,2026-05-28,Walmart,C00888
ORD001512,2026-06-08,Amazon,C00650
ORD001513,2026-04-04,Amazon,C00571
ORD001514,2025-09-22,Shopify,C00656
ORD001515,2026-02-02,Shopify,C00111
ORD001516,2025-08-08,TikTok Shop,C00517
ORD001517,2025-09-12,Amazon,C00611
ORD001518,2026-02-05,Amazon,C00190
ORD001519,2026-03-11,TikTok Shop,C00859
ORD001520,2025-11-30,Wholesale,C00797
ORD001521,2026-06-27,Amazon,C01185
ORD001522,2025-09-01,Shopify,C01023
ORD001523,2026-06-29,Walmart,C00258
ORD001524,2026-06-18,Wholesale,C00341
ORD001525,2026-01-11,TikTok Shop,C00746
ORD001526,2025-09-01,Wholesale,C00256
ORD001527,2026-02-14,Wholesale,C00873
ORD001528,2026-07-13,Shopify,C01133
ORD001529,2026-01-18,Wholesale,C00204
ORD001530,2025-07-30,Amazon,C00843
ORD001531,2026-05-01,Walmart,C01031
ORD001532,2025-09-18,Wholesale,C00781
ORD001533,2025-12-31,Amazon,C00719
ORD001534,2026-06-28,Shopify,C01040
ORD001535,2026-04-05,Shopify,C00009
ORD001536,2025-09-22,TikTok Shop,C01063
ORD001537,2025-08-23,Shopify,C01139
ORD001538,2026-01-23,Shopify,C00800
ORD001539,2026-05-24,Amazon,C00259
ORD001540,2025-11-04,Amazon,C00192
ORD001541,2025-12-03,Wholesale,C00314
ORD001542,2026-03-24,Wholesale,C00784
ORD001543,2026-04-20,TikTok Shop,C00383
ORD001544,2025-12-26,Shopify,C01097
ORD001545,2026-04-03,Amazon,C00564
ORD001546,2025-08-25,Wholesale,C00212
ORD001547,2026-06-20,Amazon,C00291
ORD001548,2025-11-29,Walmart,C00741
ORD001549,2026-06-21,Walmart,C00045
ORD001550,2026-04-12,Walmart,C00769
ORD001551,2026-06-23,Amazon,C00366
ORD001552,2026-02-17,Wholesale,C01120
ORD001553,2025-12-19,Amazon,C00395
ORD001554,2025-11-24,Amazon,C00445
ORD001555,2026-03-25,Shopify,C00171
ORD001556,2026-04-30,TikTok Shop,C01130
ORD001557,2026-07-04,Shopify,C00513
ORD001558,2026-05-15,Walmart,C00211
ORD001559,2026-01-30,Walmart,C00868
ORD001560,2026-06-28,Walmart,C00410
ORD001561,2026-02-20,Wholesale,C00519
ORD001562,2025-08-07,Amazon,C00369
ORD001563,2026-03-21,Amazon,C00441
ORD001564,2025-08-20,TikTok Shop,C00023
ORD001565,2025-10-24,Walmart,C00581
ORD001566,2026-03-27,Wholesale,C00864
ORD001567,2026-04-16,Walmart,C01022
ORD001568,2026-07-17,Amazon,C00255
ORD001569,2025-11-13,Shopify,C01181
ORD001570,2025-10-21,Wholesale,C00010
ORD001571,2026-05-11,Wholesale,C01081
ORD001572,2025-08-29,Amazon,C00963
ORD001573,2026-01-09,TikTok Shop,C00650
ORD001574,2025-09-01,Walmart,C00097
ORD001575,2026-05-16,TikTok Shop,C00211
ORD001576,2026-03-28,Amazon,C00285
ORD001577,2026-04-24,Shopify,C00349
ORD001578,2026-06-28,Wholesale,C00011
ORD001579,2025-09-02,Amazon,C00541
ORD001580,2026-01-13,Shopify,C01195
ORD001581,2025-09-27,Wholesale,C00847
ORD001582,2026-04-20,Walmart,C00575
ORD001583,2025-11-18,TikTok Shop,C00170
ORD001584,2026-07-10,Amazon,C01013
ORD001585,2025-08-05,Shopify,C00959
ORD001586,2025-08-11,Shopify,C01081
ORD001587,2025-11-27,Shopify,C00449
ORD001588,2026-05-30,Walmart,C00385
ORD001589,2025-08-15,Shopify,C00630
ORD001590,2025-11-15,Amazon,C00944
ORD001591,2025-12-11,Walmart,C01088
ORD001592,2025-12-17,TikTok Shop,C00884
ORD001593,2026-01-08,Wholesale,C00883
ORD001594,2025-09-19,Amazon,C00784
ORD001595,2025-10-27,Wholesale,C00566
ORD001596,2026-02-16,Shopify,C00228
ORD001597,2026-01-01,Amazon,C01179
ORD001598,2026-03-01,TikTok Shop,C00464
ORD001599,2026-04-15,Walmart,C00422
ORD001600,2026-05-28,TikTok Shop,C00590
ORD001601,2025-10-02,Shopify,C00646
ORD001602,2025-09-29,Amazon,C00972
ORD001603,2025-09-30,Amazon,C00350
ORD001604,2025-08-24,Walmart,C00225
ORD001605,2026-03-18,Shopify,C01076
ORD001606,2026-06-28,Walmart,C01005
ORD001607,2025-12-20,Amazon,C00723
ORD001608,2026-03-22,Wholesale,C00043
ORD001609,2026-04-16,Shopify,C00732
ORD001610,2025-10-26,TikTok Shop,C00423
ORD001611,2026-02-03,Wholesale,C00359
ORD001612,2026-07-14,TikTok Shop,C00634
ORD001613,2026-03-08,Wholesale,C00252
ORD001614,2025-09-18,Amazon,C01022
ORD001615,2025-10-23,TikTok Shop,C00998
ORD001616,2026-01-20,Amazon,C00446
ORD001617,2026-03-29,TikTok Shop,C00011
ORD001618,2025-10-31,Shopify,C00718
ORD001619,2026-01-19,Shopify,C00403
ORD001620,2025-11-01,Amazon,C00970
ORD001621,2026-04-09,Amazon,C00536
ORD001622,2025-07-28,TikTok Shop,C01185
ORD001623,2026-07-09,Shopify,C00853
ORD001624,2026-06-02,Wholesale,C00376
ORD001625,2026-01-21,TikTok Shop,C01032
ORD001626,2026-07-09,Walmart,C00945
ORD001627,2025-11-13,Walmart,C00182
ORD001628,2026-04-14,Shopify,C01189
ORD001629,2026-02-22,Shopify,C00826
ORD001630,2025-09-24,Amazon,C00554
ORD001631,2025-08-22,TikTok Shop,C00125
ORD001632,2026-01-12,Shopify,C01058
ORD001633,2025-12-06,Shopify,C00458
ORD001634,2026-03-10,Amazon,C00138
ORD001635,2025-11-18,Wholesale,C00199
ORD001636,2026-03-30,Walmart,C00051
ORD001637,2026-01-05,Walmart,C00377
ORD001638,2026-04-19,Wholesale,C00900
ORD001639,2025-10-30,Shopify,C00493
ORD001640,2026-01-18,Walmart,C00984
ORD001641,2026-06-18,TikTok Shop,C00564
ORD001642,2025-11-19,Walmart,C00304
ORD001643,2025-10-10,Amazon,C01156
ORD001644,2025-12-21,Amazon,C00727
ORD001645,2026-06-21,TikTok Shop,C00019
ORD001646,2026-01-28,TikTok Shop,C01076
ORD001647,2025-09-04,TikTok Shop,C01154
ORD001648,2025-10-25,Walmart,C00140
ORD001649,2025-12-20,Shopify,C00664
ORD001650,2026-03-04,Amazon,C00326
ORD001651,2025-12-11,Walmart,C00976
ORD001652,2026-03-05,Walmart,C00861
ORD001653,2025-11-16,Amazon,C00077
ORD001654,2026-04-22,Amazon,C00921
ORD001655,2025-11-16,Walmart,C00897
ORD001656,2025-08-02,Amazon,C01193
ORD001657,2026-06-12,Amazon,C00288
ORD001658,2026-04-06,Wholesale,C01120
ORD001659,2025-12-25,Wholesale,C01017
ORD001660,2025-11-08,Wholesale,C00722
ORD001661,2025-07-28,Walmart,C00771
ORD001662,2026-03-01,Shopify,C01060
ORD001663,2026-06-25,Amazon,C01108
ORD001664,2026-04-17,Walmart,C00733
ORD001665,2026-05-23,Amazon,C01095
ORD001666,2026-05-10,Wholesale,C00965
ORD001667,2025-08-13,TikTok Shop,C00411
ORD001668,2026-07-13,Amazon,C00483
ORD001669,2026-03-17,Walmart,C00166
ORD001670,2026-05-10,Walmart,C01040
ORD001671,2026-02-02,Walmart,C00622
ORD001672,2026-06-13,Amazon,C00402
ORD001673,2026-07-11,Walmart,C00257
ORD001674,2026-07-10,Amazon,C00754
ORD001675,2025-11-13,Shopify,C00476
ORD001676,2026-05-22,Shopify,C00846
ORD001677,2026-05-31,Amazon,C00260
ORD001678,2025-10-22,TikTok Shop,C00501
ORD001679,2026-03-17,Amazon,C00157
ORD001680,2026-06-01,Shopify,C00909
ORD001681,2025-12-08,TikTok Shop,C01109
ORD001682,2025-10-18,TikTok Shop,C00161
ORD001683,2026-03-29,TikTok Shop,C01133
ORD001684,2025-10-06,Shopify,C00074
ORD001685,2026-03-23,Amazon,C00044
ORD001686,2025-10-30,TikTok Shop,C00174
ORD001687,2026-04-14,Walmart,C00039
ORD001688,2026-05-14,Shopify,C00777
ORD001689,2026-04-30,TikTok Shop,C00065
ORD001690,2026-05-19,Amazon,C00699
ORD001691,2026-04-07,TikTok Shop,C01096
ORD001692,2026-04-15,Walmart,C00488
ORD001693,2026-06-15,TikTok Shop,C00176
ORD001694,2025-09-16,TikTok Shop,C01170
ORD001695,2026-03-25,TikTok Shop,C00026
ORD001696,2025-08-31,TikTok Shop,C00367
ORD001697,2026-07-10,Walmart,C00076
ORD001698,2026-03-25,Wholesale,C00163
ORD001699,2026-04-02,Shopify,C00529
ORD001700,2025-08-09,Shopify,C00301
ORD001701,2025-11-21,Wholesale,C00650
ORD001702,2026-05-27,Amazon,C00531
ORD001703,2026-01-12,Wholesale,C00481
ORD001704,2025-08-06,Amazon,C01047
ORD001705,2026-03-07,TikTok Shop,C01169
ORD001706,2025-12-13,Shopify,C00051
ORD001707,2026-05-05,TikTok Shop,C00964
ORD001708,2025-09-14,Amazon,C00596
ORD001709,2025-08-29,Amazon,C00434
ORD001710,2026-07-13,Wholesale,C00067
ORD001711,2025-11-16,Wholesale,C00249
ORD001712,2025-11-28,Shopify,C01179
ORD001713,2026-05-11,Shopify,C00934
ORD001714,2026-01-02,TikTok Shop,C00164
ORD001715,2025-10-01,Wholesale,C00472
ORD001716,2025-10-10,Wholesale,C00502
ORD001717,2025-09-14,TikTok Shop,C00700
ORD001718,2026-05-26,Wholesale,C00304
ORD001719,2026-02-19,Amazon,C00858
ORD001720,2026-06-30,Amazon,C00884
ORD001721,2025-12-14,Shopify,C01055
ORD001722,2026-02-16,TikTok Shop,C00244
ORD001723,2026-02-04,TikTok Shop,C00920
ORD001724,2026-07-14,Shopify,C00376
ORD001725,2025-11-07,Walmart,C00777
ORD001726,2026-06-12,Amazon,C00476
ORD001727,2025-09-26,TikTok Shop,C00662
ORD001728,2025-11-01,Shopify,C00882
ORD001729,2026-07-14,Amazon,C00590
ORD001730,2026-06-10,TikTok Shop,C00532
ORD001731,2026-01-28,Wholesale,C01042
ORD001732,2026-06-03,Wholesale,C01102
ORD001733,2025-11-16,Amazon,C00757
ORD001734,2026-05-10,Walmart,C01067
ORD001735,2026-06-28,Amazon,C00246
ORD001736,2025-12-03,Shopify,C00571
ORD001737,2026-06-02,Shopify,C01039
ORD001738,2025-09-07,TikTok Shop,C00079
ORD001739,2026-01-22,Amazon,C00504
ORD001740,2025-08-23,Shopify,C00401
ORD001741,2025-09-17,Walmart,C00579
ORD001742,2026-05-13,Wholesale,C00439
ORD001743,2025-10-20,Walmart,C01143
ORD001744,2026-06-24,Wholesale,C00481
ORD001745,2026-04-13,TikTok Shop,C00994
ORD001746,2026-05-02,TikTok Shop,C00198
ORD001747,2026-04-12,Walmart,C00916
ORD001748,2025-12-26,Walmart,C00654
ORD001749,2026-06-18,Wholesale,C00844
ORD001750,2026-06-02,Walmart,C00125
ORD001751,2026-02-26,Walmart,C00817
ORD001752,2025-12-14,TikTok Shop,C00094
ORD001753,2025-08-29,Wholesale,C00423
ORD001754,2026-05-28,Amazon,C00683
ORD001755,2025-12-25,TikTok Shop,C01097
ORD001756,2025-07-30,Shopify,C00595
ORD001757,2025-11-04,Walmart,C00442
ORD001758,2026-02-18,Wholesale,C00815
ORD001759,2025-09-10,Amazon,C00472
ORD001760,2026-01-17,Shopify,C00553
ORD001761,2025-12-15,Wholesale,C00851
ORD001762,2026-04-12,Amazon,C00802
ORD001763,2026-05-11,TikTok Shop,C00871
ORD001764,2026-04-12,TikTok Shop,C01181
ORD001765,2025-11-03,Shopify,C00833
ORD001766,2026-03-09,Walmart,C00807
ORD001767,2025-12-19,Wholesale,C00051
ORD001768,2026-06-09,Wholesale,C00224
ORD001769,2026-03-29,Shopify,C01004
ORD001770,2026-07-25,Wholesale,C01161
ORD001771,2025-12-16,TikTok Shop,C00844
ORD001772,2025-09-05,Wholesale,C00833
ORD001773,2026-04-13,Wholesale,C01001
ORD001774,2025-10-23,Wholesale,C01137
ORD001775,2026-01-24,Amazon,C00332
ORD001776,2025-08-03,Walmart,C01015
ORD001777,2026-03-22,Shopify,C01121
ORD001778,2026-07-03,Walmart,C00603
ORD001779,2026-02-28,Shopify,C00595
ORD001780,2025-11-29,Shopify,C00677
ORD001781,2026-07-15,Walmart,C00368
ORD001782,2026-03-18,Amazon,C00639
ORD001783,2025-10-18,Amazon,C00960
ORD001784,2026-04-02,Shopify,C00563
ORD001785,2025-08-18,TikTok Shop,C01150
ORD001786,2026-03-28,TikTok Shop,C00366
ORD001787,2026-06-09,TikTok Shop,C01179
ORD001788,2026-01-21,Amazon,C00475
ORD001789,2026-07-13,Shopify,C00338
ORD001790,2026-04-23,Shopify,C01048
ORD001791,2025-11-19,Wholesale,C00241
ORD001792,2026-04-03,Walmart,C00790
ORD001793,2025-12-30,Wholesale,C00439
ORD001794,2025-09-08,Walmart,C01148
ORD001795,2025-09-17,TikTok Shop,C00365
ORD001796,2025-08-11,TikTok Shop,C00869
ORD001797,2025-08-08,Walmart,C00767
ORD001798,2025-11-20,Walmart,C00740
ORD001799,2026-02-01,TikTok Shop,C00520
ORD001800,2025-09-08,Amazon,C00519
ORD001801,2025-08-31,Walmart,C00356
ORD001802,2025-10-24,Amazon,C00314
ORD001803,2026-07-04,Walmart,C00128
ORD001804,2026-02-18,TikTok Shop,C00649
ORD001805,2025-09-15,Amazon,C00134
ORD001806,2025-12-22,TikTok Shop,C00172
ORD001807,2026-01-17,TikTok Shop,C00407
ORD001808,2025-12-16,Wholesale,C00719
ORD001809,2026-04-11,Wholesale,C00177
ORD001810,2026-05-09,Shopify,C00651
ORD001811,2026-04-21,Amazon,C00506
ORD001812,2026-02-19,Walmart,C00588
ORD001813,2026-01-03,Wholesale,C00647
ORD001814,2026-03-10,Shopify,C00605
ORD001815,2026-05-09,TikTok Shop,C01186
ORD001816,2026-05-03,Wholesale,C00790
ORD001817,2025-09-23,Walmart,C00711
ORD001818,2026-07-03,TikTok Shop,C00447
ORD001819,2026-01-02,Walmart,C00287
ORD001820,2026-04-05,Wholesale,C00070
ORD001821,2025-09-01,Walmart,C00974
ORD001822,2026-06-13,TikTok Shop,C00334
ORD001823,2026-01-31,Wholesale,C00935
ORD001824,2026-03-21,TikTok Shop,C00692
ORD001825,2025-12-30,Wholesale,C00221
ORD001826,2026-07-24,Wholesale,C00059
ORD001827,2025-11-10,TikTok Shop,C01074
ORD001828,2025-08-06,Shopify,C00683
ORD001829,2026-04-19,Shopify,C00709
ORD001830,2025-12-15,Shopify,C00411
ORD001831,2025-10-17,Amazon,C00379
ORD001832,2026-01-13,Amazon,C00502
ORD001833,2026-01-13,Amazon,C00978
ORD001834,2025-10-24,Walmart,C01127
ORD001835,2026-06-22,Amazon,C00794
ORD001836,2025-12-12,Walmart,C00670
ORD001837,2025-09-01,TikTok Shop,C01001
ORD001838,2026-04-17,TikTok Shop,C00697
ORD001839,2025-12-14,Shopify,C00091
ORD001840,2026-02-21,Amazon,C00696
ORD001841,2026-07-10,TikTok Shop,C00793
ORD001842,2026-04-01,Walmart,C01060
ORD001843,2025-12-11,TikTok Shop,C00208
ORD001844,2025-08-17,Walmart,C00024
ORD001845,2025-12-26,Walmart,C00530
ORD001846,2025-11-09,Wholesale,C00748
ORD001847,2025-10-06,Wholesale,C00786
ORD001848,2025-09-10,Shopify,C01055
ORD001849,2026-06-19,Amazon,C01003
ORD001850,2026-06-10,TikTok Shop,C00872
ORD001851,2026-01-17,Shopify,C00601
ORD001852,2025-08-29,TikTok Shop,C00073
ORD001853,2026-04-08,Amazon,C01096
ORD001854,2025-10-15,Walmart,C00883
ORD001855,2026-03-31,Wholesale,C01166
ORD001856,2026-03-30,Amazon,C00301
ORD001857,2026-03-13,Walmart,C00821
ORD001858,2025-08-02,Amazon,C00888
ORD001859,2025-08-13,TikTok Shop,C01053
ORD001860,2026-05-26,TikTok Shop,C00381
ORD001861,2025-12-01,Shopify,C00584
ORD001862,2025-10-27,Walmart,C00266
ORD001863,2025-09-11,Amazon,C00454
ORD001864,2026-05-26,Shopify,C00131
ORD001865,2026-03-01,Wholesale,C00797
ORD001866,2025-10-12,TikTok Shop,C00710
ORD001867,2025-08-20,Wholesale,C00349
ORD001868,2026-06-12,Walmart,C01150
ORD001869,2026-05-18,TikTok Shop,C00598
ORD001870,2026-02-25,Wholesale,C01198
ORD001871,2025-10-13,Wholesale,C00884
ORD001872,2026-03-09,Shopify,C00769
ORD001873,2025-10-16,Shopify,C00433
ORD001874,2026-06-05,Shopify,C00326
ORD001875,2026-06-27,TikTok Shop,C00744
ORD001876,2025-10-23,Walmart,C00951
ORD001877,2025-11-29,TikTok Shop,C00007
ORD001878,2026-05-21,Walmart,C00841
ORD001879,2025-09-20,Shopify,C01031
ORD001880,2026-05-27,Amazon,C00666
ORD001881,2026-07-09,Amazon,C00798
ORD001882,2026-03-13,Shopify,C00968
ORD001883,2025-07-26,Shopify,C01183
ORD001884,2025-11-09,Shopify,C00363
ORD001885,2026-06-23,Shopify,C00502
ORD001886,2025-09-19,Wholesale,C00963
ORD001887,2025-09-13,Wholesale,C01094
ORD001888,2026-02-19,Amazon,C00745
ORD001889,2025-10-30,Amazon,C00299
ORD001890,2026-05-31,Walmart,C00696
ORD001891,2025-09-30,Shopify,C00542
ORD001892,2025-09-05,Walmart,C01007
ORD001893,2026-04-07,TikTok Shop,C00911
ORD001894,2026-06-26,Wholesale,C00074
ORD001895,2025-08-04,Amazon,C00453
ORD001896,2025-09-14,Shopify,C01163
ORD001897,2025-07-30,Shopify,C00599
ORD001898,2025-12-11,Wholesale,C00621
ORD001899,2026-05-27,TikTok Shop,C00746
ORD001900,2026-05-27,Wholesale,C01027
ORD001901,2025-10-25,Shopify,C01076
ORD001902,2026-03-10,Amazon,C00702
ORD001903,2025-11-27,Shopify,C00308
ORD001904,2025-07-31,Walmart,C00941
ORD001905,2025-09-30,Amazon,C00675
ORD001906,2025-11-05,Wholesale,C01071
ORD001907,2025-08-14,Shopify,C00502
ORD001908,2025-09-12,Amazon,C00545
ORD001909,2026-05-09,Amazon,C00426
ORD001910,2026-01-04,Walmart,C00202
ORD001911,2026-02-14,Walmart,C00171
ORD001912,2025-09-07,Wholesale,C00998
ORD001913,2026-05-10,Amazon,C00907
ORD001914,2025-08-18,Walmart,C00362
ORD001915,2026-01-25,TikTok Shop,C00542
ORD001916,2026-01-15,Shopify,C00999
ORD001917,2026-05-23,Walmart,C00335
ORD001918,2025-12-12,TikTok Shop,C00194
ORD001919,2026-02-09,Shopify,C00437
ORD001920,2026-03-12,Amazon,C00615
ORD001921,2025-09-05,Shopify,C00324
ORD001922,2026-01-16,TikTok Shop,C00469
ORD001923,2026-02-05,TikTok Shop,C00684
ORD001924,2025-10-19,Walmart,C00012
ORD001925,2026-03-20,Walmart,C00562
ORD001926,2025-08-10,TikTok Shop,C00604
ORD001927,2026-05-03,TikTok Shop,C01143
ORD001928,2026-05-25,Amazon,C00498
ORD001929,2026-07-12,Wholesale,C00963
ORD001930,2026-06-26,Shopify,C00574
ORD001931,2026-04-06,TikTok Shop,C01102
ORD001932,2026-02-12,Shopify,C00152
ORD001933,2025-11-19,Wholesale,C00410
ORD001934,2026-01-18,Wholesale,C01088
ORD001935,2026-03-31,TikTok Shop,C00914
ORD001936,2025-08-06,TikTok Shop,C00683
ORD001937,2025-08-17,Wholesale,C00048
ORD001938,2026-01-27,Walmart,C00812
ORD001939,2026-06-19,Amazon,C01159
ORD001940,2025-12-27,TikTok Shop,C01178
ORD001941,2026-01-06,Wholesale,C00231
ORD001942,2026-04-17,Amazon,C00883
ORD001943,2025-09-04,Amazon,C00373
ORD001944,2026-01-31,Wholesale,C00602
ORD001945,2026-04-27,Amazon,C00018
ORD001946,2026-07-13,Shopify,C00531
ORD001947,2026-01-13,Wholesale,C00938
ORD001948,2025-08-22,Shopify,C00632
ORD001949,2026-07-09,Wholesale,C00081
ORD001950,2025-08-25,Amazon,C00671
ORD001951,2025-11-27,Shopify,C00869
ORD001952,2026-03-18,Shopify,C00901
ORD001953,2025-09-20,Walmart,C00428
ORD001954,2025-08-19,Shopify,C00422
ORD001955,2025-09-12,Wholesale,C01185
ORD001956,2025-11-08,Wholesale,C00734
ORD001957,2026-03-24,Walmart,C00523
ORD001958,2026-03-27,Walmart,C00205
ORD001959,2026-03-09,TikTok Shop,C00470
ORD001960,2026-02-22,Amazon,C00289
ORD001961,2026-04-27,Shopify,C01063
ORD001962,2025-11-28,Amazon,C00126
ORD001963,2025-12-19,Shopify,C00358
ORD001964,2026-03-14,Walmart,C00418
ORD001965,2026-02-16,Amazon,C00053
ORD001966,2025-11-16,Walmart,C00096
ORD001967,2026-01-17,Shopify,C00189
ORD001968,2026-02-06,Walmart,C01100
ORD001969,2026-03-17,Walmart,C00527
ORD001970,2026-01-08,Wholesale,C00198
ORD001971,2025-09-01,Wholesale,C00266
ORD001972,2026-05-29,Amazon,C00828
ORD001973,2026-04-23,TikTok Shop,C00379
ORD001974,2025-09-07,Walmart,C00768
ORD001975,2026-06-21,Amazon,C00293
ORD001976,2026-04-05,Wholesale,C00985
ORD001977,2026-04-03,Walmart,C00440
ORD001978,2026-06-30,Amazon,C00573
ORD001979,2026-05-19,Walmart,C01125
ORD001980,2026-02-24,Amazon,C00749
ORD001981,2026-04-30,Walmart,C00228
ORD001982,2026-06-26,Shopify,C00712
ORD001983,2025-10-16,Wholesale,C00374
ORD001984,2026-01-08,Amazon,C00407
ORD001985,2026-01-16,Wholesale,C00472
ORD001986,2026-07-04,Wholesale,C00464
ORD001987,2025-10-21,TikTok Shop,C00799
ORD001988,2026-01-01,Amazon,C00154
ORD001989,2025-12-03,Amazon,C00841
ORD001990,2026-06-11,Shopify,C00497
ORD001991,2026-01-17,Shopify,C00718
ORD001992,2025-12-26,Shopify,C00823
ORD001993,2026-01-02,Shopify,C00909
ORD001994,2026-05-04,Amazon,C00241
ORD001995,2025-08-30,TikTok Shop,C00256
ORD001996,2025-11-23,Amazon,C00782
ORD001997,2026-01-06,Walmart,C00597
ORD001998,2025-11-23,Amazon,C00743
ORD001999,2026-04-09,Walmart,C00117
ORD002000,2025-10-31,Walmart,C00515
ORD002001,2025-12-17,Shopify,C01200
ORD002002,2025-09-22,Walmart,C01149
ORD002003,2026-04-17,Wholesale,C00202
ORD002004,2026-07-18,Walmart,C00082
ORD002005,2026-01-25,Walmart,C00885
ORD002006,2025-08-20,Amazon,C00599
ORD002007,2025-08-29,TikTok Shop,C00722
ORD002008,2026-06-13,Amazon,C00665
ORD002009,2025-08-27,Walmart,C00714
ORD002010,2025-08-30,TikTok Shop,C00721
ORD002011,2026-01-08,Walmart,C00641
ORD002012,2025-08-31,TikTok Shop,C00691
ORD002013,2026-05-10,Amazon,C00229
ORD002014,2026-05-07,Wholesale,C01148
ORD002015,2025-12-16,Shopify,C00192
ORD002016,2026-06-05,TikTok Shop,C00299
ORD002017,2025-09-13,TikTok Shop,C01168
ORD002018,2026-02-26,Walmart,C00084
ORD002019,2025-08-17,TikTok Shop,C00054
ORD002020,2026-03-09,Walmart,C00443
ORD002021,2026-02-28,Shopify,C00043
ORD002022,2026-02-28,Wholesale,C01190
ORD002023,2025-11-30,TikTok Shop,C00884
ORD002024,2026-04-11,Amazon,C00276
ORD002025,2025-09-10,Wholesale,C00643
ORD002026,2025-12-31,TikTok Shop,C01135
ORD002027,2025-12-09,Wholesale,C00109
ORD002028,2026-06-29,Amazon,C00351
ORD002029,2026-04-09,Wholesale,C00118
ORD002030,2026-07-25,Amazon,C00566
ORD002031,2026-05-12,Walmart,C00441
ORD002032,2026-01-05,Wholesale,C01041
ORD002033,2026-06-27,TikTok Shop,C00246
ORD002034,2026-07-15,Wholesale,C00848
ORD002035,2026-05-01,Walmart,C00245
ORD002036,2025-08-13,Walmart,C00781
ORD002037,2025-11-13,TikTok Shop,C00364
ORD002038,2026-03-15,Walmart,C00411
ORD002039,2025-11-23,TikTok Shop,C00926
ORD002040,2025-12-08,Amazon,C00125
ORD002041,2025-09-03,Amazon,C00670
ORD002042,2026-03-06,Amazon,C00354
ORD002043,2026-02-07,Shopify,C01097
ORD002044,2025-10-15,Shopify,C00767
ORD002045,2025-09-23,Wholesale,C00080
ORD002046,2026-04-06,Wholesale,C01062
ORD002047,2026-01-28,Shopify,C00318
ORD002048,2025-10-20,Wholesale,C00135
ORD002049,2026-06-19,Walmart,C00386
ORD002050,2025-09-05,Wholesale,C00203
ORD002051,2025-12-07,TikTok Shop,C00657
ORD002052,2026-06-18,TikTok Shop,C00874
ORD002053,2026-02-26,Amazon,C01007
ORD002054,2025-12-14,Wholesale,C00797
ORD002055,2025-09-07,Shopify,C00183
ORD002056,2026-05-17,Wholesale,C00058
ORD002057,2025-11-10,Shopify,C00721
ORD002058,2026-03-04,Amazon,C00440
ORD002059,2025-10-20,Shopify,C00656
ORD002060,2026-06-03,Shopify,C01170
ORD002061,2026-01-07,TikTok Shop,C00010
ORD002062,2026-06-18,Walmart,C00468
ORD002063,2026-02-27,Wholesale,C00505
ORD002064,2026-05-19,Walmart,C00021
ORD002065,2026-06-07,Walmart,C00520
ORD002066,2026-03-23,Amazon,C00235
ORD002067,2026-03-20,Amazon,C00376
ORD002068,2026-04-13,TikTok Shop,C01168
ORD002069,2026-03-31,Amazon,C01137
ORD002070,2026-02-26,Walmart,C00981
ORD002071,2025-08-04,Amazon,C00795
ORD002072,2026-03-18,Shopify,C00893
ORD002073,2026-07-20,Wholesale,C00388
ORD002074,2026-04-06,Wholesale,C00030
ORD002075,2026-06-12,Shopify,C00718
ORD002076,2026-04-20,Shopify,C00598
ORD002077,2025-11-05,Amazon,C00903
ORD002078,2025-08-05,Wholesale,C00330
ORD002079,2025-10-03,Amazon,C00229
ORD002080,2025-11-08,TikTok Shop,C00759
ORD002081,2026-04-23,Shopify,C00013
ORD002082,2026-05-17,Shopify,C00073
ORD002083,2025-11-21,TikTok Shop,C00793
ORD002084,2026-07-17,TikTok Shop,C00932
ORD002085,2025-12-03,Shopify,C00296
ORD002086,2025-12-08,TikTok Shop,C00043
ORD002087,2025-07-27,Walmart,C01109
ORD002088,2025-10-03,TikTok Shop,C00427
ORD002089,2026-06-27,Walmart,C00796
ORD002090,2025-09-18,Shopify,C01086
ORD002091,2026-03-01,Shopify,C01165
ORD002092,2026-04-06,Walmart,C01123
ORD002093,2025-12-27,Shopify,C00964
ORD002094,2025-08-21,TikTok Shop,C00845
ORD002095,2025-09-18,TikTok Shop,C01130
ORD002096,2026-05-08,Shopify,C00908
ORD002097,2026-03-27,Wholesale,C00353
ORD002098,2025-08-05,Shopify,C00843
ORD002099,2025-08-29,TikTok Shop,C01087
ORD002100,2026-05-10,Amazon,C00679
ORD002101,2026-02-16,Shopify,C00309
ORD002102,2025-10-16,TikTok Shop,C00647
ORD002103,2025-12-18,Amazon,C01151
ORD002104,2026-01-04,Walmart,C00243
ORD002105,2026-01-17,Amazon,C00301
ORD002106,2025-12-04,Walmart,C00777
ORD002107,2025-09-24,Walmart,C01198
ORD002108,2025-12-15,TikTok Shop,C00175
ORD002109,2025-11-23,Walmart,C00307
ORD002110,2026-05-01,TikTok Shop,C00171
ORD002111,2025-11-27,Shopify,C00748
ORD002112,2026-05-22,Walmart,C00653
ORD002113,2026-07-25,TikTok Shop,C00539
ORD002114,2026-03-02,Walmart,C00165
ORD002115,2026-03-13,Wholesale,C00040
ORD002116,2025-08-26,Walmart,C00074
ORD002117,2026-07-03,Walmart,C00701
ORD002118,2025-08-14,Wholesale,C00396
ORD002119,2025-09-23,Amazon,C00653
ORD002120,2025-09-24,Shopify,C00765
ORD002121,2026-05-13,Amazon,C00155
ORD002122,2026-03-21,Wholesale,C00145
ORD002123,2025-08-13,TikTok Shop,C00217
ORD002124,2026-04-12,Amazon,C00188
ORD002125,2025-08-25,Shopify,C00103
ORD002126,2025-11-07,Walmart,C00382
ORD002127,2026-01-13,Wholesale,C00013
ORD002128,2026-04-08,TikTok Shop,C00295
ORD002129,2026-01-05,TikTok Shop,C00467
ORD002130,2026-01-29,Wholesale,C00845
ORD002131,2026-03-17,Wholesale,C00015
ORD002132,2026-01-12,Walmart,C00705
ORD002133,2026-01-01,TikTok Shop,C00741
ORD002134,2025-11-08,TikTok Shop,C00984
ORD002135,2025-10-16,Wholesale,C00390
ORD002136,2026-05-14,Amazon,C00723
ORD002137,2026-02-08,Walmart,C00952
ORD002138,2025-09-07,Amazon,C00286
ORD002139,2025-12-06,Amazon,C00890
ORD002140,2026-01-07,Amazon,C00802
ORD002141,2025-09-06,Amazon,C01019
ORD002142,2025-11-12,Shopify,C00390
ORD002143,2026-04-14,Shopify,C00999
ORD002144,2026-04-14,Wholesale,C00593
ORD002145,2026-03-12,Shopify,C00853
ORD002146,2026-01-29,TikTok Shop,C00879
ORD002147,2026-02-14,Shopify,C00757
ORD002148,2026-04-10,Shopify,C00429
ORD002149,2025-11-21,Wholesale,C00698
ORD002150,2025-08-11,Wholesale,C00486
ORD002151,2025-10-18,Amazon,C00642
ORD002152,2025-12-25,Walmart,C00545
ORD002153,2026-03-14,Shopify,C00566
ORD002154,2025-08-15,Amazon,C00671
ORD002155,2025-07-27,TikTok Shop,C00656
ORD002156,2025-10-12,TikTok Shop,C00125
ORD002157,2025-11-19,TikTok Shop,C00535
ORD002158,2025-10-15,Amazon,C00060
ORD002159,2026-05-19,Walmart,C01138
ORD002160,2025-09-16,TikTok Shop,C00221
ORD002161,2026-05-17,TikTok Shop,C00334
ORD002162,2025-11-01,Wholesale,C00978
ORD002163,2025-11-14,Walmart,C00664
ORD002164,2025-11-29,TikTok Shop,C00664
ORD002165,2025-09-09,Amazon,C00140
ORD002166,2025-07-28,Wholesale,C00335
ORD002167,2026-02-03,Walmart,C00704
ORD002168,2026-05-11,Wholesale,C00128
ORD002169,2026-01-08,Shopify,C00237
ORD002170,2025-10-01,Amazon,C00462
ORD002171,2025-09-13,Shopify,C00282
ORD002172,2025-12-19,Walmart,C00049
ORD002173,2026-02-16,Shopify,C00471
ORD002174,2026-04-24,Wholesale,C00337
ORD002175,2025-10-22,Wholesale,C00577
ORD002176,2026-02-04,Shopify,C00413
ORD002177,2026-02-26,Amazon,C00585
ORD002178,2026-06-13,Shopify,C00379
ORD002179,2026-04-10,Amazon,C00422
ORD002180,2026-06-03,Shopify,C00622
ORD002181,2025-12-09,Shopify,C01047
ORD002182,2025-08-21,Shopify,C00371
ORD002183,2025-12-26,Walmart,C00801
ORD002184,2026-06-24,Wholesale,C00220
ORD002185,2026-05-09,Amazon,C00562
ORD002186,2025-08-10,Walmart,C01164
ORD002187,2026-01-10,TikTok Shop,C00441
ORD002188,2025-08-01,Amazon,C00610
ORD002189,2026-01-19,Shopify,C00539
ORD002190,2026-07-17,Shopify,C00030
ORD002191,2025-08-24,Walmart,C01188
ORD002192,2026-06-24,Amazon,C00314
ORD002193,2025-11-23,Walmart,C00062
ORD002194,2026-03-05,Walmart,C00845
ORD002195,2026-01-07,Amazon,C00576
ORD002196,2026-03-04,Shopify,C00481
ORD002197,2025-12-29,Shopify,C00097
ORD002198,2026-04-26,Walmart,C00968
ORD002199,2026-03-30,Walmart,C00357
ORD002200,2026-01-03,Walmart,C01111
ORD002201,2025-11-14,Shopify,C00682
ORD002202,2025-09-07,Amazon,C00704
ORD002203,2025-12-29,Shopify,C00812
ORD002204,2025-08-02,Wholesale,C01115
ORD002205,2025-11-28,Wholesale,C00009
ORD002206,2025-09-29,Walmart,C00240
ORD002207,2026-06-01,Shopify,C01182
ORD002208,2026-03-22,Shopify,C00386
ORD002209,2026-01-19,Shopify,C00832
ORD002210,2026-06-13,Amazon,C00064
ORD002211,2026-04-18,Amazon,C00520
ORD002212,2026-07-17,Amazon,C00615
ORD002213,2025-12-12,Walmart,C00980
ORD002214,2025-08-28,TikTok Shop,C00064
ORD002215,2026-01-10,Walmart,C00719
ORD002216,2026-06-17,Walmart,C00517
ORD002217,2025-09-04,TikTok Shop,C00495
ORD002218,2025-10-27,Shopify,C00841
ORD002219,2026-01-10,Wholesale,C00058
ORD002220,2026-03-10,Wholesale,C00795
ORD002221,2025-12-27,Shopify,C00926
ORD002222,2026-02-13,Walmart,C00225
ORD002223,2025-08-24,Amazon,C00794
ORD002224,2025-12-25,TikTok Shop,C01196
ORD002225,2026-06-28,Shopify,C00286
ORD002226,2025-11-22,Walmart,C01017
ORD002227,2026-05-10,Wholesale,C00218
ORD002228,2025-12-03,Wholesale,C00865
ORD002229,2025-10-19,TikTok Shop,C00733
ORD002230,2025-12-01,Amazon,C00332
ORD002231,2026-05-23,Shopify,C00914
ORD002232,2025-09-28,Shopify,C01193
ORD002233,2025-08-23,Shopify,C00616
ORD002234,2026-02-08,TikTok Shop,C00123
ORD002235,2026-03-27,TikTok Shop,C00281
ORD002236,2025-09-07,Walmart,C00980
ORD002237,2026-02-16,Wholesale,C01109
ORD002238,2026-02-08,Wholesale,C00298
ORD002239,2025-10-08,Wholesale,C00338
ORD002240,2026-07-11,Shopify,C00538
ORD002241,2026-05-22,Walmart,C00057
ORD002242,2025-12-07,Walmart,C00461
ORD002243,2025-12-08,Wholesale,C01068
ORD002244,2026-05-03,Walmart,C00136
ORD002245,2026-06-08,TikTok Shop,C00952
ORD002246,2026-04-01,Wholesale,C00999
ORD002247,2026-06-06,Amazon,C01003
ORD002248,2025-09-20,TikTok Shop,C00592
ORD002249,2025-10-24,TikTok Shop,C00628
ORD002250,2025-09-02,TikTok Shop,C00541
ORD002251,2025-09-19,TikTok Shop,C01112
ORD002252,2025-11-01,Shopify,C00422
ORD002253,2025-10-09,Walmart,C00555
ORD002254,2025-09-30,TikTok Shop,C00255
ORD002255,2026-03-15,Shopify,C00522
ORD002256,2025-09-22,Shopify,C00545
ORD002257,2026-05-16,Wholesale,C00222
ORD002258,2026-05-15,Shopify,C00371
ORD002259,2026-04-05,Amazon,C00144
ORD002260,2025-08-23,Walmart,C00420
ORD002261,2025-10-01,Amazon,C00229
ORD002262,2026-05-21,Shopify,C00473
ORD002263,2026-03-25,Wholesale,C00725
ORD002264,2026-02-01,Wholesale,C01197
ORD002265,2026-01-21,Wholesale,C00036
ORD002266,2026-05-13,Walmart,C00256
ORD002267,2026-02-28,Shopify,C00496
ORD002268,2026-05-16,TikTok Shop,C00220
ORD002269,2026-03-07,Walmart,C01188
ORD002270,2026-01-15,Walmart,C00910
ORD002271,2026-04-15,Amazon,C01109
ORD002272,2026-07-18,TikTok Shop,C00043
ORD002273,2026-07-02,TikTok Shop,C00296
ORD002274,2026-03-01,TikTok Shop,C00724
ORD002275,2026-03-31,Walmart,C00962
ORD002276,2026-03-28,Amazon,C00927
ORD002277,2026-03-24,Amazon,C01006
ORD002278,2025-11-27,TikTok Shop,C00714
ORD002279,2026-06-25,TikTok Shop,C00981
ORD002280,2026-03-25,Wholesale,C01060
ORD002281,2025-11-24,Shopify,C00185
ORD002282,2025-09-21,Wholesale,C00523
ORD002283,2026-01-11,TikTok Shop,C00381
ORD002284,2025-08-20,Shopify,C01067
ORD002285,2026-01-23,Wholesale,C00107
ORD002286,2026-01-12,Shopify,C00036
ORD002287,2026-03-27,Amazon,C00208
ORD002288,2025-11-19,Shopify,C00313
ORD002289,2026-05-30,Wholesale,C00043
ORD002290,2025-11-08,Walmart,C00320
ORD002291,2026-03-11,Wholesale,C00572
ORD002292,2025-08-15,Shopify,C00332
ORD002293,2025-12-08,TikTok Shop,C00944
ORD002294,2026-02-07,Wholesale,C00725
ORD002295,2025-08-22,Shopify,C00075
ORD002296,2025-11-22,TikTok Shop,C00237
ORD002297,2026-01-20,TikTok Shop,C00998
ORD002298,2026-01-16,Walmart,C00302
ORD002299,2025-08-08,Shopify,C00292
ORD002300,2025-08-16,TikTok Shop,C00997
ORD002301,2025-12-15,Walmart,C00268
ORD002302,2026-06-12,TikTok Shop,C00767
ORD002303,2025-11-13,Walmart,C00888
ORD002304,2025-08-23,TikTok Shop,C01050
ORD002305,2026-04-01,Shopify,C00636
ORD002306,2026-06-25,Amazon,C00051
ORD002307,2026-06-22,Wholesale,C00943
ORD002308,2025-08-29,Amazon,C01059
ORD002309,2026-03-20,Wholesale,C01160
ORD002310,2026-03-12,Shopify,C00292
ORD002311,2026-02-06,TikTok Shop,C00808
ORD002312,2025-12-21,TikTok Shop,C00025
ORD002313,2026-01-20,Wholesale,C00397
ORD002314,2026-03-07,Shopify,C00002
ORD002315,2026-02-25,TikTok Shop,C00989
ORD002316,2026-05-28,Shopify,C01011
ORD002317,2026-05-07,TikTok Shop,C00763
ORD002318,2026-07-07,Wholesale,C01066
ORD002319,2025-08-09,TikTok Shop,C00673
ORD002320,2026-01-15,TikTok Shop,C00219
ORD002321,2026-07-13,Shopify,C00510
ORD002322,2026-06-04,Walmart,C00819
ORD002323,2026-03-04,Shopify,C00333
ORD002324,2026-04-04,Walmart,C00316
ORD002325,2025-10-06,Amazon,C00631
ORD002326,2025-11-26,Walmart,C00439
ORD002327,2026-03-16,Wholesale,C00338
ORD002328,2026-01-25,Amazon,C00207
ORD002329,2026-02-04,Shopify,C01107
ORD002330,2025-09-21,Amazon,C00966
ORD002331,2025-08-18,TikTok Shop,C00752
ORD002332,2026-01-15,Amazon,C00080
ORD002333,2025-09-03,Walmart,C01005
ORD002334,2026-06-04,Wholesale,C01078
ORD002335,2026-07-09,Shopify,C00134
ORD002336,2026-06-15,Walmart,C00459
ORD002337,2025-12-05,Walmart,C00735
ORD002338,2026-04-28,TikTok Shop,C00432
ORD002339,2025-08-26,Shopify,C00076
ORD002340,2026-02-05,Shopify,C00221
ORD002341,2026-04-01,TikTok Shop,C00656
ORD002342,2025-09-30,Shopify,C00970
ORD002343,2025-08-09,Amazon,C00101
ORD002344,2025-10-29,Shopify,C01020
ORD002345,2026-04-25,TikTok Shop,C00865
ORD002346,2026-01-11,Amazon,C00998
ORD002347,2026-01-11,Wholesale,C01015
ORD002348,2026-02-13,Amazon,C00739
ORD002349,2026-02-13,Wholesale,C00414
ORD002350,2026-03-18,Wholesale,C00561
ORD002351,2025-09-24,Wholesale,C00935
ORD002352,2025-12-13,Amazon,C00835
ORD002353,2025-12-16,TikTok Shop,C00457
ORD002354,2026-07-16,Wholesale,C00521
ORD002355,2025-11-11,Amazon,C00455
ORD002356,2025-12-22,Amazon,C00156
ORD002357,2025-12-30,Wholesale,C00105
ORD002358,2026-05-21,Amazon,C00481
ORD002359,2025-12-03,Amazon,C00880
ORD002360,2026-04-14,Walmart,C00043
ORD002361,2026-03-14,Shopify,C00599
ORD002362,2025-08-14,TikTok Shop,C00200
ORD002363,2026-05-27,Amazon,C00007
ORD002364,2026-03-27,Shopify,C00233
ORD002365,2026-04-02,Wholesale,C00251
ORD002366,2025-12-01,Amazon,C00724
ORD002367,2025-08-19,Wholesale,C00513
ORD002368,2025-11-30,Shopify,C01070
ORD002369,2025-08-30,Walmart,C00886
ORD002370,2026-02-26,Shopify,C00344
ORD002371,2026-04-14,Wholesale,C00138
ORD002372,2025-12-22,TikTok Shop,C00408
ORD002373,2025-11-12,Shopify,C00008
ORD002374,2025-10-30,TikTok Shop,C00950
ORD002375,2026-05-02,Wholesale,C01067
ORD002376,2026-06-20,Amazon,C00067
ORD002377,2026-04-05,Amazon,C00113
ORD002378,2026-07-11,TikTok Shop,C00697
ORD002379,2026-03-16,TikTok Shop,C00615
ORD002380,2026-06-29,Shopify,C00191
ORD002381,2025-09-21,TikTok Shop,C00233
ORD002382,2025-12-01,TikTok Shop,C00254
ORD002383,2025-08-25,Wholesale,C00162
ORD002384,2026-03-08,TikTok Shop,C01127
ORD002385,2026-04-08,Amazon,C00639
ORD002386,2025-09-17,Shopify,C00141
ORD002387,2026-07-16,Amazon,C00977
ORD002388,2025-12-07,Walmart,C01110
ORD002389,2025-11-22,Wholesale,C01150
ORD002390,2026-04-05,Shopify,C00380
ORD002391,2026-04-22,Shopify,C01044
ORD002392,2026-04-08,Wholesale,C00560
ORD002393,2025-12-24,Shopify,C00796
ORD002394,2025-09-13,TikTok Shop,C00279
ORD002395,2026-03-13,TikTok Shop,C00511
ORD002396,2026-04-26,Walmart,C00392
ORD002397,2026-07-24,Shopify,C00272
ORD002398,2025-08-26,Shopify,C00447
ORD002399,2025-11-22,Amazon,C00847
ORD002400,2026-02-27,Walmart,C00296
ORD002401,2025-12-18,TikTok Shop,C00842
ORD002402,2026-03-31,Shopify,C00424
ORD002403,2026-05-28,Walmart,C00561
ORD002404,2025-11-29,Walmart,C00325
ORD002405,2026-06-05,Wholesale,C00593
ORD002406,2025-09-12,TikTok Shop,C00289
ORD002407,2026-04-11,Walmart,C01085
ORD002408,2026-04-23,TikTok Shop,C00621
ORD002409,2026-06-11,TikTok Shop,C00329
ORD002410,2026-05-07,Shopify,C00996
ORD002411,2026-04-17,TikTok Shop,C01070
ORD002412,2026-07-14,Walmart,C00042
ORD002413,2026-02-14,Shopify,C00580
ORD002414,2025-08-30,Shopify,C00041
ORD002415,2026-04-01,Amazon,C00986
ORD002416,2026-04-11,TikTok Shop,C00871
ORD002417,2026-01-05,Amazon,C00779
ORD002418,2026-02-07,Amazon,C00689
ORD002419,2025-12-12,Walmart,C00467
ORD002420,2025-08-01,Wholesale,C00281
ORD002421,2025-12-12,Shopify,C00957
ORD002422,2025-11-21,Shopify,C00453
ORD002423,2025-10-03,Amazon,C00838
ORD002424,2025-10-16,Shopify,C00192
ORD002425,2025-12-04,Wholesale,C01100
ORD002426,2026-05-18,Amazon,C01003
ORD002427,2026-01-29,Amazon,C00182
ORD002428,2025-10-07,TikTok Shop,C00731
ORD002429,2025-10-20,Wholesale,C00044
ORD002430,2025-09-16,Shopify,C00402
ORD002431,2025-09-23,TikTok Shop,C00944
ORD002432,2025-08-23,Wholesale,C00276
ORD002433,2025-11-16,TikTok Shop,C00614
ORD002434,2026-06-17,Amazon,C00351
ORD002435,2026-05-27,Amazon,C00323
ORD002436,2025-09-02,Walmart,C00223
ORD002437,2026-02-07,Walmart,C00323
ORD002438,2026-05-20,TikTok Shop,C00647
ORD002439,2026-02-19,Walmart,C00606
ORD002440,2026-06-14,Shopify,C00111
ORD002441,2026-05-07,Wholesale,C00982
ORD002442,2026-07-03,Wholesale,C00475
ORD002443,2026-02-14,Wholesale,C01114
ORD002444,2025-08-08,TikTok Shop,C01076
ORD002445,2026-04-08,Shopify,C00091
ORD002446,2025-12-02,Amazon,C01061
ORD002447,2026-06-30,Amazon,C00865
ORD002448,2026-05-18,TikTok Shop,C00062
ORD002449,2026-03-22,Amazon,C00063
ORD002450,2025-09-13,Wholesale,C00167
ORD002451,2026-03-13,Amazon,C00900
ORD002452,2025-12-18,TikTok Shop,C00777
ORD002453,2025-09-22,Wholesale,C00303
ORD002454,2025-09-26,Shopify,C00360
ORD002455,2025-10-03,Walmart,C00083
ORD002456,2026-06-12,Amazon,C00536
ORD002457,2026-04-20,TikTok Shop,C00182
ORD002458,2026-05-20,Walmart,C00774
ORD002459,2026-03-24,TikTok Shop,C00757
ORD002460,2026-06-04,Amazon,C01132
ORD002461,2026-07-10,Walmart,C01144
ORD002462,2025-09-27,Shopify,C00133
ORD002463,2026-05-01,Amazon,C00803
ORD002464,2026-01-10,TikTok Shop,C00530
ORD002465,2025-08-10,Walmart,C00385
ORD002466,2025-12-31,Shopify,C00820
ORD002467,2025-12-13,Shopify,C00043
ORD002468,2026-04-13,TikTok Shop,C01083
ORD002469,2026-04-30,Amazon,C00947
ORD002470,2025-10-25,Walmart,C00321
ORD002471,2026-01-13,Walmart,C00470
ORD002472,2026-03-19,Amazon,C00174
ORD002473,2025-11-12,TikTok Shop,C01051
ORD002474,2026-05-13,Wholesale,C01026
ORD002475,2026-05-11,TikTok Shop,C00077
ORD002476,2026-05-25,Shopify,C00428
ORD002477,2026-01-15,Amazon,C00809
ORD002478,2025-10-23,Wholesale,C00956
ORD002479,2026-02-17,Shopify,C01009
ORD002480,2025-10-25,TikTok Shop,C00463
ORD002481,2025-11-22,Amazon,C00172
ORD002482,2026-06-04,Wholesale,C00834
ORD002483,2026-05-25,Amazon,C00219
ORD002484,2026-01-23,Wholesale,C01073
ORD002485,2026-07-11,TikTok Shop,C00968
ORD002486,2026-06-14,Wholesale,C00438
ORD002487,2025-10-08,Amazon,C00638
ORD002488,2025-12-14,Shopify,C00474
ORD002489,2026-04-14,Wholesale,C00286
ORD002490,2026-03-03,Wholesale,C01036
ORD002491,2026-01-12,Walmart,C00564
ORD002492,2026-01-20,TikTok Shop,C00075
ORD002493,2026-05-19,Amazon,C00692
ORD002494,2025-11-11,Walmart,C00892
ORD002495,2026-05-23,Amazon,C00396
ORD002496,2025-12-20,TikTok Shop,C00800
ORD002497,2026-02-05,Shopify,C00934
ORD002498,2026-02-14,Amazon,C00360
ORD002499,2026-01-03,TikTok Shop,C00107
ORD002500,2025-09-25,Walmart,C00994
ORD002501,2026-06-07,Wholesale,C00541
ORD002502,2025-10-10,Wholesale,C00011
ORD002503,2026-06-01,Wholesale,C01083
ORD002504,2026-03-16,Shopify,C00479
ORD002505,2025-09-16,Amazon,C00098
ORD002506,2026-06-29,Amazon,C00928
ORD002507,2025-10-30,Wholesale,C01173
ORD002508,2025-08-14,Shopify,C01097
ORD002509,2026-03-31,Shopify,C00677
ORD002510,2026-01-27,Shopify,C00390
ORD002511,2026-06-29,TikTok Shop,C00290
ORD002512,2025-12-16,Wholesale,C00969
ORD002513,2026-02-25,Walmart,C00856
ORD002514,2026-07-22,Shopify,C00634
ORD002515,2025-09-02,Wholesale,C00036
ORD002516,2026-04-27,Shopify,C01160
ORD002517,2026-06-18,Wholesale,C00301
ORD002518,2026-02-10,Wholesale,C00775
ORD002519,2026-06-20,Wholesale,C00987
ORD002520,2025-09-11,Wholesale,C00690
ORD002521,2025-11-12,TikTok Shop,C00817
ORD002522,2025-08-26,Amazon,C00061
ORD002523,2026-05-17,Amazon,C00014
ORD002524,2025-09-25,Amazon,C00240
ORD002525,2025-11-07,Shopify,C00686
ORD002526,2026-01-15,Walmart,C01081
ORD002527,2026-07-11,Amazon,C00601
ORD002528,2026-02-09,Shopify,C01069
ORD002529,2025-09-20,Walmart,C00295
ORD002530,2026-06-12,TikTok Shop,C00554
ORD002531,2026-01-10,Walmart,C00577
ORD002532,2025-08-29,Walmart,C00844
ORD002533,2026-07-13,Walmart,C00972
ORD002534,2025-10-19,TikTok Shop,C00047
ORD002535,2026-06-07,Shopify,C00416
ORD002536,2026-01-16,TikTok Shop,C00351
ORD002537,2026-07-03,Amazon,C00957
ORD002538,2025-12-07,Amazon,C00335
ORD002539,2026-07-21,Shopify,C00865
ORD002540,2025-08-04,Shopify,C00958
ORD002541,2026-01-02,Shopify,C00447
ORD002542,2025-08-14,Wholesale,C00101
ORD002543,2025-12-25,Wholesale,C00089
ORD002544,2026-02-04,TikTok Shop,C00109
ORD002545,2025-12-17,TikTok Shop,C00209
ORD002546,2025-10-24,Walmart,C01052
ORD002547,2025-12-21,Amazon,C00331
ORD002548,2025-08-25,TikTok Shop,C01064
ORD002549,2025-12-17,Shopify,C00873
ORD002550,2025-10-20,Amazon,C01056
ORD002551,2025-08-04,Walmart,C00060
ORD002552,2025-11-25,Wholesale,C01116
ORD002553,2026-07-21,Walmart,C01017
ORD002554,2025-09-01,Amazon,C00748
ORD002555,2026-06-15,Amazon,C00351
ORD002556,2026-04-28,TikTok Shop,C00327
ORD002557,2026-04-03,Amazon,C00687
ORD002558,2025-12-02,Amazon,C01071
ORD002559,2026-05-28,Walmart,C00081
ORD002560,2025-09-19,Wholesale,C00034
ORD002561,2025-09-16,TikTok Shop,C00070
ORD002562,2025-08-08,Shopify,C00611
ORD002563,2025-11-13,Wholesale,C01040
ORD002564,2026-07-16,Shopify,C00482
ORD002565,2026-06-12,Amazon,C00926
ORD002566,2026-01-24,Walmart,C01014
ORD002567,2026-04-21,Wholesale,C01019
ORD002568,2026-06-12,Wholesale,C00652
ORD002569,2025-09-16,Amazon,C00552
ORD002570,2026-05-15,Walmart,C00680
ORD002571,2026-04-25,Wholesale,C00361
ORD002572,2026-01-23,Walmart,C00808
ORD002573,2026-01-15,Wholesale,C00603
ORD002574,2026-03-20,Wholesale,C01180
ORD002575,2025-07-27,TikTok Shop,C00830
ORD002576,2026-07-11,TikTok Shop,C00383
ORD002577,2025-08-24,Wholesale,C00352
ORD002578,2025-08-01,Wholesale,C00758
ORD002579,2025-11-01,Wholesale,C00802
ORD002580,2025-10-16,Walmart,C01145
ORD002581,2026-06-14,TikTok Shop,C00460
ORD002582,2025-09-21,Wholesale,C00246
ORD002583,2026-02-23,Shopify,C00097
ORD002584,2026-07-25,Wholesale,C00484
ORD002585,2026-05-03,Walmart,C00630
ORD002586,2026-03-18,Walmart,C00221
ORD002587,2026-02-14,Shopify,C00750
ORD002588,2026-01-05,Walmart,C00650
ORD002589,2025-09-06,Shopify,C00224
ORD002590,2026-05-22,Walmart,C00785
ORD002591,2025-11-13,Wholesale,C00270
ORD002592,2025-10-25,Shopify,C01054
ORD002593,2025-11-18,Wholesale,C00877
ORD002594,2025-09-10,Walmart,C01104
ORD002595,2025-08-12,Walmart,C00692
ORD002596,2025-10-25,TikTok Shop,C00650
ORD002597,2026-01-04,Amazon,C00877
ORD002598,2026-03-30,Amazon,C00320
ORD002599,2026-05-29,Amazon,C00485
ORD002600,2026-03-23,TikTok Shop,C00142
ORD002601,2026-01-18,TikTok Shop,C00985
ORD002602,2025-08-18,Walmart,C01138
ORD002603,2025-09-06,Walmart,C01005
ORD002604,2026-06-14,Walmart,C00920
ORD002605,2026-07-11,TikTok Shop,C01056
ORD002606,2026-02-04,Shopify,C01113
ORD002607,2026-03-13,Amazon,C00259
ORD002608,2026-02-18,Amazon,C00625
ORD002609,2025-07-31,Walmart,C00538
ORD002610,2026-03-27,TikTok Shop,C00050
ORD002611,2026-02-10,Shopify,C00717
ORD002612,2026-03-05,Wholesale,C00545
ORD002613,2025-10-26,TikTok Shop,C00292
ORD002614,2026-04-30,Amazon,C01126
ORD002615,2025-09-18,Walmart,C00360
ORD002616,2025-11-15,Shopify,C00908
ORD002617,2026-01-07,Shopify,C01181
ORD002618,2025-07-25,TikTok Shop,C01199
ORD002619,2026-03-20,Wholesale,C01128
ORD002620,2025-12-09,TikTok Shop,C00745
ORD002621,2025-10-26,Amazon,C01002
ORD002622,2026-03-03,Shopify,C00041
ORD002623,2026-01-02,Shopify,C00916
ORD002624,2025-10-05,Walmart,C00144
ORD002625,2026-04-09,Shopify,C00960
ORD002626,2026-04-10,Wholesale,C01144
ORD002627,2025-08-27,TikTok Shop,C00814
ORD002628,2026-02-13,Wholesale,C01002
ORD002629,2025-12-12,Shopify,C00485
ORD002630,2025-08-20,TikTok Shop,C00619
ORD002631,2026-02-14,Wholesale,C01176
ORD002632,2026-02-21,Shopify,C00431
ORD002633,2026-02-07,Wholesale,C00714
ORD002634,2026-05-26,Wholesale,C00395
ORD002635,2026-02-07,Amazon,C01181
ORD002636,2026-02-25,Amazon,C00236
ORD002637,2025-08-01,Shopify,C00311
ORD002638,2025-12-23,Amazon,C00943
ORD002639,2026-06-29,Wholesale,C00183
ORD002640,2026-01-23,Walmart,C00215
ORD002641,2025-08-10,Amazon,C00066
ORD002642,2026-03-28,Shopify,C00406
ORD002643,2025-12-22,TikTok Shop,C00427
ORD002644,2025-12-16,Shopify,C00578
ORD002645,2025-10-31,TikTok Shop,C00047
ORD002646,2026-05-11,Shopify,C00308
ORD002647,2025-07-31,TikTok Shop,C00717
ORD002648,2025-12-10,Shopify,C01195
ORD002649,2026-05-27,Amazon,C00291
ORD002650,2025-08-20,Wholesale,C00751
ORD002651,2025-12-05,TikTok Shop,C00154
ORD002652,2025-10-26,Amazon,C00742
ORD002653,2026-05-05,Shopify,C00126
ORD002654,2026-04-06,Walmart,C00468
ORD002655,2026-03-25,Wholesale,C00220
ORD002656,2025-09-03,Shopify,C00585
ORD002657,2026-05-20,Amazon,C00035
ORD002658,2026-03-07,TikTok Shop,C00133
ORD002659,2026-05-06,Walmart,C00354
ORD002660,2026-05-14,Amazon,C00281
ORD002661,2025-12-01,Amazon,C01137
ORD002662,2025-09-14,Amazon,C00425
ORD002663,2025-08-11,Amazon,C00921
ORD002664,2025-12-08,Walmart,C01058
ORD002665,2026-02-22,Wholesale,C00200
ORD002666,2025-12-03,Amazon,C00702
ORD002667,2026-06-05,Walmart,C00928
ORD002668,2026-03-31,Walmart,C00470
ORD002669,2025-09-30,Wholesale,C00565
ORD002670,2026-06-12,Amazon,C00403
ORD002671,2026-05-23,Shopify,C00715
ORD002672,2026-04-16,Walmart,C00061
ORD002673,2026-01-21,TikTok Shop,C00408
ORD002674,2026-04-21,Walmart,C00895
ORD002675,2026-01-26,Wholesale,C00132
ORD002676,2026-03-27,TikTok Shop,C00826
ORD002677,2025-10-03,Wholesale,C00052
ORD002678,2026-06-05,Walmart,C00995
ORD002679,2025-09-15,Wholesale,C00484
ORD002680,2025-08-18,TikTok Shop,C00511
ORD002681,2026-04-29,Wholesale,C00610
ORD002682,2026-05-22,Shopify,C00949
ORD002683,2026-01-18,Amazon,C00842
ORD002684,2025-08-08,TikTok Shop,C00101
ORD002685,2025-11-15,Shopify,C00661
ORD002686,2025-10-11,Wholesale,C01165
ORD002687,2025-08-11,Amazon,C00138
ORD002688,2026-05-28,Walmart,C00105
ORD002689,2025-10-10,Shopify,C00057
ORD002690,2026-07-04,Wholesale,C01171
ORD002691,2025-08-10,Amazon,C01101
ORD002692,2025-11-24,TikTok Shop,C00623
ORD002693,2026-07-22,Wholesale,C00902
ORD002694,2025-11-22,TikTok Shop,C01107
ORD002695,2026-02-10,TikTok Shop,C00970
ORD002696,2025-12-26,TikTok Shop,C00826
ORD002697,2026-06-06,Wholesale,C01024
ORD002698,2026-02-20,Walmart,C00804
ORD002699,2026-01-24,Shopify,C00242
ORD002700,2025-10-31,Walmart,C00091
ORD002701,2025-08-08,TikTok Shop,C01133
ORD002702,2026-05-13,Wholesale,C00816
ORD002703,2026-04-02,Wholesale,C00864
ORD002704,2025-10-07,Amazon,C00545
ORD002705,2025-11-13,Walmart,C00024
ORD002706,2025-12-10,Amazon,C00791
ORD002707,2026-06-24,Wholesale,C00498
ORD002708,2026-05-24,TikTok Shop,C01095
ORD002709,2025-08-12,Walmart,C00282
ORD002710,2026-06-26,Wholesale,C01180
ORD002711,2026-04-05,Wholesale,C00130
ORD002712,2025-11-30,Shopify,C00232
ORD002713,2025-11-08,Amazon,C00477
ORD002714,2025-09-11,Amazon,C00700
ORD002715,2026-05-31,TikTok Shop,C00658
ORD002716,2025-12-14,TikTok Shop,C00571
ORD002717,2026-01-10,Wholesale,C00200
ORD002718,2026-07-05,TikTok Shop,C00058
ORD002719,2025-12-27,Wholesale,C00260
ORD002720,2026-05-09,Wholesale,C00298
ORD002721,2026-01-11,Walmart,C00555
ORD002722,2026-07-07,Wholesale,C00379
ORD002723,2025-12-22,Wholesale,C01103
ORD002724,2025-12-03,Wholesale,C00640
ORD002725,2025-10-05,Amazon,C00255
ORD002726,2026-02-02,Walmart,C00092
ORD002727,2026-04-19,Walmart,C00127
ORD002728,2026-02-03,Shopify,C00863
ORD002729,2025-12-14,Wholesale,C01187
ORD002730,2026-07-18,Walmart,C00995
ORD002731,2026-05-30,Wholesale,C01173
ORD002732,2026-02-11,Shopify,C00097
ORD002733,2025-11-05,Walmart,C01019
ORD002734,2026-06-01,Shopify,C00030
ORD002735,2025-08-26,Walmart,C00697
ORD002736,2026-05-03,Wholesale,C00060
ORD002737,2026-01-05,Walmart,C00781
ORD002738,2025-08-24,TikTok Shop,C00593
ORD002739,2026-01-08,TikTok Shop,C00711
ORD002740,2026-03-15,Walmart,C00329
ORD002741,2026-06-09,Shopify,C00603
ORD002742,2025-10-03,Walmart,C00971
ORD002743,2026-02-21,Walmart,C00057
ORD002744,2025-11-16,TikTok Shop,C00205
ORD002745,2025-11-26,Wholesale,C01059
ORD002746,2025-09-02,Wholesale,C01058
ORD002747,2025-08-25,Shopify,C00163
ORD002748,2025-11-29,Walmart,C00028
ORD002749,2026-04-07,Shopify,C00871
ORD002750,2025-11-16,Shopify,C00110
ORD002751,2025-11-21,Shopify,C00981
ORD002752,2026-01-14,Wholesale,C00099
ORD002753,2026-03-16,TikTok Shop,C01053
ORD002754,2026-04-29,Amazon,C01142
ORD002755,2026-01-06,Amazon,C00880
ORD002756,2025-09-27,TikTok Shop,C00299
ORD002757,2026-04-18,Shopify,C00397
ORD002758,2026-01-13,Wholesale,C01007
ORD002759,2025-12-08,Shopify,C00602
ORD002760,2026-01-14,Shopify,C00150
ORD002761,2025-08-10,Amazon,C00793
ORD002762,2026-05-03,TikTok Shop,C00399
ORD002763,2026-06-27,TikTok Shop,C01117
ORD002764,2026-07-14,TikTok Shop,C00025
ORD002765,2025-12-08,Walmart,C00903
ORD002766,2026-03-20,Walmart,C00708
ORD002767,2026-01-09,TikTok Shop,C00737
ORD002768,2025-11-08,Wholesale,C00741
ORD002769,2026-03-30,Amazon,C00657
ORD002770,2026-05-28,Shopify,C01100
ORD002771,2025-08-16,Wholesale,C01164
ORD002772,2025-08-23,Walmart,C01186
ORD002773,2026-04-11,TikTok Shop,C00772
ORD002774,2026-03-29,Wholesale,C01107
ORD002775,2025-12-29,Wholesale,C00464
ORD002776,2025-12-13,Shopify,C00231
ORD002777,2026-02-09,Shopify,C01059
ORD002778,2026-06-01,Amazon,C00031
ORD002779,2026-05-12,Amazon,C00034
ORD002780,2026-04-14,Walmart,C00889
ORD002781,2025-09-25,Walmart,C00250
ORD002782,2025-08-06,TikTok Shop,C00388
ORD002783,2025-09-18,Shopify,C01133
ORD002784,2026-06-19,Walmart,C00566
ORD002785,2026-03-17,TikTok Shop,C00837
ORD002786,2026-04-14,Walmart,C00828
ORD002787,2026-05-24,TikTok Shop,C00675
ORD002788,2026-01-11,Amazon,C00893
ORD002789,2025-08-07,Amazon,C00027
ORD002790,2025-09-12,TikTok Shop,C00004
ORD002791,2025-08-20,Wholesale,C00551
ORD002792,2025-10-24,Walmart,C00860
ORD002793,2026-05-23,Shopify,C00796
ORD002794,2026-04-01,Wholesale,C01138
ORD002795,2025-12-14,TikTok Shop,C00063
ORD002796,2025-12-12,Walmart,C00159
ORD002797,2025-12-20,Amazon,C00272
ORD002798,2026-03-02,Walmart,C00031
ORD002799,2025-08-06,Shopify,C00150
ORD002800,2026-03-16,Amazon,C00944
ORD002801,2025-09-22,Walmart,C00608
ORD002802,2026-04-14,Wholesale,C01130
ORD002803,2026-01-15,Wholesale,C00825
ORD002804,2025-12-16,Shopify,C00334
ORD002805,2025-12-16,TikTok Shop,C01050
ORD002806,2026-01-13,Shopify,C00216
ORD002807,2026-05-17,Walmart,C01036
ORD002808,2025-08-23,Shopify,C00752
ORD002809,2026-03-04,Walmart,C00450
ORD002810,2025-09-16,Shopify,C00279
ORD002811,2026-02-15,Wholesale,C00672
ORD002812,2025-12-14,Shopify,C00537
ORD002813,2025-12-26,Walmart,C01111
ORD002814,2025-11-24,TikTok Shop,C01152
ORD002815,2026-04-03,Walmart,C00224
ORD002816,2025-11-10,TikTok Shop,C00466
ORD002817,2025-10-29,Amazon,C00947
ORD002818,2025-09-07,Amazon,C00010
ORD002819,2025-08-04,Wholesale,C00671
ORD002820,2026-05-06,Walmart,C00706
ORD002821,2025-10-05,TikTok Shop,C00968
ORD002822,2026-02-03,Wholesale,C01055
ORD002823,2026-02-11,TikTok Shop,C01103
ORD002824,2025-12-22,Amazon,C00529
ORD002825,2026-07-14,Shopify,C00376
ORD002826,2026-02-28,Shopify,C00738
ORD002827,2025-09-08,Walmart,C01086
ORD002828,2025-11-03,Wholesale,C00892
ORD002829,2026-05-21,Shopify,C01123
ORD002830,2025-11-03,Wholesale,C01031
ORD002831,2026-04-24,Shopify,C00652
ORD002832,2026-01-14,Walmart,C00283
ORD002833,2025-10-16,TikTok Shop,C00103
ORD002834,2026-03-19,TikTok Shop,C00164
ORD002835,2025-11-12,Amazon,C00070
ORD002836,2026-04-20,Amazon,C00209
ORD002837,2026-07-15,Amazon,C00948
ORD002838,2026-01-31,TikTok Shop,C00912
ORD002839,2025-10-10,Wholesale,C00760
ORD002840,2025-09-10,Amazon,C00363
ORD002841,2025-09-15,Shopify,C00897
ORD002842,2026-06-21,Shopify,C00856
ORD002843,2025-08-22,Shopify,C00711
ORD002844,2026-01-16,TikTok Shop,C00090
ORD002845,2025-09-30,Walmart,C01128
ORD002846,2026-07-09,Amazon,C00473
ORD002847,2026-04-28,TikTok Shop,C00025
ORD002848,2026-01-13,Amazon,C00569
ORD002849,2025-08-28,Amazon,C01038
ORD002850,2026-06-04,Shopify,C00690
ORD002851,2026-04-15,TikTok Shop,C01162
ORD002852,2026-06-18,Amazon,C00069
ORD002853,2025-11-26,Wholesale,C01183
ORD002854,2026-04-10,Wholesale,C00878
ORD002855,2025-12-06,TikTok Shop,C00091
ORD002856,2026-04-26,Shopify,C01168
ORD002857,2025-08-19,Amazon,C00805
ORD002858,2026-02-23,TikTok Shop,C00017
ORD002859,2026-02-20,Amazon,C00150
ORD002860,2025-11-14,Shopify,C00802
ORD002861,2026-07-06,Walmart,C01101
ORD002862,2025-11-18,Shopify,C00454
ORD002863,2026-06-20,Amazon,C01171
ORD002864,2025-09-24,TikTok Shop,C00501
ORD002865,2026-04-27,Wholesale,C00519
ORD002866,2026-04-26,Amazon,C00182
ORD002867,2026-07-20,Wholesale,C00014
ORD002868,2026-04-22,TikTok Shop,C01159
ORD002869,2026-03-29,Wholesale,C00868
ORD002870,2025-09-30,Shopify,C00859
ORD002871,2026-05-29,Wholesale,C00383
ORD002872,2025-12-12,Walmart,C00051
ORD002873,2026-02-07,TikTok Shop,C00332
ORD002874,2025-10-20,Shopify,C00388
ORD002875,2025-09-10,Amazon,C00723
ORD002876,2025-10-11,Walmart,C00218
ORD002877,2026-05-28,Shopify,C01097
ORD002878,2025-09-16,Wholesale,C00950
ORD002879,2025-10-24,Amazon,C00696
ORD002880,2026-05-27,Amazon,C01122
ORD002881,2026-02-01,Shopify,C01043
ORD002882,2025-08-04,Wholesale,C00283
ORD002883,2025-12-12,Amazon,C00111
ORD002884,2026-02-25,Wholesale,C00604
ORD002885,2026-03-04,Amazon,C00569
ORD002886,2025-12-15,Wholesale,C00225
ORD002887,2026-01-22,Wholesale,C00402
ORD002888,2026-06-02,Amazon,C00568
ORD002889,2026-02-24,TikTok Shop,C00261
ORD002890,2025-09-13,Wholesale,C00192
ORD002891,2026-03-19,Walmart,C00404
ORD002892,2026-07-03,Wholesale,C00473
ORD002893,2025-08-27,Wholesale,C00197
ORD002894,2025-08-19,Wholesale,C00184
ORD002895,2025-11-22,Wholesale,C00084
ORD002896,2025-12-26,Amazon,C00060
ORD002897,2026-04-29,Walmart,C00333
ORD002898,2026-04-30,Shopify,C00243
ORD002899,2026-01-26,TikTok Shop,C00832
ORD002900,2026-02-14,Shopify,C00807
ORD002901,2025-12-31,TikTok Shop,C00741
ORD002902,2026-05-19,TikTok Shop,C00616
ORD002903,2025-12-31,Wholesale,C00387
ORD002904,2026-06-09,Shopify,C00930
ORD002905,2026-03-05,Walmart,C00276
ORD002906,2025-08-22,TikTok Shop,C00444
ORD002907,2025-09-11,TikTok Shop,C00310
ORD002908,2025-11-25,Wholesale,C01010
ORD002909,2026-03-31,TikTok Shop,C00174
ORD002910,2025-08-22,Shopify,C00275
ORD002911,2026-01-15,Wholesale,C00484
ORD002912,2026-01-21,Shopify,C00072
ORD002913,2026-04-15,Walmart,C00058
ORD002914,2026-02-10,Wholesale,C00551
ORD002915,2025-12-05,TikTok Shop,C00409
ORD002916,2025-09-12,TikTok Shop,C00805
ORD002917,2026-06-30,Shopify,C00575
ORD002918,2026-06-11,TikTok Shop,C00585
ORD002919,2026-05-24,Wholesale,C00628
ORD002920,2026-02-24,TikTok Shop,C00761
ORD002921,2026-03-30,Shopify,C00028
ORD002922,2026-03-10,Wholesale,C00244
ORD002923,2025-10-03,Amazon,C00543
ORD002924,2026-05-19,TikTok Shop,C00649
ORD002925,2025-09-13,Shopify,C00938
ORD002926,2026-01-09,Amazon,C01094
ORD002927,2026-02-05,Amazon,C00163
ORD002928,2026-07-13,TikTok Shop,C00321
ORD002929,2026-06-27,Shopify,C00887
ORD002930,2025-08-15,Walmart,C00398
ORD002931,2026-06-12,Shopify,C00911
ORD002932,2025-09-11,Walmart,C00664
ORD002933,2026-02-11,Amazon,C00571
ORD002934,2025-09-22,Shopify,C00900
ORD002935,2025-11-20,Amazon,C00052
ORD002936,2025-09-26,Shopify,C00135
ORD002937,2025-09-25,Amazon,C00872
ORD002938,2025-11-27,Shopify,C01175
ORD002939,2026-07-23,Amazon,C00407
ORD002940,2026-04-26,Wholesale,C00709
ORD002941,2025-10-20,Wholesale,C00382
ORD002942,2025-12-06,Shopify,C00481
ORD002943,2026-07-25,Walmart,C00465
ORD002944,2026-02-11,TikTok Shop,C00971
ORD002945,2026-07-07,Walmart,C00179
ORD002946,2025-11-12,Wholesale,C00941
ORD002947,2026-06-18,Walmart,C01020
ORD002948,2025-08-24,Shopify,C00781
ORD002949,2025-10-30,Walmart,C00256
ORD002950,2025-10-09,TikTok Shop,C01134
ORD002951,2026-03-28,Amazon,C01010
ORD002952,2026-02-23,Shopify,C00665
ORD002953,2025-11-08,Shopify,C00313
ORD002954,2025-09-11,Amazon,C00599
ORD002955,2026-03-24,Shopify,C00366
ORD002956,2025-11-19,Shopify,C00762
ORD002957,2026-03-20,Amazon,C01089
ORD002958,2026-02-17,Walmart,C00565
ORD002959,2025-08-30,Walmart,C00646
ORD002960,2026-02-05,Amazon,C01151
ORD002961,2026-03-30,Walmart,C00358
ORD002962,2025-09-28,Wholesale,C00970
ORD002963,2026-03-11,Amazon,C00741
ORD002964,2026-07-25,TikTok Shop,C00178
ORD002965,2026-03-07,TikTok Shop,C00878
ORD002966,2025-09-22,Wholesale,C00434
ORD002967,2025-09-29,Amazon,C00978
ORD002968,2026-04-06,TikTok Shop,C00346
ORD002969,2026-03-24,Amazon,C00279
ORD002970,2026-04-30,Walmart,C00827
ORD002971,2026-07-10,Wholesale,C01072
ORD002972,2026-03-17,Walmart,C00991
ORD002973,2025-12-03,Shopify,C00897
ORD002974,2026-06-17,Wholesale,C00861
ORD002975,2026-07-18,Shopify,C00237
ORD002976,2026-02-28,Wholesale,C01185
ORD002977,2025-08-09,Shopify,C00248
ORD002978,2026-06-10,TikTok Shop,C00580
ORD002979,2026-06-25,Shopify,C00862
ORD002980,2025-08-05,Walmart,C00822
ORD002981,2025-08-25,TikTok Shop,C00183
ORD002982,2025-08-11,Amazon,C00527
ORD002983,2026-03-31,TikTok Shop,C00645
ORD002984,2026-05-20,TikTok Shop,C01158
ORD002985,2026-03-05,Amazon,C00226
ORD002986,2025-11-04,Shopify,C00102
ORD002987,2026-04-03,Amazon,C00331
ORD002988,2025-10-14,Shopify,C00161
ORD002989,2026-05-18,Wholesale,C00806
ORD002990,2026-03-04,TikTok Shop,C00677
ORD002991,2026-01-02,Amazon,C00626
ORD002992,2026-03-22,TikTok Shop,C00565
ORD002993,2026-03-30,Amazon,C01077
ORD002994,2025-08-05,Wholesale,C00861
ORD002995,2026-02-03,Shopify,C01179
ORD002996,2026-07-05,Amazon,C01170
ORD002997,2026-03-25,Walmart,C00089
ORD002998,2026-02-21,Shopify,C00588
ORD002999,2025-11-14,Shopify,C00077
